任务	"Armor"	quest.Adept Thaumaturgy	line_Adept Thaumaturgy.txt	286
任务	"Baked" Potatoes	quest.And So, It Begins	line_And So, It Begins.txt	442
任务	"Nice to Have" Armor	quest....Without Dying	line_...Without Dying.txt	688
任务	"Oh, Magic" Armor	quest....Without Dying	line_...Without Dying.txt	1839
任务	"Oh, Magic" Armor II	quest....Without Dying	line_...Without Dying.txt	2057
任务	"Oh, Magic" Armor III	quest....Without Dying	line_...Without Dying.txt	2058
任务	"Ooo, Shiny" Armor	quest....Without Dying	line_...Without Dying.txt	689
任务	"Semi-Stable" doing a lot of work in here	quest.How to Generate Power	line_How to Generate Power.txt	-5840241591017037228
任务	"Stores 50 Vis" Wand	quest.Novice Thaumaturgy	line_Novice Thaumaturgy.txt	237
任务	'Easy' Teleportation	quest.Getting Around...	line_Getting Around....txt	2461
任务	(Almost) Automated Essentia	quest.Adept Thaumaturgy	line_Adept Thaumaturgy.txt	298
任务	...Cauldron Bubble	quest.Look to the Edges	line_Look to the Edges.txt	334
任务	...What You Sow	quest.And So, It Begins	line_And So, It Begins.txt	7
任务	...With The Power of Science!	quest.Mass Processing	line_Mass Processing.txt	-7992749153415472519
任务	...or are they?	quest.Adept Thaumaturgy	line_Adept Thaumaturgy.txt	-8023933740364275001
任务	...with Fluid Support!	quest.Applied Energistics	line_Applied Energistics.txt	-4762456525753574104
任务	1,1-Dimethylhydrazine	quest.Space Race	line_Space Race.txt	856
任务	1024k Component	quest.Applied Energistics	line_Applied Energistics.txt	2465
任务	1024k Crafting Storage	quest.Applied Energistics	line_Applied Energistics.txt	2473
任务	1024k Essentia Component	quest.Applied Energistics	line_Applied Energistics.txt	-5461816394932849813
任务	1024k Essentia Storage Cell	quest.Applied Energistics	line_Applied Energistics.txt	-6699349212107946035
任务	1024k Fluid Component	quest.Applied Energistics	line_Applied Energistics.txt	2490
任务	1024k Fluid Storage Cell	quest.Applied Energistics	line_Applied Energistics.txt	2493
任务	1024k Item Storage Cell	quest.Applied Energistics	line_Applied Energistics.txt	2469
任务	16 Slot LV Battery Buffer	quest.Storing and Transforming EU	line_Storing and Transforming EU.txt	664
任务	16384k Component	quest.Applied Energistics	line_Applied Energistics.txt	2467
任务	16384k Crafting Storage	quest.Applied Energistics	line_Applied Energistics.txt	2475
任务	16384k Essentia Component	quest.Applied Energistics	line_Applied Energistics.txt	-4696434011398522032
任务	16384k Essentia Storage Cell	quest.Applied Energistics	line_Applied Energistics.txt	-9071312821552184337
任务	16384k Fluid Component	quest.Applied Energistics	line_Applied Energistics.txt	-8598630939261560940
任务	16384k Fluid Storage Cell	quest.Applied Energistics	line_Applied Energistics.txt	-5536293655471471866
任务	16384k Item Storage Cell	quest.Applied Energistics	line_Applied Energistics.txt	2471
任务	16k Component	quest.Applied Energistics	line_Applied Energistics.txt	1253
任务	16k Crafting Storage	quest.Applied Energistics	line_Applied Energistics.txt	1254
任务	16k Essentia Component	quest.Applied Energistics	line_Applied Energistics.txt	2499
任务	16k Essentia Storage Cell	quest.Applied Energistics	line_Applied Energistics.txt	2503
任务	16k Fluid Component	quest.Applied Energistics	line_Applied Energistics.txt	2480
任务	16k Fluid Storage Cell	quest.Applied Energistics	line_Applied Energistics.txt	2484
任务	16k Item Storage Cell	quest.Applied Energistics	line_Applied Energistics.txt	180
任务	1k Component	quest.Applied Energistics	line_Applied Energistics.txt	1314
任务	1k Crafting Storage	quest.Applied Energistics	line_Applied Energistics.txt	1315
任务	1k Essentia Component	quest.Applied Energistics	line_Applied Energistics.txt	2497
任务	1k Essentia Storage Cell	quest.Applied Energistics	line_Applied Energistics.txt	2501
任务	1k Fluid Component	quest.Applied Energistics	line_Applied Energistics.txt	2478
任务	1k Fluid Storage Cell	quest.Applied Energistics	line_Applied Energistics.txt	2482
任务	1k Item Storage Cell	quest.Applied Energistics	line_Applied Energistics.txt	1313
任务	2-Ethylanthrahydroquinone	quest.Space Race	line_Space Race.txt	2690
任务	2-Ethylanthraquinone	quest.Space Race	line_Space Race.txt	2691
任务	2-Nitrochlorobenzene	quest.Tier 5 - IV	line_Tier 5 - IV.txt	1693
任务	256k Component	quest.Applied Energistics	line_Applied Energistics.txt	2464
任务	256k Crafting Storage	quest.Applied Energistics	line_Applied Energistics.txt	2472
任务	256k Essentia Component	quest.Applied Energistics	line_Applied Energistics.txt	-4728780650118080217
任务	256k Essentia Storage Cell	quest.Applied Energistics	line_Applied Energistics.txt	-7584910742716174902
任务	256k Fluid Component	quest.Applied Energistics	line_Applied Energistics.txt	2489
任务	256k Fluid Storage Cell	quest.Applied Energistics	line_Applied Energistics.txt	2492
任务	256k Item Storage Cell	quest.Applied Energistics	line_Applied Energistics.txt	2468
任务	2x Steel	quest.Multiblock Goals	line_Multiblock Goals.txt	697
任务	3 Plus 4, Carry the 2...	quest.Novice Thaumaturgy	line_Novice Thaumaturgy.txt	1912
任务	3,3 Diaminobenzidine	quest.Tier 5 - IV	line_Tier 5 - IV.txt	1695
任务	3,3 Dichlorobenzidine	quest.Tier 5 - IV	line_Tier 5 - IV.txt	1694
任务	4096k Component	quest.Applied Energistics	line_Applied Energistics.txt	2466
任务	4096k Crafting Storage	quest.Applied Energistics	line_Applied Energistics.txt	2474
任务	4096k Essentia Component	quest.Applied Energistics	line_Applied Energistics.txt	-7214976492058174101
任务	4096k Essentia Storage Cell	quest.Applied Energistics	line_Applied Energistics.txt	-6004958964934582288
任务	4096k Fluid Component	quest.Applied Energistics	line_Applied Energistics.txt	2491
任务	4096k Fluid Storage Cell	quest.Applied Energistics	line_Applied Energistics.txt	2494
任务	4096k Item Storage Cell	quest.Applied Energistics	line_Applied Energistics.txt	2470
任务	4k Component	quest.Applied Energistics	line_Applied Energistics.txt	1317
任务	4k Crafting Storage	quest.Applied Energistics	line_Applied Energistics.txt	1318
任务	4k Essentia Component	quest.Applied Energistics	line_Applied Energistics.txt	2498
任务	4k Essentia Storage Cell	quest.Applied Energistics	line_Applied Energistics.txt	2502
任务	4k Fluid Component	quest.Applied Energistics	line_Applied Energistics.txt	2479
任务	4k Fluid Storage Cell	quest.Applied Energistics	line_Applied Energistics.txt	2483
任务	4k Item Storage Cell	quest.Applied Energistics	line_Applied Energistics.txt	1316
任务	4x Steel	quest.Multiblock Goals	line_Multiblock Goals.txt	698
任务	64k Component	quest.Applied Energistics	line_Applied Energistics.txt	1256
任务	64k Crafting Storage	quest.Applied Energistics	line_Applied Energistics.txt	1257
任务	64k Essentia Component	quest.Applied Energistics	line_Applied Energistics.txt	2500
任务	64k Essentia Storage Cell	quest.Applied Energistics	line_Applied Energistics.txt	2504
任务	64k Fluid Component	quest.Applied Energistics	line_Applied Energistics.txt	2481
任务	64k Fluid Storage Cell	quest.Applied Energistics	line_Applied Energistics.txt	2485
任务	64k Item Storage Cell	quest.Applied Energistics	line_Applied Energistics.txt	1255
任务	80 New Colors to Play With	quest.Building Better Bases	line_Building Better Bases.txt	1958
任务	A "Greater" Wand	quest.Novice Thaumaturgy	line_Novice Thaumaturgy.txt	234
任务	A Backpack for Bees	quest.How to Be(e)	line_How to Be(e).txt	2745
任务	A Bag for Butterflies, yawn	quest.How to Be(e)	line_How to Be(e).txt	2747
任务	A Battlemage's Best Friend	quest.Focus on Wand Foci & EMT	line_Focus on Wand Foci & EMT.txt	1399
任务	A Beginner's Guide to Particle Physics	quest.Multiblock Goals	line_Multiblock Goals.txt	-8602150355407157686
任务	A Better Coolant for Your Superconductors	quest.Tier 11 - UIV	line_Tier 11 - UIV.txt	-7880130124221230423
任务	A Better Crafting Table	quest.Tier 0 - Stone Age	line_Tier 0 - Stone Age.txt	1508
任务	A Better Fluid Pipe	quest.Novice Thaumaturgy	line_Novice Thaumaturgy.txt	2046
任务	A Better Furnace!	quest.Tier 0 - Stone Age	line_Tier 0 - Stone Age.txt	-4916213553338882423
任务	A Better Lunch Bag	quest.Tier 0 - Stone Age	line_Tier 0 - Stone Age.txt	489
任务	A Better Rocket Fuel	quest.Space Race	line_Space Race.txt	-6913291740074859566
任务	A Better Way To Generate Oxygen	quest.Space Race	line_Space Race.txt	-8825008741784511339
任务	A Better Way to Find Items	quest.Tier 0.5 - Steam	line_Tier 0.5 - Steam.txt	2026
任务	A Big Ugly Snake	quest.Kill All the Things	line_Kill All the Things.txt	902
任务	A Blast to the Past	quest.Tier 9 - UHV	line_Tier 9 - UHV.txt	-6184321923537677060
任务	A Bloodmage's Sword	quest.Paying the Highest Price	line_Paying the Highest Price.txt	432
任务	A Botanist's Best Friend	quest.Flower Power	line_Flower Power.txt	3258
任务	A Casing	quest.Tier 7 - ZPM	line_Tier 7 - ZPM.txt	377
任务	A Chest for Bees	quest.How to Be(e)	line_How to Be(e).txt	1111
任务	A Chest for...Butterflies? Really?	quest.How to Be(e)	line_How to Be(e).txt	2746
任务	A Clear View	quest.Tier 0.5 - Steam	line_Tier 0.5 - Steam.txt	52
任务	A Dark Path to Travel Down...	quest.Look to the Edges	line_Look to the Edges.txt	1651
任务	A Deal With Alfar Industries	quest.Flower Power	line_Flower Power.txt	3232
任务	A Digital Singularity	quest.Applied Energistics	line_Applied Energistics.txt	468
任务	A Diode, But For Condensate	quest.Tier 11 - UIV	line_Tier 11 - UIV.txt	-6646732400330274064
任务	A Few More Things...	quest.Tier 7 - ZPM	line_Tier 7 - ZPM.txt	385
任务	A Fisherman's Friend	quest.Feeding Yourself	line_Feeding Yourself.txt	632
任务	A Fool Fit for a King	quest.Tier 0.5 - Steam	line_Tier 0.5 - Steam.txt	2140
任务	A Fork in The Road	quest.Tier 11 - UIV	line_Tier 11 - UIV.txt	-6770209432224401378
任务	A Glimpse Into A Watery Future	quest.Flower Power	line_Flower Power.txt	3227
任务	A Green Revolution	quest.extra_MultipleQuestLine	line_extra_MultipleQuestLine.txt	718
任务	A Knightly Snack	quest.The Green Revolution	line_The Green Revolution.txt	-8102572719313281434
任务	A Lead About Lead That Leads to Lead	quest.Tier 1 - LV	line_Tier 1 - LV.txt	608
任务	A Little Bit of Sifting	quest.Tier 5 - IV	line_Tier 5 - IV.txt	3055
任务	A Little More Sigma (Squared)	quest.Multiblock Goals	line_Multiblock Goals.txt	-8611731264735512226
任务	A Magical Box	quest.Adept Thaumaturgy	line_Adept Thaumaturgy.txt	2020
任务	A Magical Lunchbox?	quest.Feeding Yourself	line_Feeding Yourself.txt	-8255771698725672534
任务	A Magical Tank	quest.Adept Thaumaturgy	line_Adept Thaumaturgy.txt	2021
任务	A Minor Roadblock	quest.Endgame Goals	line_Endgame Goals.txt	-4808900285548959726
任务	A Modern Technology	quest.Building Better Bases	line_Building Better Bases.txt	-8955940478007720167
任务	A More Powerful "Scale"	quest.Novice Thaumaturgy	line_Novice Thaumaturgy.txt	236
任务	A New Alloy - Cobalt Brass	quest.Tier 1 - LV	line_Tier 1 - LV.txt	541
任务	A New Alloy - Magnalium	quest.Tier 1 - LV	line_Tier 1 - LV.txt	1149
任务	A New Alloy, Soularium	quest.Tier 2 - MV	line_Tier 2 - MV.txt	166
任务	A New Home	quest.How to Be(e)	line_How to Be(e).txt	502
任务	A New Way to "Farm" Resources	quest.Novice Thaumaturgy	line_Novice Thaumaturgy.txt	302
任务	A Not So Useful Scanner...	quest.Multiblock Goals	line_Multiblock Goals.txt	-5594786792833372990
任务	A Pechuliar Merchant	quest.Novice Thaumaturgy	line_Novice Thaumaturgy.txt	-6442987415315414167
任务	A Portable Barrel?	quest.extra_MultipleQuestLine	line_extra_MultipleQuestLine.txt	-7429140403958989457
任务	A Problem that Matters	quest.Tier 7 - ZPM	line_Tier 7 - ZPM.txt	380
任务	A Proposal?!	quest.The Green Revolution	line_The Green Revolution.txt	1800
任务	A Quicker Way to Get Around	quest.extra_MultipleQuestLine	line_extra_MultipleQuestLine.txt	1926
任务	A Quite Different Storage	quest.extra_MultipleQuestLine	line_extra_MultipleQuestLine.txt	119
任务	A Rather Cruel Disposal	quest.How to Be(e)	line_How to Be(e).txt	516
任务	A Reward	quest.Space Race	line_Space Race.txt	214
任务	A Second Reactor?	quest.Powerful Nuclear Physics	line_Powerful Nuclear Physics.txt	3207
任务	A Second Ring has Hit the Godforge	quest.Tier 12 - UMV	line_Tier 12 - UMV.txt	-4764888386348873901
任务	A Series of Tubes	quest.Forestry and Multifarms	line_Forestry and Multifarms.txt	581
任务	A Sift, a Sift! My Kingdom for a Sift!	quest.Tier 5 - IV	line_Tier 5 - IV.txt	3065
任务	A Silverwood Wand at Last	quest.Adept Thaumaturgy	line_Adept Thaumaturgy.txt	263
任务	A Simple Cart	quest.Basic Automation	line_Basic Automation.txt	111
任务	A Small Reward: The Infinite Spray Can	quest.Tier 5 - IV	line_Tier 5 - IV.txt	-8746080893915019949
任务	A Solder Singularity	quest.Tier 12 - UMV	line_Tier 12 - UMV.txt	-8702313707335552401
任务	A Soul Vessel	quest.Tier 2 - MV	line_Tier 2 - MV.txt	168
任务	A Soul-ution For Warp	quest.Adept Thaumaturgy	line_Adept Thaumaturgy.txt	1875
任务	A Steam-Powered Whirl!	quest.Mass Processing	line_Mass Processing.txt	-8361079222456284577
任务	A Stim a Day Keeps the Doctor Awake	quest.How to Be(e)	line_How to Be(e).txt	2093
任务	A Summary of Crossbreeding	quest.The Green Revolution	line_The Green Revolution.txt	-4631197653832881856
任务	A T0 Rocket? What?	quest.Space Race	line_Space Race.txt	-7352238207613032698
任务	A Table to Work On	quest.Novice Thaumaturgy	line_Novice Thaumaturgy.txt	227
任务	A Taste of Their Own Medicine	quest.Focus on Wand Foci & EMT	line_Focus on Wand Foci & EMT.txt	1396
任务	A Toolbox For All Your Tools	quest.extra_MultipleQuestLine	line_extra_MultipleQuestLine.txt	-8520066877283414062
任务	A Travel Companion	quest.Adept Thaumaturgy	line_Adept Thaumaturgy.txt	2267
任务	A Truly Sharp Saw Blade	quest.Tier 1 - LV	line_Tier 1 - LV.txt	540
任务	A Universe In Your Drives	quest.Endgame Goals	line_Endgame Goals.txt	-7609661066826096144
任务	A Very Important Alloy	quest.Tier 0.5 - Steam	line_Tier 0.5 - Steam.txt	48
任务	A Very Useful Scanner	quest.Multiblock Goals	line_Multiblock Goals.txt	941
任务	A Vision of the Future (FPS Drop Not Included)	quest.Tier 7 - ZPM	line_Tier 7 - ZPM.txt	2634
任务	A Volcano For Your Base.	quest.Mass Processing	line_Mass Processing.txt	389
任务	A Wizard's Staff Has a Knob on the End	quest.Adept Thaumaturgy	line_Adept Thaumaturgy.txt	887
任务	A true blood-mage	quest.Paying the Highest Price	line_Paying the Highest Price.txt	437
任务	AE Essentia Storage	quest.Applied Energistics	line_Applied Energistics.txt	2495
任务	AE Spatial Storage	quest.Applied Energistics	line_Applied Energistics.txt	2506
任务	AE Spatial Storage	quest.Applied Energistics	line_Applied Energistics.txt	2505
任务	AE Spatial Storage	quest.Applied Energistics	line_Applied Energistics.txt	2507
任务	AE Spatial Storage	quest.Applied Energistics	line_Applied Energistics.txt	2508
任务	AE Spatial Storage	quest.Applied Energistics	line_Applied Energistics.txt	2510
任务	AE Spatial Storage	quest.Applied Energistics	line_Applied Energistics.txt	2509
任务	AE Spatial Storage	quest.Applied Energistics	line_Applied Energistics.txt	2511
任务	AE Tier 1 Fluid Storage	quest.Applied Energistics	line_Applied Energistics.txt	2477
任务	AE Tier 1 Item Storage	quest.Applied Energistics	line_Applied Energistics.txt	1311
任务	AE Tier 2 Fluid Storage	quest.Applied Energistics	line_Applied Energistics.txt	-4667288543375339252
任务	AE Tier 2 Item Storage	quest.Applied Energistics	line_Applied Energistics.txt	1319
任务	AE Tier 3 Item Storage	quest.Applied Energistics	line_Applied Energistics.txt	2463
任务	AE Tier 4 Item Storage	quest.Applied Energistics	line_Applied Energistics.txt	2476
任务	AMERICA!!!!!!!!!	quest.How to Generate Power	line_How to Generate Power.txt	-5802810217373252190
任务	ASoC - Advanced System on a Chip	quest.Tier 5 - IV	line_Tier 5 - IV.txt	1685
任务	Abandoned	quest.Be(e) Breeding	line_Be(e) Breeding.txt	2245
任务	Absolute Purity	quest.extra_MultipleQuestLine	line_extra_MultipleQuestLine.txt	-6269476597080921136
任务	Absorbing Magic Energy to Produce EU EV	quest.How to Generate Power	line_How to Generate Power.txt	2825
任务	Absorbing Magic Energy to Produce EU HV	quest.How to Generate Power	line_How to Generate Power.txt	2822
任务	Absorbing Magic Energy to Produce EU LV	quest.How to Generate Power	line_How to Generate Power.txt	2824
任务	Absorbing Magic Energy to Produce EU MV	quest.How to Generate Power	line_How to Generate Power.txt	2823
任务	Absorption Filter	quest.Multiblock Goals	line_Multiblock Goals.txt	2982
任务	Acacia Bonsai	quest.The Green Revolution	line_The Green Revolution.txt	-7328065676341450717
任务	Accelerated Plant Growth	quest.Tier 0.5 - Steam	line_Tier 0.5 - Steam.txt	705
任务	Accelerating Things	quest.Tier 6 - LuV	line_Tier 6 - LuV.txt	202
任务	Accelerating Things II	quest.Tier 6 - LuV	line_Tier 6 - LuV.txt	1681
任务	Accelerating Things III	quest.Tier 6 - LuV	line_Tier 6 - LuV.txt	1682
任务	According To All Known Laws Of Mana Generation...	quest.Flower Power	line_Flower Power.txt	3270
任务	Acetic Acid	quest.Tier 2 - MV	line_Tier 2 - MV.txt	852
任务	Acetone and Ethenone	quest.Working with Oil	line_Working with Oil.txt	3006
任务	Acid Trip	quest.How to Generate Power	line_How to Generate Power.txt	2792
任务	Actually Copying Cultures	quest.Tier 8 - UV	line_Tier 8 - UV.txt	2714
任务	Adding More Functions	quest.Novice Thaumaturgy	line_Novice Thaumaturgy.txt	-5563376651650091647
任务	Adept Thaumaturgy	quest.Adept Thaumaturgy	line_Adept Thaumaturgy.txt	260
任务	Admit it, You Love This Pt 1 in UV	quest.Tier 8 - UV	line_Tier 8 - UV.txt	2614
任务	Admit it, You Love This Pt 2 in UV	quest.Tier 8 - UV	line_Tier 8 - UV.txt	2615
任务	Adv. Stocking Bus	quest.Applied Energistics	line_Applied Energistics.txt	-5092663277638354864
任务	Advanced Assembly Line	quest.Mass Processing	line_Mass Processing.txt	-5847927107856321162
任务	Advanced Autoclaving	quest.Mass Processing	line_Mass Processing.txt	-6902980861914057189
任务	Advanced Cable Cluster	quest.SFM and Computers	line_SFM and Computers.txt	2013
任务	Advanced Centrifuge	quest.Tier 2 - MV	line_Tier 2 - MV.txt	1322
任务	Advanced Circuit Assembler	quest.Tier 3 - HV	line_Tier 3 - HV.txt	1221
任务	Advanced Circuit Assembler II	quest.Tier 3 - HV	line_Tier 3 - HV.txt	1222
任务	Advanced Circuits	quest.Tier 2 - MV	line_Tier 2 - MV.txt	838
任务	Advanced Coke Oven	quest.Bio for the Masses	line_Bio for the Masses.txt	3103
任务	Advanced Compressor	quest.Tier 2 - MV	line_Tier 2 - MV.txt	1320
任务	Advanced Concrete Backfiller	quest.Building Better Bases	line_Building Better Bases.txt	-8895157193571960177
任务	Advanced Crystal SoC Production	quest.Tier 8 - UV	line_Tier 8 - UV.txt	-8574346973951287410
任务	Advanced Detector Rail	quest.Basic Automation	line_Basic Automation.txt	1553
任务	Advanced Electric Jetpack	quest.Getting Around...	line_Getting Around....txt	653
任务	Advanced Filing Cabinet	quest.Building Better Bases	line_Building Better Bases.txt	-8137664697343933653
任务	Advanced Fluid Extractor	quest.Tier 2 - MV	line_Tier 2 - MV.txt	1324
任务	Advanced Gem Enchantment	quest.Hardcore End(er) Expansion	line_Hardcore End(er) Expansion.txt	2366
任务	Advanced Glue	quest.Tier 4 - EV	line_Tier 4 - EV.txt	459
任务	Advanced Heat Exchanger	quest....Without Dying	line_...Without Dying.txt	797
任务	Advanced Ilmenite Processing	quest.Tier 4 - EV	line_Tier 4 - EV.txt	2562
任务	Advanced Inventory Relay	quest.SFM and Computers	line_SFM and Computers.txt	2004
任务	Advanced MB Construction	quest.Multiblock Goals	line_Multiblock Goals.txt	2856
任务	Advanced Macerator	quest.Tier 2 - MV	line_Tier 2 - MV.txt	1321
任务	Advanced Mechanical Armor	quest....Without Dying	line_...Without Dying.txt	-7993929316091213549
任务	Advanced Mob Protection	quest.Tier 4 - EV	line_Tier 4 - EV.txt	200
任务	Advanced Mutatron	quest.How to Be(e)	line_How to Be(e).txt	513
任务	Advanced Nano Chestplate	quest.extra_MultipleQuestLine	line_extra_MultipleQuestLine.txt	654
任务	Advanced Neutronium Tech	quest.Applied Energistics	line_Applied Energistics.txt	-7887020035666230346
任务	Advanced Node Stabilizer	quest.Adept Thaumaturgy	line_Adept Thaumaturgy.txt	1383
任务	Advanced Rituals	quest.Paying the Highest Price	line_Paying the Highest Price.txt	712
任务	Advanced SMDs	quest.Tier 6 - LuV	line_Tier 6 - LuV.txt	2608
任务	Advanced Solar Boilers	quest.Tier 0.5 - Steam	line_Tier 0.5 - Steam.txt	2389
任务	Advanced Wafers	quest.Space Race	line_Space Race.txt	831
任务	Advanced Xeninol	quest.How to Generate Power	line_How to Generate Power.txt	-7154632998014096877
任务	Adventure Time!	quest.Kill All the Things	line_Kill All the Things.txt	903
任务	Aer	quest.Be(e) Breeding	line_Be(e) Breeding.txt	2224
任务	Agrarian	quest.Be(e) Breeding	line_Be(e) Breeding.txt	2287
任务	Air-Filter	quest.Multiblock Goals	line_Multiblock Goals.txt	2981
任务	Airlocks	quest.Space Race	line_Space Race.txt	1465
任务	Akihabara	quest.Tier 1 - LV	line_Tier 1 - LV.txt	1653
任务	Alchemy With Blood	quest.Paying the Highest Price	line_Paying the Highest Price.txt	410
任务	Alcohols Here	quest.Bio for the Masses	line_Bio for the Masses.txt	3124
任务	Alfheim	quest.Flower Power	line_Flower Power.txt	3230
任务	Algae Pond	quest.Multiblock Goals	line_Multiblock Goals.txt	-8996825125550293613
任务	All Alone in the Night	quest.extra_MultipleQuestLine	line_extra_MultipleQuestLine.txt	1495
任务	All Good Things...	quest.Tier 8 - UV	line_Tier 8 - UV.txt	2647
任务	All Those Chunks, All in a Row	quest.Tier 2 - MV	line_Tier 2 - MV.txt	2014
任务	All We Are is Dust in the Wind	quest.Tier 2 - MV	line_Tier 2 - MV.txt	1850
任务	All Your Card Are Belong To Us	quest.SFM and Computers	line_SFM and Computers.txt	1749
任务	All the Crops You Could Want	quest.Tier 2 - MV	line_Tier 2 - MV.txt	1518
任务	All the Finest Cuts of Meat	quest.Tier 0 - Stone Age	line_Tier 0 - Stone Age.txt	1476
任务	Alleviating Warp	quest.Novice Thaumaturgy	line_Novice Thaumaturgy.txt	-7122426930826890446
任务	Alloy Smelter	quest.Tier 1 - LV	line_Tier 1 - LV.txt	116
任务	Almost Done With Rhodium	quest.Tier 5 - IV	line_Tier 5 - IV.txt	2327
任务	Almost Like Steel	quest....Without Dying	line_...Without Dying.txt	171
任务	Almost Success	quest.Tier 6 - LuV	line_Tier 6 - LuV.txt	2941
任务	Almost Unbreakable	quest....Without Dying	line_...Without Dying.txt	219
任务	Alpha and Omega	quest.Applied Energistics	line_Applied Energistics.txt	2532
任务	Alternate Nuclear Fuel: Tiberium	quest.How to Generate Power	line_How to Generate Power.txt	198
任务	Alternative to blasting off!?	quest.Getting Around...	line_Getting Around....txt	-9191592960624051857
任务	Aluminium	quest.Be(e) Breeding	line_Be(e) Breeding.txt	2198
任务	Aluminium Berries	quest.The Green Revolution	line_The Green Revolution.txt	-7140032311327849799
任务	Aluminium Tank	quest.Tier 1 - LV	line_Tier 1 - LV.txt	2979
任务	Alvearies	quest.How to Be(e)	line_How to Be(e).txt	1123
任务	Americium	quest.Be(e) Breeding	line_Be(e) Breeding.txt	362
任务	Americium Doped Wafers	quest.Tier 8 - UV	line_Tier 8 - UV.txt	2041
任务	Ammonia	quest.Tier 3 - HV	line_Tier 3 - HV.txt	854
任务	Ammonia Source	quest.Working with Oil	line_Working with Oil.txt	3007
任务	Amplifying Your UUM Production	quest.Tier 3 - HV	line_Tier 3 - HV.txt	1876
任务	An Alternative to Torches	quest.Novice Thaumaturgy	line_Novice Thaumaturgy.txt	255
任务	An Appropriate Weapon	quest.Focus on Wand Foci & EMT	line_Focus on Wand Foci & EMT.txt	289
任务	An Awesome Magic Conductor	quest.Adept Thaumaturgy	line_Adept Thaumaturgy.txt	261
任务	An End To Deforestation	quest.Mass Processing	line_Mass Processing.txt	-6915086947092752744
任务	An Even More Mega EBF	quest.Tier 11 - UIV	line_Tier 11 - UIV.txt	-6067382707378224204
任务	An Eye at the End of Time	quest.Tier 12 - UMV	line_Tier 12 - UMV.txt	-7384462910267243515
任务	An Industrial Mobfarm	quest.Multiblock Goals	line_Multiblock Goals.txt	373
任务	An Offering To The Gods	quest.Endgame Goals	line_Endgame Goals.txt	-8011652819512948101
任务	An Unexpected Bonus	quest.Multiblock Goals	line_Multiblock Goals.txt	82
任务	Analyze Them All	quest.How to Be(e)	line_How to Be(e).txt	503
任务	Analyzing the Soil	quest.Tier 1 - LV	line_Tier 1 - LV.txt	767
任务	Ancient	quest.Be(e) Breeding	line_Be(e) Breeding.txt	2281
任务	And Another Digital Singularity	quest.Applied Energistics	line_Applied Energistics.txt	-7226135969109944920
任务	And It Will Never Break	quest.extra_MultipleQuestLine	line_extra_MultipleQuestLine.txt	152
任务	And There Shall be Light	quest.How to Be(e)	line_How to Be(e).txt	518
任务	Angel Wings	quest.Getting Around...	line_Getting Around....txt	1344
任务	Angel Wings - Combine!	quest.extra_MultipleQuestLine	line_extra_MultipleQuestLine.txt	1356
任务	Angel Wings - Ultra Force!	quest.Getting Around...	line_Getting Around....txt	1355
任务	Animal Farms	quest.Tier 0 - Stone Age	line_Tier 0 - Stone Age.txt	482
任务	Animal Trapping	quest.Feeding Yourself	line_Feeding Yourself.txt	631
任务	Annihilation and Formation	quest.Applied Energistics	line_Applied Energistics.txt	1301
任务	Another Acid to Worry About!	quest.Tier 5 - IV	line_Tier 5 - IV.txt	2309
任务	Another Cauldron	quest.Look to the Edges	line_Look to the Edges.txt	1587
任务	Another Chemical Multiblock?	quest.Mass Processing	line_Mass Processing.txt	3210
任务	Another Digital Singularity	quest.Applied Energistics	line_Applied Energistics.txt	-7261779885652482879
任务	Another Fuel Source	quest.Tier 0 - Stone Age	line_Tier 0 - Stone Age.txt	29
任务	Another One Bites the Salt	quest.Tier 5 - IV	line_Tier 5 - IV.txt	2324
任务	Another Path to Ethanol	quest.Forestry and Multifarms	line_Forestry and Multifarms.txt	2051
任务	Another Solvent	quest.Tier 6 - LuV	line_Tier 6 - LuV.txt	2934
任务	Another Type of Steel	quest.Tier 11 - UIV	line_Tier 11 - UIV.txt	-7374234948579230118
任务	Another Use for Java, I Mean Lava	quest.Tier 0.5 - Steam	line_Tier 0.5 - Steam.txt	61
任务	Anti-Magnetism	quest.Flower Power	line_Flower Power.txt	3259
任务	Antimony	quest.Tier 1 - LV	line_Tier 1 - LV.txt	598
任务	Antimony and Chlorine	quest.Tier 6 - LuV	line_Tier 6 - LuV.txt	2922
任务	Apatite	quest.Be(e) Breeding	line_Be(e) Breeding.txt	2291
任务	Apiarist's Cloth	quest.How to Be(e)	line_How to Be(e).txt	996
任务	Applied Crafting	quest.Applied Energistics	line_Applied Energistics.txt	182
任务	Applied Greg?	quest.Applied Energistics	line_Applied Energistics.txt	2877
任务	Apprentice Orb	quest.Paying the Highest Price	line_Paying the Highest Price.txt	423
任务	Apprentice Striders	quest....Without Dying	line_...Without Dying.txt	-5054324916620002708
任务	Appropriate Power	quest.extra_MultipleQuestLine	line_extra_MultipleQuestLine.txt	190
任务	Aqua	quest.Be(e) Breeding	line_Be(e) Breeding.txt	2220
任务	Arc Lamp	quest.extra_MultipleQuestLine	line_extra_MultipleQuestLine.txt	1464
任务	Arcane	quest.Be(e) Breeding	line_Be(e) Breeding.txt	2212
任务	Archmage Orb. Let Them Come!	quest.Paying the Highest Price	line_Paying the Highest Price.txt	707
任务	Archmage Striders	quest....Without Dying	line_...Without Dying.txt	-8356368985822588714
任务	Ardite Berries	quest.The Green Revolution	line_The Green Revolution.txt	-8043747193160963068
任务	Ardite Crossbow Body	quest.extra_MultipleQuestLine	line_extra_MultipleQuestLine.txt	1153
任务	Ardite and Cobalt	quest.Tier 1 - LV	line_Tier 1 - LV.txt	1131
任务	Ardite and Cobalt Mining	quest.Novice Thaumaturgy	line_Novice Thaumaturgy.txt	1837
任务	Are You Grassping What I'm Telling You?	quest.Look to the Edges	line_Look to the Edges.txt	2421
任务	Are You Prepared For HV?	quest.Tier 2 - MV	line_Tier 2 - MV.txt	749
任务	Are You Prepared?	quest.Space Race	line_Space Race.txt	1068
任务	Are the Bees Buzzing, or Screaming?	quest.How to Be(e)	line_How to Be(e).txt	1515
任务	Are you Ready?	quest.Tier 12 - UMV	line_Tier 12 - UMV.txt	-8323783763671749098
任务	Argentia	quest.The Green Revolution	line_The Green Revolution.txt	-6992648934799322327
任务	Argon	quest.Tier 5 - IV	line_Tier 5 - IV.txt	1666
任务	Arid	quest.Be(e) Breeding	line_Be(e) Breeding.txt	356
任务	Arithmetic Logic Circuits	quest.SFM and Computers	line_SFM and Computers.txt	1748
任务	Armor 2.0	quest....Without Dying	line_...Without Dying.txt	685
任务	Armor 2.5	quest....Without Dying	line_...Without Dying.txt	691
任务	Armor Molds	quest....Without Dying	line_...Without Dying.txt	3075
任务	Armor of the Dead	quest....Without Dying	line_...Without Dying.txt	1848
任务	Arnie's Blender	quest.How to Be(e)	line_How to Be(e).txt	517
任务	Aromatic Lump	quest.Be(e) Breeding	line_Be(e) Breeding.txt	2258
任务	Around and Around She Goes...	quest.Tier 0 - Stone Age	line_Tier 0 - Stone Age.txt	1852
任务	Arsenic	quest.Be(e) Breeding	line_Be(e) Breeding.txt	2254
任务	Arthana	quest.Look to the Edges	line_Look to the Edges.txt	2341
任务	Ascended	quest.Paying the Highest Price	line_Paying the Highest Price.txt	701
任务	Asgardandelion	quest.Flower Power	line_Flower Power.txt	-7392996829794634546
任务	Ash	quest.Be(e) Breeding	line_Be(e) Breeding.txt	2292
任务	Aspen	quest.Forestry and Multifarms	line_Forestry and Multifarms.txt	2867
任务	Assembling Living Circuits	quest.Tier 9 - UHV	line_Tier 9 - UHV.txt	2636
任务	Assembling in Space	quest.Tier 10 - UEV	line_Tier 10 - UEV.txt	-8724430134020257656
任务	Assembling on Space Steroids	quest.Endgame Goals	line_Endgame Goals.txt	-5622946374684694237
任务	Assembling on Steroids	quest.Tier 11 - UIV	line_Tier 11 - UIV.txt	-9080536097015359642
任务	Assembly Line	quest.Multiblock Goals	line_Multiblock Goals.txt	1412
任务	Assembly To The MAX+	quest.Tier 11 - UIV	line_Tier 11 - UIV.txt	-8464387737179131129
任务	Assline Quest Updates	quest.Tier 6 - LuV	line_Tier 6 - LuV.txt	2024
任务	Astro Miner	quest.Space Race	line_Space Race.txt	1450
任务	Astro Miner Base	quest.Space Race	line_Space Race.txt	1451
任务	Astro Miner Schematic	quest.Space Race	line_Space Race.txt	1447
任务	At last, the final capacitor!	quest.Storing and Transforming EU	line_Storing and Transforming EU.txt	-6434507911289406845
任务	At the End of...	quest.Multiblock Goals	line_Multiblock Goals.txt	81
任务	Atto Power ICs	quest.Tier 11 - UIV	line_Tier 11 - UIV.txt	-6426141127926254915
任务	Attuned	quest.Be(e) Breeding	line_Be(e) Breeding.txt	-9136162451931116134
任务	Attuned Stone	quest.Look to the Edges	line_Look to the Edges.txt	1568
任务	Augmentation	quest....Without Dying	line_...Without Dying.txt	-8558899566109970224
任务	Auronia	quest.The Green Revolution	line_The Green Revolution.txt	-7372928745863888730
任务	Austere	quest.Be(e) Breeding	line_Be(e) Breeding.txt	2180
任务	Auto Mining	quest.Tier 1 - LV	line_Tier 1 - LV.txt	930
任务	Auto Mining HV	quest.Tier 3 - HV	line_Tier 3 - HV.txt	932
任务	Auto Mining MV	quest.Tier 2 - MV	line_Tier 2 - MV.txt	931
任务	Autocrafting Magic Stuff	quest.Applied Energistics	line_Applied Energistics.txt	2547
任务	Automated (un-)Loading	quest.Basic Automation	line_Basic Automation.txt	108
任务	Automated Coke Oven	quest.Tier 0 - Stone Age	line_Tier 0 - Stone Age.txt	-5032588939817468648
任务	Automated Crafting	quest.Tier 1 - LV	line_Tier 1 - LV.txt	2142
任务	Automated Crafting	quest.Tier 3 - HV	line_Tier 3 - HV.txt	144
任务	Automated Farmer	quest.Tier 1 - LV	line_Tier 1 - LV.txt	939
任务	Automated Mining	quest.Tier 6 - LuV	line_Tier 6 - LuV.txt	201
任务	Automated Mob Farming	quest.Tier 3 - HV	line_Tier 3 - HV.txt	151
任务	Automated Sticky Resin Farmer	quest.Tier 1 - LV	line_Tier 1 - LV.txt	938
任务	Automated Wand Recharging	quest.Adept Thaumaturgy	line_Adept Thaumaturgy.txt	277
任务	Automating Crafting	quest.Applied Energistics	line_Applied Energistics.txt	1312
任务	Automating Crafting Table Recipes	quest.Handle Logistics with Pipes	line_Handle Logistics with Pipes.txt	-6708805810511929325
任务	Automating Power On/Off	quest.Tips and Tricks	line_Tips and Tricks.txt	1654
任务	Automation for Fluid Nukes	quest.Powerful Nuclear Physics	line_Powerful Nuclear Physics.txt	3199
任务	Automation, Tier 1	quest.Multiblock Goals	line_Multiblock Goals.txt	695
任务	Automation, Tier 2	quest.Multiblock Goals	line_Multiblock Goals.txt	696
任务	Avengers, Assemble!	quest.Tier 1 - LV	line_Tier 1 - LV.txt	97
任务	Avengers, Assemble! 2	quest.Tier 2 - MV	line_Tier 2 - MV.txt	1598
任务	Avengers, Assemble! 3	quest.Tier 3 - HV	line_Tier 3 - HV.txt	770
任务	Avenging	quest.Be(e) Breeding	line_Be(e) Breeding.txt	2206
任务	Awakened Core	quest.Tier 10 - UEV	line_Tier 10 - UEV.txt	467
任务	Awakened Draconium Coil Upgrade	quest.Multiblock Goals	line_Multiblock Goals.txt	1833
任务	Aware	quest.Be(e) Breeding	line_Be(e) Breeding.txt	2228
任务	BEEEP BEEEP BEEEP	quest.Tier 2 - MV	line_Tier 2 - MV.txt	1917
任务	BIOS	quest.SFM and Computers	line_SFM and Computers.txt	1758
任务	BRRRRAAAAAAAIIIIIIINNNNNNNSSSSS	quest.Novice Thaumaturgy	line_Novice Thaumaturgy.txt	2146
任务	Babies First Harvest Automaton	quest.The Green Revolution	line_The Green Revolution.txt	1542
任务	Back to Step 1	quest.Tier 4 - EV	line_Tier 4 - EV.txt	2302
任务	Backup Your Stuff...	quest.extra_MultipleQuestLine	line_extra_MultipleQuestLine.txt	1501
任务	Bacterial Sludge	quest.Space Race	line_Space Race.txt	1469
任务	Bacterial Vat	quest.Multiblock Goals	line_Multiblock Goals.txt	2561
任务	Balance is Everything	quest.extra_MultipleQuestLine	line_extra_MultipleQuestLine.txt	-6774427117513567879
任务	Balanced Shards sdrahS decnalaB	quest.Novice Thaumaturgy	line_Novice Thaumaturgy.txt	242
任务	Balsa	quest.Forestry and Multifarms	line_Forestry and Multifarms.txt	2126
任务	Bamboo "Bonsai"	quest.The Green Revolution	line_The Green Revolution.txt	-8104884875696713099
任务	Bamboo Fence	quest.And So, It Begins	line_And So, It Begins.txt	946
任务	Barley Time	quest.Feeding Yourself	line_Feeding Yourself.txt	2725
任务	Barnarda	quest.Be(e) Breeding	line_Be(e) Breeding.txt	-5810639836077429088
任务	Barnarda F	quest.Be(e) Breeding	line_Be(e) Breeding.txt	-7154992499943054405
任务	Barrel Upgrades	quest.Building Better Bases	line_Building Better Bases.txt	-6347981504780433561
任务	Barrel Upgrades	quest.Tier 0.5 - Steam	line_Tier 0.5 - Steam.txt	1124
任务	Barrel Upgrades Tier 2	quest.Tier 0.5 - Steam	line_Tier 0.5 - Steam.txt	1125
任务	Barrel Upgrades Tier 3	quest.Tier 0.5 - Steam	line_Tier 0.5 - Steam.txt	2910
任务	Barrel Upgrades Tier 4	quest.Tier 0.5 - Steam	line_Tier 0.5 - Steam.txt	2911
任务	Barrel Upgrades Tier 5	quest.Tier 0.5 - Steam	line_Tier 0.5 - Steam.txt	2912
任务	Barren	quest.Be(e) Breeding	line_Be(e) Breeding.txt	308
任务	Basalt Lilies	quest.The Green Revolution	line_The Green Revolution.txt	-6304584555687571745
任务	Base Too Big? I've Got a Fix For You!	quest.Building Better Bases	line_Building Better Bases.txt	952
任务	Basic > Steam Lootbag Trade	quest.Tier 0.5 - Steam	line_Tier 0.5 - Steam.txt	441
任务	Basic Arc Furnace	quest.Tier 1 - LV	line_Tier 1 - LV.txt	662
任务	Basic Bee Stats	quest.extra_MultipleQuestLine	line_extra_MultipleQuestLine.txt	2211
任务	Basic Blocks	quest.Building Better Bases	line_Building Better Bases.txt	1942
任务	Basic Builder's Wand	quest.Building Better Bases	line_Building Better Bases.txt	1945
任务	Basic Canner	quest.Tier 1 - LV	line_Tier 1 - LV.txt	624
任务	Basic Circuit Assembler	quest.Tier 1 - LV	line_Tier 1 - LV.txt	795
任务	Basic Cracking	quest.Working with Oil	line_Working with Oil.txt	2993
任务	Basic Crafting: Machine Hulls	quest.Tier 0.5 - Steam	line_Tier 0.5 - Steam.txt	73
任务	Basic Crafting: Motors	quest.Tier 0.5 - Steam	line_Tier 0.5 - Steam.txt	71
任务	Basic Crafting: Rotors	quest.Tier 0.5 - Steam	line_Tier 0.5 - Steam.txt	72
任务	Basic Flight Potion	quest.Getting Around...	line_Getting Around....txt	-8541989652632873807
任务	Basic Fluid Solidifier	quest.Tier 1 - LV	line_Tier 1 - LV.txt	1155
任务	Basic Lilies	quest.The Green Revolution	line_The Green Revolution.txt	-8052354536896412020
任务	Basic Mechanical Armor	quest....Without Dying	line_...Without Dying.txt	-6650389328785673046
任务	Basic Monster Prevention	quest.Tier 1 - LV	line_Tier 1 - LV.txt	118
任务	Basic Nuclear Fuel: Thorium	quest.extra_MultipleQuestLine	line_extra_MultipleQuestLine.txt	193
任务	Basic Ore Washer	quest.Tier 1 - LV	line_Tier 1 - LV.txt	538
任务	Basic Power Display	quest.SFM and Computers	line_SFM and Computers.txt	1764
任务	Basic Processing	quest.Tier 0 - Stone Age	line_Tier 0 - Stone Age.txt	18
任务	Basic ProjectRed Illumination	quest.Building Better Bases	line_Building Better Bases.txt	1973
任务	Basic Rune	quest.Paying the Highest Price	line_Paying the Highest Price.txt	409
任务	Basic Terminals	quest.Applied Energistics	line_Applied Energistics.txt	185
任务	Basic Transport Pipe	quest.Tier 1 - LV	line_Tier 1 - LV.txt	113
任务	Basic Transport: Fluids	quest.Tier 1 - LV	line_Tier 1 - LV.txt	115
任务	Basic Transport: Items	quest.Tier 1 - LV	line_Tier 1 - LV.txt	114
任务	Basis for All Reactors	quest.Powerful Nuclear Physics	line_Powerful Nuclear Physics.txt	3145
任务	Bask In The Currents	quest.Mass Processing	line_Mass Processing.txt	2029
任务	Bate Bate Chocolate	quest.Mass Processing	line_Mass Processing.txt	2030
任务	Bathing in a Spa. Automated Warp Removal	quest.Adept Thaumaturgy	line_Adept Thaumaturgy.txt	1098
任务	Bathing the Warp Effects Away	quest.Adept Thaumaturgy	line_Adept Thaumaturgy.txt	1097
任务	Battery Alloy	quest.extra_MultipleQuestLine	line_extra_MultipleQuestLine.txt	609
任务	Battery Buffer	quest.Storing and Transforming EU	line_Storing and Transforming EU.txt	619
任务	Batty	quest.Be(e) Breeding	line_Be(e) Breeding.txt	2274
任务	Bauxia	quest.The Green Revolution	line_The Green Revolution.txt	-7282032669849766963
任务	Bauxite Slag	quest.Tier 3 - HV	line_Tier 3 - HV.txt	2974
任务	Be Sure to Get Your Armpits	quest.Tier 1 - LV	line_Tier 1 - LV.txt	1035
任务	Be a Vampire; Dress Like a Fancy Person	quest.Look to the Edges	line_Look to the Edges.txt	349
任务	Beacon	quest.Adept Thaumaturgy	line_Adept Thaumaturgy.txt	1102
任务	Beam Me Up, Scotty	quest.Applied Energistics	line_Applied Energistics.txt	2529
任务	Becoming a Florist	quest.The Green Revolution	line_The Green Revolution.txt	725
任务	Bee More Knowledgeable	quest.How to Be(e)	line_How to Be(e).txt	2108
任务	Bee Slurry, the Breakfast of, Well, Weirdos	quest.How to Be(e)	line_How to Be(e).txt	2768
任务	Bees By the Millions	quest.How to Be(e)	line_How to Be(e).txt	2089
任务	Behold: The Netherite Line	quest.Tier 6 - LuV	line_Tier 6 - LuV.txt	-8682800239418763402
任务	Bender, More Bending!	quest.Mass Processing	line_Mass Processing.txt	2038
任务	Bending Space and Time	quest.Tier 11 - UIV	line_Tier 11 - UIV.txt	-5195393884836375387
任务	Berry Medley	quest.And So, It Begins	line_And So, It Begins.txt	470
任务	Best Bolts?	quest....Without Dying	line_...Without Dying.txt	1525
任务	Best Crossbow?	quest....Without Dying	line_...Without Dying.txt	1526
任务	Best Thing Since Sliced Bread	quest.Mass Processing	line_Mass Processing.txt	2032
任务	Best Wand	quest.Kaaami, Haaaami, ... HA!	line_Kaaami, Haaaami, ... HA!.txt	2728
任务	Best Wand Caps Ever...	quest.Adept Thaumaturgy	line_Adept Thaumaturgy.txt	272
任务	Bet On The Distillus	quest.extra_MultipleQuestLine	line_extra_MultipleQuestLine.txt	3137
任务	Better Bolts	quest....Without Dying	line_...Without Dying.txt	1524
任务	Better Boots with a little pizzazz	quest.Getting Around...	line_Getting Around....txt	2260
任务	Better Chassis	quest.Handle Logistics with Pipes	line_Handle Logistics with Pipes.txt	-8825999907887304936
任务	Better Fermenter Outputs	quest.Forestry and Multifarms	line_Forestry and Multifarms.txt	2055
任务	Better Gallium and Arsenic Sources	quest.Tier 1 - LV	line_Tier 1 - LV.txt	1796
任务	Better Generating Flowers	quest.Flower Power	line_Flower Power.txt	3263
任务	Better Glass Upgrade, EV Glass	quest.Multiblock Goals	line_Multiblock Goals.txt	2556
任务	Better Grafter Through Technology	quest.Forestry and Multifarms	line_Forestry and Multifarms.txt	2121
任务	Better Magnetic Rods	quest.Tier 3 - HV	line_Tier 3 - HV.txt	2917
任务	Better Make that Two!	quest.Tier 0.5 - Steam	line_Tier 0.5 - Steam.txt	-5816092802750880657
任务	Better Nightmare Protection	quest.Look to the Edges	line_Look to the Edges.txt	1579
任务	Better Put On That Rubber Suit	quest.The Green Revolution	line_The Green Revolution.txt	1949
任务	Better Questing?	quest.extra_MultipleQuestLine	line_extra_MultipleQuestLine.txt	1500
任务	Better Screws	quest.Novice Thaumaturgy	line_Novice Thaumaturgy.txt	235
任务	Better Storage	quest.extra_MultipleQuestLine	line_extra_MultipleQuestLine.txt	39
任务	Better Tank... Iron Tank	quest.Tier 0.5 - Steam	line_Tier 0.5 - Steam.txt	16
任务	Better Than Barrels	quest.extra_MultipleQuestLine	line_extra_MultipleQuestLine.txt	727
任务	Better Than Duct Tape	quest.Multiblock Goals	line_Multiblock Goals.txt	755
任务	Better Than Iron	quest.Tier 0.5 - Steam	line_Tier 0.5 - Steam.txt	948
任务	Better Tools	quest.Tier 2 - MV	line_Tier 2 - MV.txt	1910
任务	BetterIO?	quest.Building Better Bases	line_Building Better Bases.txt	1981
任务	Beyond the Limit	quest.Tier 9 - UHV	line_Tier 9 - UHV.txt	2696
任务	Bezos Would Be Proud	quest.Mass Processing	line_Mass Processing.txt	2039
任务	Big Beautiful Brewery	quest.Mass Processing	line_Mass Processing.txt	-9206706300448087195
任务	Bigger Drums	quest.Tier 4 - EV	line_Tier 4 - EV.txt	2391
任务	Bigger Oxygen Tanks	quest.Space Race	line_Space Race.txt	1437
任务	Bigger, Better, Chargier?	quest.Tier 3 - HV	line_Tier 3 - HV.txt	988
任务	Bio Chaff	quest.Tier 2 - MV	line_Tier 2 - MV.txt	733
任务	Bio Chamber	quest.extra_MultipleQuestLine	line_extra_MultipleQuestLine.txt	3274
任务	Bio Circuit 2: Biological Boogaloo	quest.Tier 9 - UHV	line_Tier 9 - UHV.txt	2663
任务	Bio Diesel Fuel	quest.Tier 2 - MV	line_Tier 2 - MV.txt	845
任务	Bio Fuels	quest.Tier 2 - MV	line_Tier 2 - MV.txt	730
任务	Bio Gas Engine	quest.Forestry and Multifarms	line_Forestry and Multifarms.txt	1215
任务	Bio Lab	quest.Tier 3 - HV	line_Tier 3 - HV.txt	2566
任务	Bio Organic Mesh	quest.Tier 2 - MV	line_Tier 2 - MV.txt	774
任务	Biocatalyzed Propulsion Fluid	quest.Tier 10 - UEV	line_Tier 10 - UEV.txt	-5495064271200344269
任务	Biodiesel Alternative	quest.Bio for the Masses	line_Bio for the Masses.txt	3099
任务	Biological Diesel	quest.Bio for the Masses	line_Bio for the Masses.txt	3102
任务	Biomass	quest.Tier 2 - MV	line_Tier 2 - MV.txt	1323
任务	Biomes Everywhere, But Not the One You Want?	quest.Tier 1 - LV	line_Tier 1 - LV.txt	1510
任务	Birch Bonsai	quest.The Green Revolution	line_The Green Revolution.txt	-4783772834963964792
任务	Bismuth Plasma For Soldering	quest.Powerful Nuclear Physics	line_Powerful Nuclear Physics.txt	3190
任务	Bisphenol A	quest.Tier 4 - EV	line_Tier 4 - EV.txt	1230
任务	Black Dwarf Matter	quest.Tier 12 - UMV	line_Tier 12 - UMV.txt	-7959189288003028041
任务	Black and Decker	quest.Tier 1 - LV	line_Tier 1 - LV.txt	1537
任务	Blank Gem	quest.Hardcore End(er) Expansion	line_Hardcore End(er) Expansion.txt	2362
任务	Blank Gene Samples	quest.How to Be(e)	line_How to Be(e).txt	514
任务	Blastoff!	quest.Tier 0.5 - Steam	line_Tier 0.5 - Steam.txt	65
任务	Blaze: Evolved	quest.Kill All the Things	line_Kill All the Things.txt	920
任务	Blazes Too Hard to Kill?	quest.The Green Revolution	line_The Green Revolution.txt	1799
任务	Blazing, Ender, Emerald Tubes	quest.Forestry and Multifarms	line_Forestry and Multifarms.txt	1220
任务	Block Container	quest.Applied Energistics	line_Applied Energistics.txt	-8385708024862298701
任务	Block Detector	quest.SFM and Computers	line_SFM and Computers.txt	2017
任务	Block Gate	quest.SFM and Computers	line_SFM and Computers.txt	2016
任务	Blood Altar Tier 3	quest.Paying the Highest Price	line_Paying the Highest Price.txt	926
任务	Blood Altar Tier 4	quest.Paying the Highest Price	line_Paying the Highest Price.txt	927
任务	Blood Altar Tier 5	quest.Paying the Highest Price	line_Paying the Highest Price.txt	928
任务	Blood Altar Tier 6	quest.Paying the Highest Price	line_Paying the Highest Price.txt	929
任务	Blood Letters Pack	quest.Paying the Highest Price	line_Paying the Highest Price.txt	2451
任务	Bloodlust: "Cain" Sword	quest.Look to the Edges	line_Look to the Edges.txt	348
任务	Bloodlust: Ghast Tear	quest.Look to the Edges	line_Look to the Edges.txt	343
任务	Bloodlust: Witches Hand	quest.Look to the Edges	line_Look to the Edges.txt	344
任务	Bloodlust: Wool of Bat	quest.Look to the Edges	line_Look to the Edges.txt	347
任务	Blooming	quest.Be(e) Breeding	line_Be(e) Breeding.txt	2171
任务	Blub Blub Blub.....	quest.Novice Thaumaturgy	line_Novice Thaumaturgy.txt	1106
任务	Blue	quest.Be(e) Breeding	line_Be(e) Breeding.txt	2273
任务	Blue Mahoe	quest.Forestry and Multifarms	line_Forestry and Multifarms.txt	2135
任务	Blue Steel	quest.Tier 4 - EV	line_Tier 4 - EV.txt	1263
任务	Boat Shape?	quest.Getting Around...	line_Getting Around....txt	672
任务	Boiler and Super Fuel	quest.Working with Oil	line_Working with Oil.txt	3011
任务	Book Parts	quest.Tier 0 - Stone Age	line_Tier 0 - Stone Age.txt	32
任务	Books	quest.Tier 0.5 - Steam	line_Tier 0.5 - Steam.txt	1008
任务	Books Are For Nerds...	quest.Look to the Edges	line_Look to the Edges.txt	1649
任务	Boost Your Speed	quest.Getting Around...	line_Getting Around....txt	1186
任务	Boost Your Speed v2	quest.Getting Around...	line_Getting Around....txt	1810
任务	Booster	quest.Space Race	line_Space Race.txt	1431
任务	Booster Tier 2	quest.Space Race	line_Space Race.txt	1731
任务	Booster Tier 3	quest.Space Race	line_Space Race.txt	2704
任务	Booster Tier 4	quest.Space Race	line_Space Race.txt	2709
任务	Boosting the Diesel	quest.Working with Oil	line_Working with Oil.txt	3003
任务	Boots Are Made For Walking	quest.Novice Thaumaturgy	line_Novice Thaumaturgy.txt	1997
任务	Borax Electrolyzing	quest.Tier 2 - MV	line_Tier 2 - MV.txt	2043
任务	Boronic Fusion	quest.How to Generate Power	line_How to Generate Power.txt	-6752762253121630907
任务	Botanic Infusion	quest.Flower Power	line_Flower Power.txt	3228
任务	Botany	quest.Building Better Bases	line_Building Better Bases.txt	1952
任务	Bound Armor	quest.Paying the Highest Price	line_Paying the Highest Price.txt	431
任务	Bound Tools: Axe	quest.Paying the Highest Price	line_Paying the Highest Price.txt	436
任务	Bound Tools: Pickaxe	quest.Paying the Highest Price	line_Paying the Highest Price.txt	434
任务	Bound Tools: Shovel	quest.Paying the Highest Price	line_Paying the Highest Price.txt	435
任务	Bow, Arrows and Quiver	quest....Without Dying	line_...Without Dying.txt	661
任务	Bowl Full of Spaghetti	quest.Tier 0.5 - Steam	line_Tier 0.5 - Steam.txt	1735
任务	Brazil Nut	quest.Forestry and Multifarms	line_Forestry and Multifarms.txt	2256
任务	Breaking the Mold	quest.Working with Oil	line_Working with Oil.txt	3026
任务	Breed some common bees	quest.Be(e) Breeding	line_Be(e) Breeding.txt	1117
任务	Breed some cultivated bees	quest.Be(e) Breeding	line_Be(e) Breeding.txt	1116
任务	Breed some imperial bees	quest.Be(e) Breeding	line_Be(e) Breeding.txt	1121
任务	Breed some majestic bees	quest.Be(e) Breeding	line_Be(e) Breeding.txt	1120
任务	Breed some noble bees	quest.Be(e) Breeding	line_Be(e) Breeding.txt	1118
任务	Breeding Bees Into Oblivion	quest.How to Be(e)	line_How to Be(e).txt	1516
任务	Breeding With Technology	quest.The Green Revolution	line_The Green Revolution.txt	-6640373965889455709
任务	Brew of Flowing Spirit	quest.Look to the Edges	line_Look to the Edges.txt	1584
任务	Brew of Love	quest.Look to the Edges	line_Look to the Edges.txt	1562
任务	Brewing Liquids	quest.Tier 2 - MV	line_Tier 2 - MV.txt	142
任务	Brewing, the Industrial Way	quest.Tier 1 - LV	line_Tier 1 - LV.txt	1273
任务	Bring Me My Vat of Polyethylene!	quest.Mass Processing	line_Mass Processing.txt	876
任务	Bring it Home	quest.Adept Thaumaturgy	line_Adept Thaumaturgy.txt	276
任务	Bringing the Biome to You	quest.extra_MultipleQuestLine	line_extra_MultipleQuestLine.txt	2415
任务	Brittle But Hits Like a Sledgehammer...	quest.extra_MultipleQuestLine	line_extra_MultipleQuestLine.txt	1485
任务	Brittle Netherite Scrap	quest.Tier 6 - LuV	line_Tier 6 - LuV.txt	-6315858637026935192
任务	Bronze Javelin	quest.extra_MultipleQuestLine	line_extra_MultipleQuestLine.txt	863
任务	Bronze armor	quest....Without Dying	line_...Without Dying.txt	687
任务	Buggy Seat	quest.Space Race	line_Space Race.txt	817
任务	Build Your Own Keep Inventory	quest.Tips and Tricks	line_Tips and Tricks.txt	-6057528648465876031
任务	Build it Bigger	quest.Building Better Bases	line_Building Better Bases.txt	1983
任务	Build the Assembly Line First	quest.Powerful Nuclear Physics	line_Powerful Nuclear Physics.txt	3149
任务	Building Made Easy	quest.Building Better Bases	line_Building Better Bases.txt	601
任务	Building the Reactor	quest.Powerful Nuclear Physics	line_Powerful Nuclear Physics.txt	3153
任务	Building with Style	quest.Building Better Bases	line_Building Better Bases.txt	-8720934616008906102
任务	Bull Pine	quest.Forestry and Multifarms	line_Forestry and Multifarms.txt	2130
任务	Bundled AE Channels	quest.Applied Energistics	line_Applied Energistics.txt	203
任务	Burn Them. Burn Them All!	quest....Without Dying	line_...Without Dying.txt	159
任务	Burning the Carbon	quest.Bio for the Masses	line_Bio for the Masses.txt	3094
任务	Busy Bees Buzzing Boldly	quest.How to Be(e)	line_How to Be(e).txt	2092
任务	But Duct Tape Already is Magical!	quest.Focus on Wand Foci & EMT	line_Focus on Wand Foci & EMT.txt	-7381838222159086836
任务	But... This is Expensive!	quest.Tier 5 - IV	line_Tier 5 - IV.txt	2323
任务	Butane and Propane	quest.Tier 1 - LV	line_Tier 1 - LV.txt	840
任务	Bzzap!	quest.Focus on Wand Foci & EMT	line_Focus on Wand Foci & EMT.txt	1374
任务	C9H8O4...NaCl...H2O...	quest.Tier 1 - LV	line_Tier 1 - LV.txt	543
任务	CBD Into Steam	quest.Bio for the Masses	line_Bio for the Masses.txt	3128
任务	CN3H7O3 (Purple) Rocket Fuel	quest.Space Race	line_Space Race.txt	2688
任务	Cable Camouflage	quest.SFM and Computers	line_SFM and Computers.txt	2000
任务	Cable Cluster	quest.SFM and Computers	line_SFM and Computers.txt	2012
任务	Cable Diodes	quest.extra_MultipleQuestLine	line_extra_MultipleQuestLine.txt	1821
任务	Cables	quest.Applied Energistics	line_Applied Energistics.txt	184
任务	Cacti	quest.The Green Revolution	line_The Green Revolution.txt	-8930386809519358871
任务	Cadmium	quest.Tier 1 - LV	line_Tier 1 - LV.txt	623
任务	Caffeine	quest.The Green Revolution	line_The Green Revolution.txt	-7745473970651262794
任务	Caging a Demon - Wither Killing Chamber	quest.Tier 2 - MV	line_Tier 2 - MV.txt	1527
任务	Calcium Bottlenecking	quest.How to Generate Power	line_How to Generate Power.txt	-6653872471765810391
任务	Callisto Trip	quest.Tier 5 - IV	line_Tier 5 - IV.txt	1533
任务	Can I Build A Mothership For My Father?	quest.Space Race	line_Space Race.txt	-4765124701548164912
任务	Can It!	quest.Mass Processing	line_Mass Processing.txt	-5201462720540834507
任务	Can We Get Uranium Here?	quest.Powerful Nuclear Physics	line_Powerful Nuclear Physics.txt	3168
任务	Can You Feel the Sunshine?	quest.Focus on Wand Foci & EMT	line_Focus on Wand Foci & EMT.txt	1398
任务	Can You Hear the Carrots Grow?	quest.And So, It Begins	line_And So, It Begins.txt	484
任务	Can You Really See Out of Those?	quest.Adept Thaumaturgy	line_Adept Thaumaturgy.txt	2885
任务	Can we get much higher?	quest.Storing and Transforming EU	line_Storing and Transforming EU.txt	-6876851311040355991
任务	Capturing Light on a Circuit Board	quest.Tier 10 - UEV	line_Tier 10 - UEV.txt	-8754088215918060056
任务	Carbon Fiber Boat	quest.Getting Around...	line_Getting Around....txt	670
任务	Carbon Parts	quest....Without Dying	line_...Without Dying.txt	775
任务	Carbon Plates	quest.Tier 2 - MV	line_Tier 2 - MV.txt	778
任务	Carbon Skin	quest....Without Dying	line_...Without Dying.txt	779
任务	Carbon, Chemically	quest.Bio for the Masses	line_Bio for the Masses.txt	3093
任务	Cards for AE2 Nerds!	quest.Applied Energistics	line_Applied Energistics.txt	-8466584755593206866
任务	Cargo Rocket Schematic	quest.Space Race	line_Space Race.txt	1449
任务	Cargo Rocket: For the Fun	quest.Space Race	line_Space Race.txt	205
任务	Carpenter's Blocks	quest.Building Better Bases	line_Building Better Bases.txt	2160
任务	Carrot Stock	quest.The Green Revolution	line_The Green Revolution.txt	-8613513165363217437
任务	Cart Modules: Coal Power	quest.Basic Automation	line_Basic Automation.txt	107
任务	Cart Modules: Farming	quest.Basic Automation	line_Basic Automation.txt	109
任务	Cart Modules: More Storage	quest.Basic Automation	line_Basic Automation.txt	1211
任务	Cart Modules: Solar Power	quest.Basic Automation	line_Basic Automation.txt	1208
任务	Cart Modules: Storage	quest.Basic Automation	line_Basic Automation.txt	110
任务	Cart Modules: Thermal Engine	quest.Basic Automation	line_Basic Automation.txt	1210
任务	Cart Modules: Wood Cutter	quest.Basic Automation	line_Basic Automation.txt	112
任务	Cart With Chunkloader	quest.Getting Around...	line_Getting Around....txt	1379
任务	Cart modules: Digging	quest.Basic Automation	line_Basic Automation.txt	1209
任务	Catalyzing Miracles	quest.Multiblock Goals	line_Multiblock Goals.txt	3289
任务	Catwalks	quest.Building Better Bases	line_Building Better Bases.txt	3294
任务	Caught in the Web	quest.And So, It Begins	line_And So, It Begins.txt	1843
任务	Cavernous Vine	quest.Space Race	line_Space Race.txt	1470
任务	Celebratory	quest.Be(e) Breeding	line_Be(e) Breeding.txt	2252
任务	Celestial Gateways	quest.extra_MultipleQuestLine	line_extra_MultipleQuestLine.txt	-8279404553732255962
任务	Celestial Tungsten Plasma - The Mk3 Finale	quest.How to Generate Power	line_How to Generate Power.txt	-8021583113396239664
任务	Centi-vis	quest.Adept Thaumaturgy	line_Adept Thaumaturgy.txt	275
任务	Centi-vis Stuff	quest.Adept Thaumaturgy	line_Adept Thaumaturgy.txt	278
任务	Centi-vis in your network	quest.Applied Energistics	line_Applied Energistics.txt	2515
任务	Central Processing Unit	quest.Tier 3 - HV	line_Tier 3 - HV.txt	1018
任务	Ceramics	quest.Building Better Bases	line_Building Better Bases.txt	1960
任务	Ceres Dungeon	quest.Space Race	line_Space Race.txt	1530
任务	Ceres Trip	quest.Tier 5 - IV	line_Tier 5 - IV.txt	1538
任务	Certified Geek, 7 Days a Week	quest.Applied Energistics	line_Applied Energistics.txt	-8244171501543540704
任务	Certus	quest.Be(e) Breeding	line_Be(e) Breeding.txt	2173
任务	Certus Quartz Tank	quest.Tier 1 - LV	line_Tier 1 - LV.txt	-5207886370968702891
任务	Cetane Boosted Diesel	quest.Space Race	line_Space Race.txt	-8306054735867726258
任务	Cetane-Boosted Diesel	quest.Working with Oil	line_Working with Oil.txt	3009
任务	Chad - A Better Way to Make Paper	quest.Tier 0 - Stone Age	line_Tier 0 - Stone Age.txt	945
任务	Chalice	quest.Look to the Edges	line_Look to the Edges.txt	2340
任务	Changing Biomes With Witchery	quest.Look to the Edges	line_Look to the Edges.txt	2417
任务	Changing Your Foresty Circuit Configuration	quest.Forestry and Multifarms	line_Forestry and Multifarms.txt	584
任务	Chaos Locator	quest.Getting Around...	line_Getting Around....txt	-8363388332321311391
任务	Chaotic	quest.Be(e) Breeding	line_Be(e) Breeding.txt	2231
任务	Chaotic Core	quest.Tier 11 - UIV	line_Tier 11 - UIV.txt	465
任务	Chaotic Energy	quest.Tier 11 - UIV	line_Tier 11 - UIV.txt	2701
任务	Charge Buffer	quest.Adept Thaumaturgy	line_Adept Thaumaturgy.txt	1993
任务	Charm Master	quest.Hardcore End(er) Expansion	line_Hardcore End(er) Expansion.txt	2384
任务	Charm of Dislocation	quest.Getting Around...	line_Getting Around....txt	-5457259343752885948
任务	Charmed	quest.Be(e) Breeding	line_Be(e) Breeding.txt	2216
任务	Charms	quest.Hardcore End(er) Expansion	line_Hardcore End(er) Expansion.txt	2368
任务	Chassis	quest.Handle Logistics with Pipes	line_Handle Logistics with Pipes.txt	-9040111725259888874
任务	Cheaper Annealed Production	quest.Tier 1 - LV	line_Tier 1 - LV.txt	1172
任务	Cheaper EV Circuits	quest.Tier 7 - ZPM	line_Tier 7 - ZPM.txt	2637
任务	Cheaper HV circuits	quest.Tier 6 - LuV	line_Tier 6 - LuV.txt	1684
任务	Cheaper IV Circuits	quest.Tier 8 - UV	line_Tier 8 - UV.txt	2638
任务	Cheaper LV Circuits	quest.Tier 5 - IV	line_Tier 5 - IV.txt	1712
任务	Cheaper LuV Circuits	quest.Tier 9 - UHV	line_Tier 9 - UHV.txt	-5813797741888729661
任务	Cheaper MV Circuits	quest.Tier 5 - IV	line_Tier 5 - IV.txt	1674
任务	Cheaper Simple Circuit	quest.Tier 3 - HV	line_Tier 3 - HV.txt	1714
任务	Cheaper ZPM Circuits	quest.Tier 10 - UEV	line_Tier 10 - UEV.txt	-8363105124200355806
任务	Check Your Warp For Free!	quest.Adept Thaumaturgy	line_Adept Thaumaturgy.txt	-6880732551191991212
任务	Chef Training	quest.Feeding Yourself	line_Feeding Yourself.txt	858
任务	Chemical Bath	quest.Tier 1 - LV	line_Tier 1 - LV.txt	1499
任务	Chemical Dehydrator	quest.Tier 2 - MV	line_Tier 2 - MV.txt	1614
任务	Chemical Lesson, Part Two	quest.Tier 2 - MV	line_Tier 2 - MV.txt	1744
任务	Chemical Pseudo-Altercations	quest.extra_MultipleQuestLine	line_extra_MultipleQuestLine.txt	3287
任务	Chemical Reactions at IV Level	quest.Tier 5 - IV	line_Tier 5 - IV.txt	1696
任务	Chemical Rubber Production	quest.Tier 1 - LV	line_Tier 1 - LV.txt	726
任务	Chemically Bathing!	quest.Tier 5 - IV	line_Tier 5 - IV.txt	3057
任务	Chests Had Quite the Glow-up!	quest.Building Better Bases	line_Building Better Bases.txt	-6589720656538575343
任务	Chickenization	quest.Flower Power	line_Flower Power.txt	3269
任务	Chips	quest.Basic Automation	line_Basic Automation.txt	1626
任务	Chisel	quest.Building Better Bases	line_Building Better Bases.txt	1935
任务	Chisel All the Things	quest.Building Better Bases	line_Building Better Bases.txt	1939
任务	Chisel as Fast as You Can	quest.Building Better Bases	line_Building Better Bases.txt	1940
任务	Chiseling the Way Greg Intended	quest.Building Better Bases	line_Building Better Bases.txt	-5996677402577937429
任务	Chlorine, Your New Best Friend	quest.Tier 1 - LV	line_Tier 1 - LV.txt	2697
任务	Chloroform	quest.Tier 3 - HV	line_Tier 3 - HV.txt	1813
任务	Choices, Choices	quest.Tier 1 - LV	line_Tier 1 - LV.txt	2143
任务	Chrome	quest.Be(e) Breeding	line_Be(e) Breeding.txt	2202
任务	Chromium Trioxide	quest.Tier 5 - IV	line_Tier 5 - IV.txt	1704
任务	Chunkloading	quest.Tier 3 - HV	line_Tier 3 - HV.txt	1529
任务	Cindering Pearls	quest.The Green Revolution	line_The Green Revolution.txt	-8293900210563685041
任务	Circle Magic	quest.Look to the Edges	line_Look to the Edges.txt	339
任务	Circle Shapes Give Me Comfort	quest.Tier 0 - Stone Age	line_Tier 0 - Stone Age.txt	1831
任务	Circuit Assembly Line	quest.Mass Processing	line_Mass Processing.txt	2601
任务	Circuit Boards	quest.Tier 0.5 - Steam	line_Tier 0.5 - Steam.txt	834
任务	Circuit Programming	quest.extra_MultipleQuestLine	line_extra_MultipleQuestLine.txt	2047
任务	Circuits, Assemble!	quest.Tier 8 - UV	line_Tier 8 - UV.txt	2635
任务	Clarifier	quest.extra_MultipleQuestLine	line_extra_MultipleQuestLine.txt	-5895649105231252556
任务	Class, Concentrate!	quest.Tier 5 - IV	line_Tier 5 - IV.txt	2315
任务	Clay	quest.Be(e) Breeding	line_Be(e) Breeding.txt	2163
任务	Clay Electrolyzing	quest.Tier 2 - MV	line_Tier 2 - MV.txt	760
任务	Clay Lilies	quest.The Green Revolution	line_The Green Revolution.txt	-6758463176381943518
任务	Clay: The Gathering	quest.Tier 0 - Stone Age	line_Tier 0 - Stone Age.txt	21
任务	Clean Implosions?!	quest.Mass Processing	line_Mass Processing.txt	-7261433663633078124
任务	Cleaning the Goo	quest.Adept Thaumaturgy	line_Adept Thaumaturgy.txt	300
任务	Cleanroom	quest.Multiblock Goals	line_Multiblock Goals.txt	940
任务	Clockwork Engine	quest.Forestry and Multifarms	line_Forestry and Multifarms.txt	1214
任务	Clothes Make the Magical Man or Woman	quest.Novice Thaumaturgy	line_Novice Thaumaturgy.txt	2065
任务	Co-Processing	quest.Applied Energistics	line_Applied Energistics.txt	1326
任务	Co-Processing x1024	quest.Applied Energistics	line_Applied Energistics.txt	-6453224221561522666
任务	Co-Processing x16	quest.Applied Energistics	line_Applied Energistics.txt	392
任务	Co-Processing x256	quest.Applied Energistics	line_Applied Energistics.txt	-8918162941396499410
任务	Co-Processing x4	quest.Applied Energistics	line_Applied Energistics.txt	393
任务	Co-Processing x4096	quest.Applied Energistics	line_Applied Energistics.txt	-6226703083228085975
任务	Co-Processing x64	quest.Applied Energistics	line_Applied Energistics.txt	-8472010944693294394
任务	Coal	quest.Be(e) Breeding	line_Be(e) Breeding.txt	2168
任务	Coal Or Charcoal	quest.Bio for the Masses	line_Bio for the Masses.txt	3134
任务	Coal Steam Jetpack	quest.Getting Around...	line_Getting Around....txt	649
任务	Coal Tar Distilling	quest.Space Race	line_Space Race.txt	2685
任务	Coast Sequoia	quest.Forestry and Multifarms	line_Forestry and Multifarms.txt	2862
任务	Cobalt Berries	quest.The Green Revolution	line_The Green Revolution.txt	-8580846703989165113
任务	Cobalt and Arsenic from Cobaltite	quest.Tier 1 - LV	line_Tier 1 - LV.txt	2914
任务	Cocobolo	quest.Forestry and Multifarms	line_Forestry and Multifarms.txt	2134
任务	Coconut	quest.Forestry and Multifarms	line_Forestry and Multifarms.txt	2257
任务	Coin Conversion	quest.SFM and Computers	line_SFM and Computers.txt	1777
任务	Coins! Coins! Coins!	quest.Tier 0 - Stone Age	line_Tier 0 - Stone Age.txt	-4864680771139843687
任务	Collecting Neutrons the Alternate Way	quest.Tier 9 - UHV	line_Tier 9 - UHV.txt	2676
任务	Collecting Some Berries	quest.And So, It Begins	line_And So, It Begins.txt	469
任务	Collecting the Hybrids	quest.Forestry and Multifarms	line_Forestry and Multifarms.txt	2084
任务	Collision Course	quest.Multiblock Goals	line_Multiblock Goals.txt	-7228129145658002387
任务	Combustion Engine	quest.Forestry and Multifarms	line_Forestry and Multifarms.txt	2859
任务	Come to the Dark Side...	quest.Tier 2 - MV	line_Tier 2 - MV.txt	138
任务	Common Alder	quest.Forestry and Multifarms	line_Forestry and Multifarms.txt	2866
任务	Common Beech	quest.Forestry and Multifarms	line_Forestry and Multifarms.txt	2127
任务	Compact Drawers	quest.Tier 0 - Stone Age	line_Tier 0 - Stone Age.txt	728
任务	Compact Storage	quest.extra_MultipleQuestLine	line_extra_MultipleQuestLine.txt	-6848797731239430532
任务	Compact? Or is it?	quest.Tier 1 - LV	line_Tier 1 - LV.txt	544
任务	Comparing at a Distance	quest.Novice Thaumaturgy	line_Novice Thaumaturgy.txt	-7975621830681627535
任务	Complex Spell System	quest.Paying the Highest Price	line_Paying the Highest Price.txt	438
任务	Component Assembly Line	quest.Multiblock Goals	line_Multiblock Goals.txt	-5302417245690018536
任务	Composite Vest	quest....Without Dying	line_...Without Dying.txt	692
任务	Compounding With Oxalic Acid	quest.Tier 5 - IV	line_Tier 5 - IV.txt	3067
任务	Compress All the Things	quest.Multiblock Goals	line_Multiblock Goals.txt	80
任务	Compressed Desh Armor	quest....Without Dying	line_...Without Dying.txt	1443
任务	Compressed Solar LV	quest.How to Generate Power	line_How to Generate Power.txt	1332
任务	Compressed Steel Armor	quest....Without Dying	line_...Without Dying.txt	1442
任务	Compressed Titanium Armor	quest....Without Dying	line_...Without Dying.txt	1444
任务	Compressing Stuff	quest.Tier 0.5 - Steam	line_Tier 0.5 - Steam.txt	54
任务	Compressing the Core of a Star	quest.Tier 9 - UHV	line_Tier 9 - UHV.txt	2674
任务	Computer Case	quest.SFM and Computers	line_SFM and Computers.txt	1754
任务	Concentrated Darkness	quest.Adept Thaumaturgy	line_Adept Thaumaturgy.txt	285
任务	Concentrated Samarium	quest.Tier 5 - IV	line_Tier 5 - IV.txt	-4993634693115988771
任务	Concentration	quest.Tier 7 - ZPM	line_Tier 7 - ZPM.txt	2945
任务	Concrete Backfiller	quest.Building Better Bases	line_Building Better Bases.txt	-6276617063343808005
任务	Concrete and GT Stones	quest.Building Better Bases	line_Building Better Bases.txt	1944
任务	Conduit Probe	quest.Tier 2 - MV	line_Tier 2 - MV.txt	-4853455128671811694
任务	Conduits	quest.Tier 2 - MV	line_Tier 2 - MV.txt	134
任务	Configuring TecTech Multiblocks	quest.Tier 7 - ZPM	line_Tier 7 - ZPM.txt	2683
任务	Control Units	quest.SFM and Computers	line_SFM and Computers.txt	1752
任务	Controlled Breeding	quest.The Green Revolution	line_The Green Revolution.txt	-6490422473091123453
任务	Controlling Your Drawers	quest.extra_MultipleQuestLine	line_extra_MultipleQuestLine.txt	2408
任务	Convergence	quest.Tier 12 - UMV	line_Tier 12 - UMV.txt	-7053414737734297359
任务	Convocation of the Damned	quest.Paying the Highest Price	line_Paying the Highest Price.txt	714
任务	Cooking for Blockheads	quest.Feeding Yourself	line_Feeding Yourself.txt	2895
任务	Cool Guys Don't Look At Explosions	quest.Mass Processing	line_Mass Processing.txt	2757
任务	Cool it Back Down	quest.Tier 5 - IV	line_Tier 5 - IV.txt	2884
任务	Coolant	quest.Tier 2 - MV	line_Tier 2 - MV.txt	3073
任务	Cooling Kanthal	quest.Tier 2 - MV	line_Tier 2 - MV.txt	3071
任务	Cooling Your Marshmallow	quest.Feeding Yourself	line_Feeding Yourself.txt	1487
任务	Copper	quest.Be(e) Breeding	line_Be(e) Breeding.txt	2162
任务	Copper	quest.Tier 0 - Stone Age	line_Tier 0 - Stone Age.txt	30
任务	Copper Barrel	quest.extra_MultipleQuestLine	line_extra_MultipleQuestLine.txt	-8376729936404801255
任务	Copper Berries	quest.The Green Revolution	line_The Green Revolution.txt	-7225943873443082236
任务	Copper Ore	quest.Tier 0 - Stone Age	line_Tier 0 - Stone Age.txt	825
任务	Copper Shulker Box	quest.Building Better Bases	line_Building Better Bases.txt	-8321627444342603894
任务	Copper Sky, Iron Curtain	quest.Tier 0 - Stone Age	line_Tier 0 - Stone Age.txt	28
任务	Copper, Tin, Bronze Tubes	quest.Forestry and Multifarms	line_Forestry and Multifarms.txt	1217
任务	Coppon	quest.The Green Revolution	line_The Green Revolution.txt	-7693300146585122775
任务	Copterpack, More 'Hover' than 'Jet'	quest.Getting Around...	line_Getting Around....txt	650
任务	Cosmic Neutronium	quest.Be(e) Breeding	line_Be(e) Breeding.txt	-4981586207458669133
任务	Cotton, Cotton and More Cotton	quest.Tier 0 - Stone Age	line_Tier 0 - Stone Age.txt	43
任务	Cough Cough - Something Needs to Be Done About the Smell	quest.Tier 2 - MV	line_Tier 2 - MV.txt	1417
任务	Counting Items	quest.Novice Thaumaturgy	line_Novice Thaumaturgy.txt	-7497528900357426935
任务	Cover Crops? Who Needs Those?	quest.The Green Revolution	line_The Green Revolution.txt	1808
任务	Covering Up	quest.Tips and Tricks	line_Tips and Tricks.txt	2831
任务	Cow Tipper	quest.Tier 0 - Stone Age	line_Tier 0 - Stone Age.txt	42
任务	Cows Are Supposed to Moo!	quest.And So, It Begins	line_And So, It Begins.txt	1475
任务	Cracking the World	quest.Mass Processing	line_Mass Processing.txt	-7508677545920872020
任务	Crafting Chip	quest.Basic Automation	line_Basic Automation.txt	1633
任务	Crafting Input Proxy	quest.extra_MultipleQuestLine	line_extra_MultipleQuestLine.txt	-6007564242168652354
任务	Crafting Monitor	quest.Applied Energistics	line_Applied Energistics.txt	1260
任务	Crafting Time	quest.And So, It Begins	line_And So, It Begins.txt	1204
任务	Crafting on Demand	quest.Handle Logistics with Pipes	line_Handle Logistics with Pipes.txt	-5479647572889222662
任务	Crafting, but with Beams!	quest.extra_MultipleQuestLine	line_extra_MultipleQuestLine.txt	-7957341863368182993
任务	Craftsman Used to Mean Quality	quest.Tier 1 - LV	line_Tier 1 - LV.txt	1911
任务	Crayon and Melon	quest.Tier 11 - UIV	line_Tier 11 - UIV.txt	-8810543536998436147
任务	Create New Materials Out of Pure Energy	quest.Tier 4 - EV	line_Tier 4 - EV.txt	1879
任务	Creating a Better Wand	quest.Adept Thaumaturgy	line_Adept Thaumaturgy.txt	265
任务	Creative Flight With MagLev	quest.extra_MultipleQuestLine	line_extra_MultipleQuestLine.txt	-7027883461503210574
任务	Creative Mana Tablet	quest.extra_MultipleQuestLine	line_extra_MultipleQuestLine.txt	-6413381149954269348
任务	Creeper Repellant	quest....Without Dying	line_...Without Dying.txt	2116
任务	Creeper: Evolved	quest.Kill All the Things	line_Kill All the Things.txt	919
任务	Creeping Climbers	quest.The Green Revolution	line_The Green Revolution.txt	2048
任务	Creeping Dread	quest.And So, It Begins	line_And So, It Begins.txt	1842
任务	Creosote	quest.Tier 0 - Stone Age	line_Tier 0 - Stone Age.txt	481
任务	Creosote's Work	quest.Bio for the Masses	line_Bio for the Masses.txt	3111
任务	Cribs	quest.Applied Energistics	line_Applied Energistics.txt	-5429883527448864555
任务	Crispy Rotten Flesh	quest.Feeding Yourself	line_Feeding Yourself.txt	2898
任务	Critical Materials	quest.Tier 4 - EV	line_Tier 4 - EV.txt	1891
任务	Crop Nutrients	quest.The Green Revolution	line_The Green Revolution.txt	-5649529308977957755
任务	Crop Stats	quest.The Green Revolution	line_The Green Revolution.txt	2770
任务	Crop Sticks	quest.The Green Revolution	line_The Green Revolution.txt	-7881005862838025770
任务	Crops to Mobs	quest.The Green Revolution	line_The Green Revolution.txt	-8779930429156243358
任务	Crowbar	quest.Getting Around...	line_Getting Around....txt	676
任务	Crying Obsidian...	quest.Adept Thaumaturgy	line_Adept Thaumaturgy.txt	305
任务	Crystal Assembly	quest.Tier 6 - LuV	line_Tier 6 - LuV.txt	1708
任务	Crystal Boss: Ayyy... Wait, What?	quest.Kill All the Things	line_Kill All the Things.txt	922
任务	Crystal Chest	quest.Building Better Bases	line_Building Better Bases.txt	-5235602628658218321
任务	Crystal Chips	quest.Tier 6 - LuV	line_Tier 6 - LuV.txt	1687
任务	Crystal Clusters	quest.Novice Thaumaturgy	line_Novice Thaumaturgy.txt	243
任务	Crystal Mainframe	quest.Tier 6 - LuV	line_Tier 6 - LuV.txt	1710
任务	Crystal Processors	quest.Tier 6 - LuV	line_Tier 6 - LuV.txt	1686
任务	Crystal Shulker Box	quest.Building Better Bases	line_Building Better Bases.txt	-5758781817576436666
任务	Crystal Supercomputer	quest.Tier 6 - LuV	line_Tier 6 - LuV.txt	1709
任务	Curse Amulet	quest.Hardcore End(er) Expansion	line_Hardcore End(er) Expansion.txt	2378
任务	Curse Master	quest.Hardcore End(er) Expansion	line_Hardcore End(er) Expansion.txt	2383
任务	Cursed Earth	quest.Novice Thaumaturgy	line_Novice Thaumaturgy.txt	1103
任务	Curses	quest.Hardcore End(er) Expansion	line_Hardcore End(er) Expansion.txt	2376
任务	Cut the Power!	quest.Applied Energistics	line_Applied Energistics.txt	2544
任务	Cutting Things Apart	quest.Tier 1 - LV	line_Tier 1 - LV.txt	102
任务	Cutting Up Stuff at EV	quest.Tier 4 - EV	line_Tier 4 - EV.txt	2018
任务	Cutting a Tree log by log is so Old School	quest.Tier 0.5 - Steam	line_Tier 0.5 - Steam.txt	743
任务	D-O-B	quest.Be(e) Breeding	line_Be(e) Breeding.txt	3286
任务	DNA Samples for Copying Cultures	quest.Tier 8 - UV	line_Tier 8 - UV.txt	2712
任务	Dagger of Sacrifice	quest.Paying the Highest Price	line_Paying the Highest Price.txt	1325
任务	Damascus Steel	quest.Tier 1 - LV	line_Tier 1 - LV.txt	2915
任务	Dancing In Circles	quest.Mass Processing	line_Mass Processing.txt	1423
任务	Dark Energy	quest.Flower Power	line_Flower Power.txt	3256
任务	Dark Oak Bonsai	quest.The Green Revolution	line_The Green Revolution.txt	-8591089507591247492
任务	Dark Steel Armor Advanced Upgrades	quest....Without Dying	line_...Without Dying.txt	997
任务	Dark Steel Armor Basic Upgrades	quest....Without Dying	line_...Without Dying.txt	991
任务	Dark Steel Barrel	quest.Building Better Bases	line_Building Better Bases.txt	-6508607048488154369
任务	Dark Steel Chest	quest.extra_MultipleQuestLine	line_extra_MultipleQuestLine.txt	-8724598716517898559
任务	Dark Steel Pipes	quest.Tier 2 - MV	line_Tier 2 - MV.txt	953
任务	Dark Steel Tool and Weapon Advanced Upgrades	quest.extra_MultipleQuestLine	line_extra_MultipleQuestLine.txt	999
任务	Dark Steel Tool and Weapon Basic Upgrades	quest.extra_MultipleQuestLine	line_extra_MultipleQuestLine.txt	998
任务	Dark Steel Tools	quest.extra_MultipleQuestLine	line_extra_MultipleQuestLine.txt	140
任务	Darn You, Wire Cutter!	quest.Tier 1 - LV	line_Tier 1 - LV.txt	90
任务	Data Access Hatches	quest.Multiblock Goals	line_Multiblock Goals.txt	1787
任务	Data Bank	quest.Tier 7 - ZPM	line_Tier 7 - ZPM.txt	2671
任务	Data Orbs	quest.Tier 4 - EV	line_Tier 4 - EV.txt	1878
任务	Data Orbs for Copying Cultures	quest.Tier 8 - UV	line_Tier 8 - UV.txt	2713
任务	Data Sticks	quest.Tier 3 - HV	line_Tier 3 - HV.txt	1240
任务	Dealing with H2S	quest.Basic Automation	line_Basic Automation.txt	1640
任务	Dealing with Radiation	quest.Tier 4 - EV	line_Tier 4 - EV.txt	2210
任务	Death Flowers	quest.Hardcore End(er) Expansion	line_Hardcore End(er) Expansion.txt	2371
任务	Death to Bees!	quest.How to Be(e)	line_How to Be(e).txt	1513
任务	Decay Warehouse	quest.Multiblock Goals	line_Multiblock Goals.txt	-5144566957992644258
任务	Decaying	quest.Be(e) Breeding	line_Be(e) Breeding.txt	359
任务	Deck of Cards	quest.Applied Energistics	line_Applied Energistics.txt	2539
任务	Deep Blue Sea of Sapphires	quest.The Green Revolution	line_The Green Revolution.txt	2265
任务	Deep Earth Heating Pump	quest.How to Generate Power	line_How to Generate Power.txt	2766
任务	Demon Blood Shards	quest.Paying the Highest Price	line_Paying the Highest Price.txt	2456
任务	Demonic	quest.Be(e) Breeding	line_Be(e) Breeding.txt	2176
任务	Demonic Contract	quest.Look to the Edges	line_Look to the Edges.txt	2334
任务	Dense Boys	quest.Applied Energistics	line_Applied Energistics.txt	1299
任务	Dense Hydrazine	quest.Space Race	line_Space Race.txt	2686
任务	Dense Netherite Plate	quest.Tier 6 - LuV	line_Tier 6 - LuV.txt	-7628239345660310137
任务	Dense cables	quest.Applied Energistics	line_Applied Energistics.txt	2120
任务	Desert Acacia	quest.Forestry and Multifarms	line_Forestry and Multifarms.txt	2133
任务	Desolate	quest.Be(e) Breeding	line_Be(e) Breeding.txt	360
任务	Desulfurizing	quest.Working with Oil	line_Working with Oil.txt	2991
任务	Desulfurizing Oil Automation	quest.Basic Automation	line_Basic Automation.txt	1636
任务	Desulfurizing the Oil	quest.Basic Automation	line_Basic Automation.txt	1639
任务	Dezil's Marshmallow	quest.Feeding Yourself	line_Feeding Yourself.txt	1488
任务	Diamond	quest.Be(e) Breeding	line_Be(e) Breeding.txt	2172
任务	Diamond Barrel	quest.extra_MultipleQuestLine	line_extra_MultipleQuestLine.txt	-6539628994429995852
任务	Diamond Chests... Ooo, Shiny	quest.extra_MultipleQuestLine	line_extra_MultipleQuestLine.txt	1094
任务	Diamond Shield	quest....Without Dying	line_...Without Dying.txt	660
任务	Diamond Shulker Box	quest.Building Better Bases	line_Building Better Bases.txt	-8177551156102963581
任务	Diamond Spear	quest....Without Dying	line_...Without Dying.txt	659
任务	Diamond Spikes	quest.Tier 1 - LV	line_Tier 1 - LV.txt	1285
任务	Diamond Tanks... Ooo, Shiny	quest.Tier 1 - LV	line_Tier 1 - LV.txt	1091
任务	Diamond Vapor	quest.Look to the Edges	line_Look to the Edges.txt	1574
任务	Diamondware	quest.How to Be(e)	line_How to Be(e).txt	510
任务	Dichlorobenzene	quest.Tier 4 - EV	line_Tier 4 - EV.txt	2448
任务	Did You Run Low On Gold or Redstone?	quest.Tier 2 - MV	line_Tier 2 - MV.txt	1093
任务	Did You Want to Know Your Warp Level?	quest.Adept Thaumaturgy	line_Adept Thaumaturgy.txt	1055
任务	Diesel	quest.Working with Oil	line_Working with Oil.txt	2999
任务	Diesel Fuel	quest.Tier 2 - MV	line_Tier 2 - MV.txt	553
任务	Diesel Power	quest.How to Generate Power	line_How to Generate Power.txt	1870
任务	Diffusion and Coalescence	quest.Applied Energistics	line_Applied Energistics.txt	2512
任务	Digging Deep for Water	quest.Multiblock Goals	line_Multiblock Goals.txt	-6045671959528753382
任务	Digging Deeper	quest.extra_MultipleQuestLine	line_extra_MultipleQuestLine.txt	1497
任务	Digging Faster!	quest.Look to the Edges	line_Look to the Edges.txt	1580
任务	Diggy Diggy Hole	quest.Focus on Wand Foci & EMT	line_Focus on Wand Foci & EMT.txt	1373
任务	Diligent	quest.Be(e) Breeding	line_Be(e) Breeding.txt	2156
任务	Dilution, Yet Again	quest.Tier 5 - IV	line_Tier 5 - IV.txt	3053
任务	Dimensional Breach Imminent	quest.Tier 10 - UEV	line_Tier 10 - UEV.txt	-9064439369025459403
任务	Dimensional Chest	quest.Hardcore End(er) Expansion	line_Hardcore End(er) Expansion.txt	603
任务	Dimensional Goal: Deimos	quest.Tier 4 - EV	line_Tier 4 - EV.txt	188
任务	Dimensional Goal: Mars	quest.Tier 4 - EV	line_Tier 4 - EV.txt	186
任务	Dimensional Goal: Moon	quest.Tier 3 - HV	line_Tier 3 - HV.txt	162
任务	Dimensional Goal: Phobos	quest.Tier 4 - EV	line_Tier 4 - EV.txt	187
任务	Dimethylbenzene	quest.Tier 5 - IV	line_Tier 5 - IV.txt	1701
任务	Dimethyldichlorosilane	quest.Tier 3 - HV	line_Tier 3 - HV.txt	1662
任务	Diodes	quest.Tier 1 - LV	line_Tier 1 - LV.txt	747
任务	Diphenyl Isophtalate	quest.Tier 5 - IV	line_Tier 5 - IV.txt	1698
任务	Dire Crafting Table	quest.Space Race	line_Space Race.txt	809
任务	Direct Ethylene	quest.Bio for the Masses	line_Bio for the Masses.txt	3116
任务	Disenchanted	quest.Adept Thaumaturgy	line_Adept Thaumaturgy.txt	2068
任务	Dislocator Inhibitor	quest.Tier 2 - MV	line_Tier 2 - MV.txt	-6760626514029793290
任务	Disproportionation	quest.Tier 7 - ZPM	line_Tier 7 - ZPM.txt	2953
任务	Dissolution Tank	quest.Multiblock Goals	line_Multiblock Goals.txt	3042
任务	Dissolve Ir	quest.Tier 5 - IV	line_Tier 5 - IV.txt	2316
任务	Distill the Atmosphere	quest.Multiblock Goals	line_Multiblock Goals.txt	-6965903878335952711
任务	Distillation	quest.Tier 3 - HV	line_Tier 3 - HV.txt	1617
任务	Distillation Tower	quest.Working with Oil	line_Working with Oil.txt	2988
任务	Distilled	quest.Be(e) Breeding	line_Be(e) Breeding.txt	2278
任务	Distilled Heavy Fuel	quest.Working with Oil	line_Working with Oil.txt	3005
任务	Distillery	quest.Look to the Edges	line_Look to the Edges.txt	1571
任务	Distilling Benzene	quest.Bio for the Masses	line_Bio for the Masses.txt	3141
任务	Divine Rod of the Gods?	quest.Tier 0 - Stone Age	line_Tier 0 - Stone Age.txt	1504
任务	Division Sigil	quest.Novice Thaumaturgy	line_Novice Thaumaturgy.txt	1101
任务	Do You Feel Unlucky?	quest.Tier 2 - MV	line_Tier 2 - MV.txt	1914
任务	Do You Hear That Engine Revving?	quest.How to Generate Power	line_How to Generate Power.txt	1740
任务	Do You Really Need Them All?	quest.Tier 0 - Stone Age	line_Tier 0 - Stone Age.txt	-8191827436027574183
任务	Do'h!	quest.Feeding Yourself	line_Feeding Yourself.txt	637
任务	Does Anyone Even Still Use These?	quest.extra_MultipleQuestLine	line_extra_MultipleQuestLine.txt	2718
任务	Does It Contain A Black Hole?	quest.Space Race	line_Space Race.txt	-6419188510011851715
任务	Don't Burn Your Fingers!	quest.Tier 0 - Stone Age	line_Tier 0 - Stone Age.txt	41
任务	Don't Forget Your Veggies	quest.The Green Revolution	line_The Green Revolution.txt	-5111650797641982357
任务	Don't Look it in the Eyes!	quest.Kill All the Things	line_Kill All the Things.txt	900
任务	Don't Lose That Multiblock Miner!	quest.Multiblock Goals	line_Multiblock Goals.txt	-8321971917314713709
任务	Don't Play With Your Food!	quest....Without Dying	line_...Without Dying.txt	124
任务	Don't Put a Finger in That Socket	quest.extra_MultipleQuestLine	line_extra_MultipleQuestLine.txt	2144
任务	Don't Shake it Too Much	quest.Look to the Edges	line_Look to the Edges.txt	337
任务	Don't Tell Me I Need To Read A Paper Map!	quest.Space Race	line_Space Race.txt	-5127090567145017193
任务	Don't Touch the Needle!	quest.Look to the Edges	line_Look to the Edges.txt	335
任务	Don't Try to Dive With It	quest....Without Dying	line_...Without Dying.txt	799
任务	Don't Try to Walk With It	quest....Without Dying	line_...Without Dying.txt	801
任务	Don't ask how this works	quest.Multiblock Goals	line_Multiblock Goals.txt	-6181192742307506634
任务	Double Compressed Solar	quest.How to Generate Power	line_How to Generate Power.txt	1336
任务	Double Sided Cable Camouflage	quest.SFM and Computers	line_SFM and Computers.txt	2002
任务	Double the Fun	quest.extra_MultipleQuestLine	line_extra_MultipleQuestLine.txt	1899
任务	Download More RAM	quest.Tier 10 - UEV	line_Tier 10 - UEV.txt	-7084124104927191421
任务	Draconic	quest.Be(e) Breeding	line_Be(e) Breeding.txt	2246
任务	Draconic Chest	quest.Building Better Bases	line_Building Better Bases.txt	-4980171706292986537
任务	Draconic Core	quest.Tier 9 - UHV	line_Tier 9 - UHV.txt	464
任务	Draconic Development	quest.Multiblock Goals	line_Multiblock Goals.txt	-5264682334615126317
任务	Draconic Evolution	quest.extra_MultipleQuestLine	line_extra_MultipleQuestLine.txt	388
任务	Draconium Egg	quest.Tier 4 - EV	line_Tier 4 - EV.txt	1658
任务	Dragon Blood	quest.Be(e) Breeding	line_Be(e) Breeding.txt	395
任务	Dragon Egg Omlet	quest.Tier 4 - EV	line_Tier 4 - EV.txt	1659
任务	Dragon Essence Altar	quest.Hardcore End(er) Expansion	line_Hardcore End(er) Expansion.txt	2351
任务	Dragonblood	quest.Tier 10 - UEV	line_Tier 10 - UEV.txt	3248
任务	Dream Distillery	quest.Look to the Edges	line_Look to the Edges.txt	1586
任务	Dreaming Mutandis	quest.Look to the Edges	line_Look to the Edges.txt	1590
任务	Dreams of Gold	quest.Look to the Edges	line_Look to the Edges.txt	3271
任务	Dreams of Rainbow... Stargates?	quest.Tier 10 - UEV	line_Tier 10 - UEV.txt	-8063346062660766612
任务	Dripping Combs	quest.Be(e) Breeding	line_Be(e) Breeding.txt	1119
任务	Drones are not Drones!	quest.Multiblock Goals	line_Multiblock Goals.txt	-8875238551243913734
任务	Droning On	quest.How to Be(e)	line_How to Be(e).txt	2103
任务	Dropped in Asgard, Fallen to Earth	quest.Focus on Wand Foci & EMT	line_Focus on Wand Foci & EMT.txt	1346
任务	Dry It Real Good	quest.Tier 5 - IV	line_Tier 5 - IV.txt	3062
任务	Duranium and the Beam Crafter	quest.Powerful Nuclear Physics	line_Powerful Nuclear Physics.txt	3203
任务	Dust to Crystals	quest.Tier 1 - LV	line_Tier 1 - LV.txt	771
任务	Dynamic Item Responder	quest.Basic Automation	line_Basic Automation.txt	1629
任务	Dynamism Tablets	quest.Adept Thaumaturgy	line_Adept Thaumaturgy.txt	-8404600922321060154
任务	Dynamite	quest.Multiblock Goals	line_Multiblock Goals.txt	764
任务	Dyson Swarm Ground Unit	quest.extra_MultipleQuestLine	line_extra_MultipleQuestLine.txt	3039
任务	EBF Info	quest.Multiblock Goals	line_Multiblock Goals.txt	1179
任务	EBF Time	quest.Tier 5 - IV	line_Tier 5 - IV.txt	3049
任务	EBF Time	quest.Tier 6 - LuV	line_Tier 6 - LuV.txt	2928
任务	EBF-Time	quest.extra_MultipleQuestLine	line_extra_MultipleQuestLine.txt	77
任务	EU packets flowing everywhere...	quest.Storing and Transforming EU	line_Storing and Transforming EU.txt	1418
任务	EU->VIS	quest.Focus on Wand Foci & EMT	line_Focus on Wand Foci & EMT.txt	1358
任务	EV 16A Hatches	quest.Storing and Transforming EU	line_Storing and Transforming EU.txt	-8290416396327675508
任务	EV 4A Hatches	quest.Storing and Transforming EU	line_Storing and Transforming EU.txt	-6671981679462427921
任务	EV 64A Hatches	quest.Storing and Transforming EU	line_Storing and Transforming EU.txt	-6359478362695243961
任务	EV Assembler	quest.Tier 4 - EV	line_Tier 4 - EV.txt	1406
任务	EV Battery Buffer	quest.Storing and Transforming EU	line_Storing and Transforming EU.txt	1262
任务	EV Chemical Bath	quest.Tier 4 - EV	line_Tier 4 - EV.txt	1252
任务	EV Chemical Reactor	quest.Tier 4 - EV	line_Tier 4 - EV.txt	1242
任务	EV Circuit Assembler	quest.Tier 4 - EV	line_Tier 4 - EV.txt	1223
任务	EV Field Generator	quest.Tier 4 - EV	line_Tier 4 - EV.txt	-5984592636755449553
任务	EV GT++ Batteries	quest.Storing and Transforming EU	line_Storing and Transforming EU.txt	1265
任务	EV Laser Engraver	quest.Tier 4 - EV	line_Tier 4 - EV.txt	1407
任务	EV Sunnarium Battery	quest.Storing and Transforming EU	line_Storing and Transforming EU.txt	1264
任务	EV Superconductors (2048 EU/t)	quest.Tier 4 - EV	line_Tier 4 - EV.txt	1408
任务	EV vs. IV	quest.Powerful Nuclear Physics	line_Powerful Nuclear Physics.txt	3200
任务	EVA Equipment	quest.Space Race	line_Space Race.txt	1732
任务	EVEN EVEN BETTER CHASSIS	quest.Handle Logistics with Pipes	line_Handle Logistics with Pipes.txt	-6032059115700228569
任务	EXTREME MIXING	quest.Tier 4 - EV	line_Tier 4 - EV.txt	-8426991409753954133
任务	E_TOO_MANY_KEYS	quest.extra_MultipleQuestLine	line_extra_MultipleQuestLine.txt	2145
任务	Early Bird Gets the...Nightmare?	quest.Look to the Edges	line_Look to the Edges.txt	1566
任务	Early Ethylene	quest.Working with Oil	line_Working with Oil.txt	2994
任务	Earthen	quest.Be(e) Breeding	line_Be(e) Breeding.txt	2222
任务	Easier AL Automation	quest.Applied Energistics	line_Applied Energistics.txt	2520
任务	Easier Superconductor	quest.Tier 11 - UIV	line_Tier 11 - UIV.txt	-5194484059648570829
任务	Edenic	quest.Be(e) Breeding	line_Be(e) Breeding.txt	2236
任务	Egg Mutation	quest.Tier 4 - EV	line_Tier 4 - EV.txt	1656
任务	Elastic	quest.Be(e) Breeding	line_Be(e) Breeding.txt	2285
任务	Elastic Singularity	quest.Tier 8 - UV	line_Tier 8 - UV.txt	-6587064144546576824
任务	Elderberry	quest.Forestry and Multifarms	line_Forestry and Multifarms.txt	2868
任务	Eldritch	quest.Be(e) Breeding	line_Be(e) Breeding.txt	2213
任务	Eldritch Striders	quest....Without Dying	line_...Without Dying.txt	-5042745972489073782
任务	Electric Boat	quest.Getting Around...	line_Getting Around....txt	671
任务	Electric Feeder Unit	quest.Getting Around...	line_Getting Around....txt	1190
任务	Electric Furnace	quest.Tier 1 - LV	line_Tier 1 - LV.txt	1887
任务	Electric Hoe-ing	quest.Focus on Wand Foci & EMT	line_Focus on Wand Foci & EMT.txt	1357
任务	Electric Jetpack	quest.Getting Around...	line_Getting Around....txt	651
任务	Electric Locomotive	quest.Getting Around...	line_Getting Around....txt	1185
任务	Electric Macerator	quest.Tier 1 - LV	line_Tier 1 - LV.txt	94
任务	Electrically Separating Dusts	quest.Tier 1 - LV	line_Tier 1 - LV.txt	542
任务	Electrogoggles	quest....Without Dying	line_...Without Dying.txt	1349
任务	Electrolyzing All the Things	quest.Tier 2 - MV	line_Tier 2 - MV.txt	126
任务	Electrolyzing Water	quest.Basic Automation	line_Basic Automation.txt	1638
任务	Electrotine Battery	quest.Tier 1 - LV	line_Tier 1 - LV.txt	646
任务	Electrotine Jetpack	quest.Getting Around...	line_Getting Around....txt	647
任务	Electrum Flux Coil Upgrade	quest.Multiblock Goals	line_Multiblock Goals.txt	1817
任务	Elemental Chalk	quest.Paying the Highest Price	line_Paying the Highest Price.txt	425
任务	Elemental Chalk II	quest.Paying the Highest Price	line_Paying the Highest Price.txt	709
任务	Elite Circuit Board	quest.Tier 6 - LuV	line_Tier 6 - LuV.txt	1688
任务	Emerald	quest.Be(e) Breeding	line_Be(e) Breeding.txt	2200
任务	Empowering	quest.Be(e) Breeding	line_Be(e) Breeding.txt	2235
任务	Empty Cells	quest.Tier 1 - LV	line_Tier 1 - LV.txt	1160
任务	Empty Circuit Board	quest.Tier 1 - LV	line_Tier 1 - LV.txt	748
任务	Empty Epoxid Board	quest.Tier 4 - EV	line_Tier 4 - EV.txt	1234
任务	Empty Fiber Reinforced Glass Board	quest.Tier 4 - EV	line_Tier 4 - EV.txt	1677
任务	Empty Plastic Board	quest.Tier 2 - MV	line_Tier 2 - MV.txt	1015
任务	Empty The Oceans	quest.Mass Processing	line_Mass Processing.txt	2053
任务	Emptying Tanks	quest.Applied Energistics	line_Applied Energistics.txt	1309
任务	Enceladus	quest.Be(e) Breeding	line_Be(e) Breeding.txt	-5782854984189443147
任务	Enceladus Dungeon	quest.Space Race	line_Space Race.txt	2752
任务	Enchanted	quest.Be(e) Breeding	line_Be(e) Breeding.txt	2215
任务	Enchanted Earth	quest.Novice Thaumaturgy	line_Novice Thaumaturgy.txt	1002
任务	Enchanting Like a Pro	quest.Adept Thaumaturgy	line_Adept Thaumaturgy.txt	304
任务	Enchanting Table 1.0	quest.Novice Thaumaturgy	line_Novice Thaumaturgy.txt	1100
任务	End Dust	quest.Be(e) Breeding	line_Be(e) Breeding.txt	372
任务	End Stone Lilies	quest.The Green Revolution	line_The Green Revolution.txt	-8913563967345830799
任务	Ender Backpack	quest.Focus on Wand Foci & EMT	line_Focus on Wand Foci & EMT.txt	1389
任务	Ender Egg	quest.Tier 4 - EV	line_Tier 4 - EV.txt	1657
任务	Ender Eyes	quest.Tier 3 - HV	line_Tier 3 - HV.txt	1233
任务	Ender Fluid Conduits	quest.Tier 3 - HV	line_Tier 3 - HV.txt	-4615392761718795702
任务	Ender Guardians	quest.Kill All the Things	line_Kill All the Things.txt	606
任务	Ender Shard	quest.Be(e) Breeding	line_Be(e) Breeding.txt	3297
任务	Ender Towers	quest.Hardcore End(er) Expansion	line_Hardcore End(er) Expansion.txt	2349
任务	EnderIO Lights	quest.Building Better Bases	line_Building Better Bases.txt	1980
任务	Enderbloom	quest.The Green Revolution	line_The Green Revolution.txt	-8021557892290272573
任务	Enderium	quest.Be(e) Breeding	line_Be(e) Breeding.txt	354
任务	Enderman Smelterman	quest.Tier 1 - LV	line_Tier 1 - LV.txt	1865
任务	Enderpearl Enchantments	quest.Hardcore End(er) Expansion	line_Hardcore End(er) Expansion.txt	2381
任务	Energetic Alloy	quest.Be(e) Breeding	line_Be(e) Breeding.txt	2187
任务	Energetic Alloy	quest.Tier 3 - HV	line_Tier 3 - HV.txt	990
任务	Energised Tesseract	quest.Tier 10 - UEV	line_Tier 10 - UEV.txt	-7372044556205145504
任务	Energium	quest.Be(e) Breeding	line_Be(e) Breeding.txt	-9173649568252084802
任务	Energized Wireless Dynamo Hatch	quest.Storing and Transforming EU	line_Storing and Transforming EU.txt	-8483351188359370115
任务	Energy Acceptor	quest.Applied Energistics	line_Applied Energistics.txt	2136
任务	Energy Buffers	quest.Storing and Transforming EU	line_Storing and Transforming EU.txt	2049
任务	Energy Clusters and the Energy Wand	quest.Hardcore End(er) Expansion	line_Hardcore End(er) Expansion.txt	2357
任务	Energy Crystals	quest.Storing and Transforming EU	line_Storing and Transforming EU.txt	789
任务	Energy Infuser	quest.Tier 7 - ZPM	line_Tier 7 - ZPM.txt	457
任务	Engraved Lapotrons	quest.Storing and Transforming EU	line_Storing and Transforming EU.txt	2148
任务	Engraving With Style	quest.Mass Processing	line_Mass Processing.txt	-9206015034842694688
任务	Enhanced Brewing Stand	quest.Hardcore End(er) Expansion	line_Hardcore End(er) Expansion.txt	2354
任务	Enhanced Charm of Dislocation	quest.Getting Around...	line_Getting Around....txt	-7236257860167570143
任务	Enhanced Farm Logic	quest.Forestry and Multifarms	line_Forestry and Multifarms.txt	593
任务	Enriched Fertilizer	quest.The Green Revolution	line_The Green Revolution.txt	-8623991914351216440
任务	Enriched Naquadah Ingot	quest.Tier 7 - ZPM	line_Tier 7 - ZPM.txt	2919
任务	Enriched Naquadah Time	quest.Tier 7 - ZPM	line_Tier 7 - ZPM.txt	2920
任务	Ent Twig	quest.Look to the Edges	line_Look to the Edges.txt	2338
任务	Environmental Preferences	quest.The Green Revolution	line_The Green Revolution.txt	-8567606770791078099
任务	Environmental Upgrades	quest.The Green Revolution	line_The Green Revolution.txt	-8399621369076699016
任务	Enzyme on The Mind	quest.How to Be(e)	line_How to Be(e).txt	-6691038780326978429
任务	Epichlorohydrin	quest.Tier 4 - EV	line_Tier 4 - EV.txt	1228
任务	Epoxid	quest.Tier 4 - EV	line_Tier 4 - EV.txt	1224
任务	Esoteric	quest.Be(e) Breeding	line_Be(e) Breeding.txt	2218
任务	Essence Altar	quest.Hardcore End(er) Expansion	line_Hardcore End(er) Expansion.txt	2352
任务	Essentia	quest.Be(e) Breeding	line_Be(e) Breeding.txt	-5534359835533217609
任务	Essentia Cooking	quest.Novice Thaumaturgy	line_Novice Thaumaturgy.txt	240
任务	Essentia Filtering	quest.Novice Thaumaturgy	line_Novice Thaumaturgy.txt	254
任务	Essentia Generator: Aer	quest.How to Generate Power	line_How to Generate Power.txt	1341
任务	Essentia Generator: Arbor	quest.How to Generate Power	line_How to Generate Power.txt	1340
任务	Essentia Generator: Auram	quest.How to Generate Power	line_How to Generate Power.txt	1334
任务	Essentia Generator: Ignis	quest.How to Generate Power	line_How to Generate Power.txt	1339
任务	Essentia Generator: Lucrum	quest.How to Generate Power	line_How to Generate Power.txt	1342
任务	Essentia Generator: Potentia	quest.How to Generate Power	line_How to Generate Power.txt	1333
任务	Essentia Item Storage	quest.Adept Thaumaturgy	line_Adept Thaumaturgy.txt	295
任务	Essentia Monitoring	quest.Adept Thaumaturgy	line_Adept Thaumaturgy.txt	299
任务	Essentia Quantum Storage	quest.Applied Energistics	line_Applied Energistics.txt	-6766405517321273132
任务	Essentia Storage	quest.Novice Thaumaturgy	line_Novice Thaumaturgy.txt	-6939546665296547760
任务	Essentia Storage Housing	quest.Applied Energistics	line_Applied Energistics.txt	2496
任务	Essentia Transmission	quest.Adept Thaumaturgy	line_Adept Thaumaturgy.txt	2855
任务	Establishment of Fusion	quest.Powerful Nuclear Physics	line_Powerful Nuclear Physics.txt	3206
任务	Eternal Coil Upgrade	quest.extra_MultipleQuestLine	line_extra_MultipleQuestLine.txt	3219
任务	Eternity	quest.Tier 12 - UMV	line_Tier 12 - UMV.txt	-5606710145730409374
任务	Ethanol	quest.Tier 2 - MV	line_Tier 2 - MV.txt	844
任务	Ethenone	quest.Tier 2 - MV	line_Tier 2 - MV.txt	850
任务	Ether Strike!	quest.Tier 6 - LuV	line_Tier 6 - LuV.txt	2921
任务	Ethereal	quest.Be(e) Breeding	line_Be(e) Breeding.txt	2219
任务	Ethereal Chalk	quest.Paying the Highest Price	line_Paying the Highest Price.txt	706
任务	Ethylene	quest.Tier 2 - MV	line_Tier 2 - MV.txt	847
任务	EuO	quest.Tier 5 - IV	line_Tier 5 - IV.txt	3082
任务	Europa Trip	quest.Tier 5 - IV	line_Tier 5 - IV.txt	1534
任务	Europium Doped Wafers	quest.Tier 7 - ZPM	line_Tier 7 - ZPM.txt	2630
任务	Even Better Chassis	quest.Handle Logistics with Pipes	line_Handle Logistics with Pipes.txt	-4963691488064877327
任务	Even Better Diesel	quest.How to Generate Power	line_How to Generate Power.txt	2787
任务	Even Betterer Magnetic Rods	quest.Tier 5 - IV	line_Tier 5 - IV.txt	2918
任务	Even LARGER Tanks	quest.Tier 3 - HV	line_Tier 3 - HV.txt	1811
任务	Even More Augmentation	quest....Without Dying	line_...Without Dying.txt	-5191995791715302243
任务	Even More Basic Cards!	quest.Applied Energistics	line_Applied Energistics.txt	-6584722488019127656
任务	Even More Chlorine Needed	quest.Tier 5 - IV	line_Tier 5 - IV.txt	2319
任务	Even More Compact Storage	quest.extra_MultipleQuestLine	line_extra_MultipleQuestLine.txt	1095
任务	Even More Infused	quest.How to Generate Power	line_How to Generate Power.txt	1337
任务	Even More Steam? Are You Sure?	quest.Multiblock Goals	line_Multiblock Goals.txt	788
任务	Even Rarer Earths	quest.Tier 2 - MV	line_Tier 2 - MV.txt	2409
任务	Even more challenges needed?	quest.And So, It Begins	line_And So, It Begins.txt	397
任务	Even small Glowstone shines bright	quest.Building Better Bases	line_Building Better Bases.txt	1972
任务	Everything Fuzzy? Try Some Lenses	quest.Novice Thaumaturgy	line_Novice Thaumaturgy.txt	2067
任务	Evil Berries	quest.The Green Revolution	line_The Green Revolution.txt	-4703713609563940543
任务	Evil...	quest.The Green Revolution	line_The Green Revolution.txt	-4647782313926468003
任务	Excavation Upgrade	quest.Building Better Bases	line_Building Better Bases.txt	-5119728323472026576
任务	Excited	quest.Be(e) Breeding	line_Be(e) Breeding.txt	2251
任务	Excited Fluid Nukes	quest.Powerful Nuclear Physics	line_Powerful Nuclear Physics.txt	3173
任务	Exciting Liquid Nuking	quest.Powerful Nuclear Physics	line_Powerful Nuclear Physics.txt	3183
任务	Exhale of the Dreaming Horned One	quest.Look to the Edges	line_Look to the Edges.txt	1591
任务	Exhale of the Horned One	quest.Look to the Edges	line_Look to the Edges.txt	1554
任务	Exo-Foundry	quest.extra_MultipleQuestLine	line_extra_MultipleQuestLine.txt	-5463418681646836872
任务	Exotic	quest.Be(e) Breeding	line_Be(e) Breeding.txt	2237
任务	Experience Storage	quest.Tier 3 - HV	line_Tier 3 - HV.txt	167
任务	Experienced Botanist	quest.Flower Power	line_Flower Power.txt	3265
任务	Expert MB-Construction	quest.Multiblock Goals	line_Multiblock Goals.txt	3030
任务	Exploding Fluids For Power	quest.extra_MultipleQuestLine	line_extra_MultipleQuestLine.txt	532
任务	Explosive	quest.Be(e) Breeding	line_Be(e) Breeding.txt	804
任务	Explosive Growth	quest.The Green Revolution	line_The Green Revolution.txt	1932
任务	Exporting Essentia From the Network	quest.Applied Energistics	line_Applied Energistics.txt	2513
任务	Extra Large Fuel Canisters	quest.Space Race	line_Space Race.txt	2703
任务	Extra Modifier	quest.Tier 0.5 - Steam	line_Tier 0.5 - Steam.txt	1130
任务	Extract what you want	quest.Tier 8 - UV	line_Tier 8 - UV.txt	-4661739323824919812
任务	Extracting Items From the Network	quest.Applied Energistics	line_Applied Energistics.txt	1306
任务	Extracting Stuff	quest.Tier 0.5 - Steam	line_Tier 0.5 - Steam.txt	51
任务	Extracting the Oil	quest.Bio for the Masses	line_Bio for the Masses.txt	3101
任务	Extraction	quest.Tier 6 - LuV	line_Tier 6 - LuV.txt	2930
任务	Extraction Point	quest.Mass Processing	line_Mass Processing.txt	-7251013088481099277
任务	Extreme Combustion Engine	quest.Working with Oil	line_Working with Oil.txt	3022
任务	Extreme Voltage Multiblocks	quest.Mass Processing	line_Mass Processing.txt	-8959971444972358643
任务	Extremely Ultimate and Ultimately Extreme	quest.Storing and Transforming EU	line_Storing and Transforming EU.txt	3295
任务	Extrude All the Things	quest.Tier 2 - MV	line_Tier 2 - MV.txt	740
任务	Fabricating Solar Systems... in Parallel	quest.Endgame Goals	line_Endgame Goals.txt	-4851697106472398149
任务	Factory Iron Door	quest.Tier 0.5 - Steam	line_Tier 0.5 - Steam.txt	1789
任务	Fake Jagermeister	quest.Feeding Yourself	line_Feeding Yourself.txt	1275
任务	Fallen From the Sky	quest.Tier 0 - Stone Age	line_Tier 0 - Stone Age.txt	693
任务	Fancier ProjectRed Illumination	quest.Building Better Bases	line_Building Better Bases.txt	1974
任务	Fanciful Thread	quest.Look to the Edges	line_Look to the Edges.txt	1578
任务	Fanciful Thread	quest.Look to the Edges	line_Look to the Edges.txt	1595
任务	Fancy Armor	quest....Without Dying	line_...Without Dying.txt	690
任务	Fancy Lanterns	quest.Building Better Bases	line_Building Better Bases.txt	1971
任务	Fancy Stripes!	quest.Space Race	line_Space Race.txt	-8282566777789973916
任务	Fancy Woods	quest.Building Better Bases	line_Building Better Bases.txt	1968
任务	Fancy!	quest.Tier 7 - ZPM	line_Tier 7 - ZPM.txt	381
任务	Farm Logic	quest.Forestry and Multifarms	line_Forestry and Multifarms.txt	583
任务	Farmerly	quest.Be(e) Breeding	line_Be(e) Breeding.txt	2288
任务	Farming a Little Easier	quest.Tier 3 - HV	line_Tier 3 - HV.txt	1739
任务	Farming the Graveyard	quest.The Green Revolution	line_The Green Revolution.txt	-8754285803236338546
任务	Faster Basic Crops	quest.extra_MultipleQuestLine	line_extra_MultipleQuestLine.txt	3142
任务	Faster Charcoal	quest.Bio for the Masses	line_Bio for the Masses.txt	3096
任务	Faster Lutetium Excitement	quest.Powerful Nuclear Physics	line_Powerful Nuclear Physics.txt	3180
任务	Faster Steam Transportation	quest.Tier 1 - LV	line_Tier 1 - LV.txt	2849
任务	Faster Steel Production	quest.Tier 1 - LV	line_Tier 1 - LV.txt	663
任务	Faster, Better, Buildi-er	quest.Building Better Bases	line_Building Better Bases.txt	1984
任务	Fastest Way to Get There	quest.How to Be(e)	line_How to Be(e).txt	2090
任务	Feeling a Little Like a Noob?	quest.The Green Revolution	line_The Green Revolution.txt	1603
任务	Femto Power ICs	quest.Tier 10 - UEV	line_Tier 10 - UEV.txt	-8867368593153737538
任务	Ferment Your Brew!	quest.Tier 1 - LV	line_Tier 1 - LV.txt	1274
任务	Fermented Biomass	quest.Bio for the Masses	line_Bio for the Masses.txt	3121
任务	Fermented Biomass	quest.Tier 2 - MV	line_Tier 2 - MV.txt	736
任务	Ferrofern	quest.The Green Revolution	line_The Green Revolution.txt	-5632891840085144549
任务	Fertilized Earth	quest.Tier 1 - LV	line_Tier 1 - LV.txt	2393
任务	Fertilizer	quest.Be(e) Breeding	line_Be(e) Breeding.txt	2290
任务	Fetch Quests	quest.Tier 6 - LuV	line_Tier 6 - LuV.txt	2600
任务	Fetching Cubic Zirconia	quest.Tier 6 - LuV	line_Tier 6 - LuV.txt	2604
任务	Fetching Prasiolite	quest.Tier 6 - LuV	line_Tier 6 - LuV.txt	2605
任务	Fetching Tellurium	quest.Tier 6 - LuV	line_Tier 6 - LuV.txt	2603
任务	Fiber Reinforced Epoxid Sheet	quest.Tier 4 - EV	line_Tier 4 - EV.txt	1676
任务	Fiendish	quest.Be(e) Breeding	line_Be(e) Breeding.txt	2178
任务	Fiery Bowstring	quest.extra_MultipleQuestLine	line_extra_MultipleQuestLine.txt	1152
任务	Figuring Out Butterflies	quest.How to Be(e)	line_How to Be(e).txt	2106
任务	Filling Tanks	quest.Applied Energistics	line_Applied Energistics.txt	1259
任务	Filling the World With Fluids...	quest.Tier 1 - LV	line_Tier 1 - LV.txt	1846
任务	Filtered Beamline Output Hatch	quest.Multiblock Goals	line_Multiblock Goals.txt	-6985852645832985096
任务	Filtering by Type	quest.Handle Logistics with Pipes	line_Handle Logistics with Pipes.txt	-8399516922550336751
任务	Final Separation - Iridium & Osmium	quest.Tier 5 - IV	line_Tier 5 - IV.txt	2312
任务	Finally Binding a Familiar	quest.Look to the Edges	line_Look to the Edges.txt	2424
任务	Finally, Actual Hafnium	quest.Tier 5 - IV	line_Tier 5 - IV.txt	3052
任务	Finally, Samarium!	quest.Tier 5 - IV	line_Tier 5 - IV.txt	3088
任务	Finally, Some Powerful Fuel	quest.Tier 0 - Stone Age	line_Tier 0 - Stone Age.txt	27
任务	Finally, Some Real Power!	quest.Building Better Bases	line_Building Better Bases.txt	-8715851602927843049
任务	Finally, Universium!	quest.Tier 12 - UMV	line_Tier 12 - UMV.txt	-6897090588793529674
任务	Find Bastnasite, Monazite and Neodymium	quest.Tier 3 - HV	line_Tier 3 - HV.txt	1612
任务	Find Bauxite	quest.Tier 3 - HV	line_Tier 3 - HV.txt	1011
任务	Find Ilmenite	quest.Tier 3 - HV	line_Tier 3 - HV.txt	1424
任务	Find Some Meteoric Iron	quest.Space Race	line_Space Race.txt	1426
任务	Find all the Ores in the End	quest.Hardcore End(er) Expansion	line_Hardcore End(er) Expansion.txt	2353
任务	Find the Key	quest.Adept Thaumaturgy	line_Adept Thaumaturgy.txt	283
任务	Finding Apatite	quest.Forestry and Multifarms	line_Forestry and Multifarms.txt	588
任务	Finding Flowers	quest.Building Better Bases	line_Building Better Bases.txt	1953
任务	Finite Water!?	quest.Tier 0 - Stone Age	line_Tier 0 - Stone Age.txt	22
任务	Fire Burn and...	quest.Look to the Edges	line_Look to the Edges.txt	332
任务	Fire Water	quest.Tier 2 - MV	line_Tier 2 - MV.txt	149
任务	Fire in the Hole	quest....Without Dying	line_...Without Dying.txt	175
任务	Fire, Fire, Grandpa!	quest.And So, It Begins	line_And So, It Begins.txt	9
任务	Firestone	quest.Be(e) Breeding	line_Be(e) Breeding.txt	777
任务	Firestone Ore/Dust	quest.Tier 1 - LV	line_Tier 1 - LV.txt	1279
任务	Firey	quest.Be(e) Breeding	line_Be(e) Breeding.txt	2221
任务	First Half of LFTR Breeding	quest.Powerful Nuclear Physics	line_Powerful Nuclear Physics.txt	3160
任务	First Handmade Bread	quest.Feeding Yourself	line_Feeding Yourself.txt	636
任务	First Kanthal	quest.Tier 2 - MV	line_Tier 2 - MV.txt	3072
任务	First Separation - Rhodium	quest.Tier 5 - IV	line_Tier 5 - IV.txt	2305
任务	First Steps in Reprocessing	quest.Powerful Nuclear Physics	line_Powerful Nuclear Physics.txt	3178
任务	First Things First	quest.How to Be(e)	line_How to Be(e).txt	500
任务	Fish Bait	quest.Feeding Yourself	line_Feeding Yourself.txt	630
任务	Fish Oil	quest.Tier 2 - MV	line_Tier 2 - MV.txt	1544
任务	Fish Oil Supplement	quest.The Green Revolution	line_The Green Revolution.txt	-7731912212106168781
任务	Fish Trapping	quest.Feeding Yourself	line_Feeding Yourself.txt	633
任务	Fish Trapping 2.0	quest.Feeding Yourself	line_Feeding Yourself.txt	1009
任务	Fission Guidelines	quest.Powerful Nuclear Physics	line_Powerful Nuclear Physics.txt	3147
任务	Fits The Mold	quest.Mass Processing	line_Mass Processing.txt	-5744442785667642528
任务	Flame Imp	quest.Look to the Edges	line_Look to the Edges.txt	2347
任务	Flaming idiots	quest.Tier 0.5 - Steam	line_Tier 0.5 - Steam.txt	1845
任务	Flat Lamps	quest.Building Better Bases	line_Building Better Bases.txt	1976
任务	Flint and Steel	quest.Tier 0.5 - Steam	line_Tier 0.5 - Steam.txt	478
任务	Flippers	quest.Getting Around...	line_Getting Around....txt	2899
任务	Flocculation	quest.extra_MultipleQuestLine	line_extra_MultipleQuestLine.txt	-7136280042712085534
任务	Floury Flurry	quest.Feeding Yourself	line_Feeding Yourself.txt	635
任务	Flower Grafting	quest.Flower Power	line_Flower Power.txt	3221
任务	Flower Power!	quest.The Green Revolution	line_The Green Revolution.txt	-7053636352513754868
任务	Flower!!! Unlimited Flower!!!	quest.Flower Power	line_Flower Power.txt	3267
任务	Fluffy and Red	quest.And So, It Begins	line_And So, It Begins.txt	12
任务	Fluid From Sulfur Gas	quest.Tier 5 - IV	line_Tier 5 - IV.txt	2322
任务	Fluid Heater	quest.Tier 3 - HV	line_Tier 3 - HV.txt	-8171783490200761150
任务	Fluid Loader and Unloader	quest.Getting Around...	line_Getting Around....txt	1182
任务	Fluid Nukes	quest.Powerful Nuclear Physics	line_Powerful Nuclear Physics.txt	3154
任务	Fluid Quantum Storage	quest.Applied Energistics	line_Applied Energistics.txt	-7095756151271155560
任务	Fluid Regulator	quest.How to Generate Power	line_How to Generate Power.txt	1893
任务	Fluid Solidifier	quest.Tier 2 - MV	line_Tier 2 - MV.txt	951
任务	Fluid Storage	quest.Handle Logistics with Pipes	line_Handle Logistics with Pipes.txt	-7003067506139187002
任务	Fluid TP for Magic-Haters	quest.Tier 6 - LuV	line_Tier 6 - LuV.txt	1621
任务	Fluid Void Cell	quest.Applied Energistics	line_Applied Energistics.txt	-8955241440528385612
任务	Fluid^2 Extractor	quest.Tier 11 - UIV	line_Tier 11 - UIV.txt	-5189103930243078016
任务	Fluids for Copying Cultures	quest.Tier 8 - UV	line_Tier 8 - UV.txt	2711
任务	Fluids of the Trade	quest.Applied Energistics	line_Applied Energistics.txt	2540
任务	Fluix	quest.Be(e) Breeding	line_Be(e) Breeding.txt	2190
任务	Fluix Crystals	quest.Applied Energistics	line_Applied Energistics.txt	181
任务	Fluorescent Dye	quest.How to Be(e)	line_How to Be(e).txt	-4678624581095150088
任务	Fluoro-who now?	quest.Tier 3 - HV	line_Tier 3 - HV.txt	-6790919409364744359
任务	Fluttering Facts	quest.How to Be(e)	line_How to Be(e).txt	2109
任务	Fly High!	quest.Focus on Wand Foci & EMT	line_Focus on Wand Foci & EMT.txt	1387
任务	Flying Like a Eag - I Mean Raven	quest.Getting Around...	line_Getting Around....txt	2066
任务	Flying Like....Mary Poppins?	quest.Getting Around...	line_Getting Around....txt	2060
任务	Flying OINKment	quest.Look to the Edges	line_Look to the Edges.txt	341
任务	Flying With the Greatest of Ease	quest.Getting Around...	line_Getting Around....txt	2061
任务	Focus On Power Generation	quest.Powerful Nuclear Physics	line_Powerful Nuclear Physics.txt	3158
任务	Focus on Breeding	quest.Powerful Nuclear Physics	line_Powerful Nuclear Physics.txt	3146
任务	Focusing Science and Mystery	quest.Multiblock Goals	line_Multiblock Goals.txt	3288
任务	Food 2.0	quest.Feeding Yourself	line_Feeding Yourself.txt	1178
任务	Food Variants	quest.And So, It Begins	line_And So, It Begins.txt	471
任务	Fool's Gold	quest.Adept Thaumaturgy	line_Adept Thaumaturgy.txt	2411
任务	For All the Artists Out There	quest.SFM and Computers	line_SFM and Computers.txt	2719
任务	For Fluid Recipes	quest.Applied Energistics	line_Applied Energistics.txt	1305
任务	Force Plasma - The Mk1 Ending	quest.How to Generate Power	line_How to Generate Power.txt	-5166715817697893279
任务	Forestry Core Block	quest.Forestry and Multifarms	line_Forestry and Multifarms.txt	577
任务	Forestry Core Block #2	quest.Forestry and Multifarms	line_Forestry and Multifarms.txt	-6114805307354858601
任务	Forget Something?	quest.Tier 3 - HV	line_Tier 3 - HV.txt	2447
任务	Formaldehyde	quest.Space Race	line_Space Race.txt	857
任务	Formaldehyde Catalyst	quest.Space Race	line_Space Race.txt	2395
任务	Forming Press v0.1	quest.Tier 0 - Stone Age	line_Tier 0 - Stone Age.txt	26
任务	Foul Fume	quest.Look to the Edges	line_Look to the Edges.txt	1575
任务	Fountain Of Alchemy	quest.Flower Power	line_Flower Power.txt	-6702648857746689045
任务	Fountain Of Conjuration	quest.Flower Power	line_Flower Power.txt	-7243693864692384265
任务	Four fluids in the one Hatch!	quest.Tier 4 - EV	line_Tier 4 - EV.txt	-7598566101277288092
任务	Fractioned Benzene	quest.Bio for the Masses	line_Bio for the Masses.txt	3110
任务	Fracture Chlorine	quest.Tier 6 - LuV	line_Tier 6 - LuV.txt	2926
任务	Frames	quest.How to Be(e)	line_How to Be(e).txt	1112
任务	Framing Drawers	quest.extra_MultipleQuestLine	line_extra_MultipleQuestLine.txt	729
任务	Free For All Fertilizer	quest.Bio for the Masses	line_Bio for the Masses.txt	3122
任务	Free Torches!	quest.The Green Revolution	line_The Green Revolution.txt	-8933080890065003588
任务	Freezing Nitrates	quest.Tier 5 - IV	line_Tier 5 - IV.txt	3080
任务	Frequency Module	quest.Space Race	line_Space Race.txt	818
任务	Fresh Water and Milk	quest.Feeding Yourself	line_Feeding Yourself.txt	1010
任务	Fried Eggs	quest.Feeding Yourself	line_Feeding Yourself.txt	1088
任务	Frostbite!	quest.Mass Processing	line_Mass Processing.txt	2045
任务	Frozen Stiff	quest.Mass Processing	line_Mass Processing.txt	2035
任务	Frugal	quest.Be(e) Breeding	line_Be(e) Breeding.txt	2181
任务	Fruit Bait	quest.Feeding Yourself	line_Feeding Yourself.txt	628
任务	Fruity bees	quest.Be(e) Breeding	line_Be(e) Breeding.txt	2153
任务	Fuel Input Automation	quest.Powerful Nuclear Physics	line_Powerful Nuclear Physics.txt	3157
任务	Fueled Jetpack	quest.Getting Around...	line_Getting Around....txt	652
任务	Fueling Your Buggy	quest.Space Race	line_Space Race.txt	1436
任务	Fueling the DTPF	quest.Tier 10 - UEV	line_Tier 10 - UEV.txt	-8533404977696523804
任务	Fun Party Blocks	quest.Building Better Bases	line_Building Better Bases.txt	1943
任务	Furious	quest.Be(e) Breeding	line_Be(e) Breeding.txt	-8785372800340988846
任务	Further Automation	quest.Basic Automation	line_Basic Automation.txt	1552
任务	Further Charcoal Distillation	quest.Bio for the Masses	line_Bio for the Masses.txt	3114
任务	Further IC2 Nuke Potential	quest.Powerful Nuclear Physics	line_Powerful Nuclear Physics.txt	3170
任务	Fusing Americium and Tritanium	quest.Powerful Nuclear Physics	line_Powerful Nuclear Physics.txt	3189
任务	Fusion Europium	quest.Powerful Nuclear Physics	line_Powerful Nuclear Physics.txt	3162
任务	Fusion Reactor MKII - Bigger, Better, Fusor	quest.Tier 7 - ZPM	line_Tier 7 - ZPM.txt	1197
任务	Fusion Rocketry	quest.Tier 6 - LuV	line_Tier 6 - LuV.txt	2645
任务	Fuuuuuu...(sion)!	quest.Novice Thaumaturgy	line_Novice Thaumaturgy.txt	238
任务	Fuwusion MK5	quest.Tier 11 - UIV	line_Tier 11 - UIV.txt	-5258609888143859259
任务	GT MV Tank...Already?	quest.Tier 1 - LV	line_Tier 1 - LV.txt	892
任务	GT Tanks, HV Tank	quest.Tier 2 - MV	line_Tier 2 - MV.txt	894
任务	GT Tanks, the LV Version	quest.Tier 1 - LV	line_Tier 1 - LV.txt	891
任务	GT6-Styled Pipes	quest.extra_MultipleQuestLine	line_extra_MultipleQuestLine.txt	1146
任务	GT6-Styled Wires and Cables	quest.Tier 0.5 - Steam	line_Tier 0.5 - Steam.txt	1147
任务	Galaxy in a Bottle...?	quest.Tier 10 - UEV	line_Tier 10 - UEV.txt	2583
任务	Gallium Arsenide Crystal	quest.Tier 1 - LV	line_Tier 1 - LV.txt	836
任务	Gallium and more	quest.Tier 3 - HV	line_Tier 3 - HV.txt	2976
任务	Galvania	quest.The Green Revolution	line_The Green Revolution.txt	-5815279763353499952
任务	Gardener	quest.Tier 0 - Stone Age	line_Tier 0 - Stone Age.txt	483
任务	Gas 'Er Up	quest.Space Race	line_Space Race.txt	821
任务	Gas Turbine	quest.How to Generate Power	line_How to Generate Power.txt	1894
任务	Gasoline	quest.Working with Oil	line_Working with Oil.txt	3018
任务	Gassy Bees	quest.Be(e) Breeding	line_Be(e) Breeding.txt	363
任务	Gem Crops	quest.The Green Revolution	line_The Green Revolution.txt	-8748016081769452107
任务	Gem Enchantment	quest.Hardcore End(er) Expansion	line_Hardcore End(er) Expansion.txt	2365
任务	Gen XXXXXXXXXX...	quest.Adept Thaumaturgy	line_Adept Thaumaturgy.txt	2412
任务	Gene Database	quest.How to Be(e)	line_How to Be(e).txt	2099
任务	Gene Extractor	quest.The Green Revolution	line_The Green Revolution.txt	-7739393154643532398
任务	Genepool	quest.How to Be(e)	line_How to Be(e).txt	2095
任务	General Purpose Fermenting Bacteria	quest.Tier 8 - UV	line_Tier 8 - UV.txt	2715
任务	Generator Power	quest.Working with Oil	line_Working with Oil.txt	2990
任务	Genetic Imprinter	quest.How to Be(e)	line_How to Be(e).txt	511
任务	Genetic Sampler	quest.How to Be(e)	line_How to Be(e).txt	509
任务	Genetic Transposer	quest.How to Be(e)	line_How to Be(e).txt	512
任务	Genus Lilium	quest.The Green Revolution	line_The Green Revolution.txt	-5040051978056922064
任务	Geothermal Power EV	quest.How to Generate Power	line_How to Generate Power.txt	2798
任务	Geothermal Power IV	quest.How to Generate Power	line_How to Generate Power.txt	2799
任务	Geothermal Power LuV	quest.How to Generate Power	line_How to Generate Power.txt	2800
任务	Get That Stone	quest.And So, It Begins	line_And So, It Begins.txt	8
任务	Get Those Machines to Work	quest.Handle Logistics with Pipes	line_Handle Logistics with Pipes.txt	-4693314276576942578
任务	Get Your Priorities Straight	quest.Applied Energistics	line_Applied Energistics.txt	-8441065433407616811
任务	Get it Together Bees!	quest.How to Be(e)	line_How to Be(e).txt	2767
任务	Getting (Char)coal	quest.Tier 0 - Stone Age	line_Tier 0 - Stone Age.txt	24
任务	Getting Dusty	quest.The Green Revolution	line_The Green Revolution.txt	-6181610685332966026
任务	Getting Europium	quest.Tier 6 - LuV	line_Tier 6 - LuV.txt	1213
任务	Getting Iron	quest.Tier 0 - Stone Age	line_Tier 0 - Stone Age.txt	37
任务	Getting More Out of Your Hypogen	quest.Tier 11 - UIV	line_Tier 11 - UIV.txt	-7423471752612220255
任务	Getting Muddy With Monazite	quest.Multiblock Goals	line_Multiblock Goals.txt	3041
任务	Getting Ready for Tier 2, MV	quest.Tier 1 - LV	line_Tier 1 - LV.txt	103
任务	Getting Samarium in IV	quest.Tier 5 - IV	line_Tier 5 - IV.txt	-6274099661929415720
任务	Getting Samarium in LuV	quest.Tier 5 - IV	line_Tier 5 - IV.txt	-6160583425153700818
任务	Getting Shards	quest.Novice Thaumaturgy	line_Novice Thaumaturgy.txt	233
任务	Getting Soul Shards	quest.Paying the Highest Price	line_Paying the Highest Price.txt	430
任务	Getting Your First Platinum	quest.Tier 3 - HV	line_Tier 3 - HV.txt	2295
任务	Getting Your First Processors	quest.Applied Energistics	line_Applied Energistics.txt	183
任务	Getting the most out of your Bauxite.	quest.Tier 3 - HV	line_Tier 3 - HV.txt	2978
任务	Ghast: Evolved	quest.Kill All the Things	line_Kill All the Things.txt	921
任务	Ghastly	quest.Be(e) Breeding	line_Be(e) Breeding.txt	2275
任务	Ghetto Biome Changing	quest.How to Be(e)	line_How to Be(e).txt	2416
任务	Ghost Amulet	quest.Hardcore End(er) Expansion	line_Hardcore End(er) Expansion.txt	2361
任务	Giant Sequoia	quest.Forestry and Multifarms	line_Forestry and Multifarms.txt	2865
任务	Gimme gimme gimme	quest.Novice Thaumaturgy	line_Novice Thaumaturgy.txt	2147
任务	Glass Fiber	quest.Tier 4 - EV	line_Tier 4 - EV.txt	1675
任务	Glass Sacrificial Dagger	quest.Paying the Highest Price	line_Paying the Highest Price.txt	2452
任务	Glass of Many Colors	quest.Building Better Bases	line_Building Better Bases.txt	1959
任务	Glassworker	quest.Building Better Bases	line_Building Better Bases.txt	1965
任务	Glider Wings	quest.Getting Around...	line_Getting Around....txt	645
任务	Glowing Marshmallow	quest.Feeding Yourself	line_Feeding Yourself.txt	1486
任务	Glowing Matter	quest.Tier 5 - IV	line_Tier 5 - IV.txt	3076
任务	Glowstone	quest.Be(e) Breeding	line_Be(e) Breeding.txt	-8934580080477372197
任务	Glowstone & Chisel torches, space rated	quest.Building Better Bases	line_Building Better Bases.txt	1977
任务	Glue	quest.Tier 1 - LV	line_Tier 1 - LV.txt	745
任务	Glycerol	quest.Tier 2 - MV	line_Tier 2 - MV.txt	1226
任务	Glyceryl Trini...... What?	quest.Multiblock Goals	line_Multiblock Goals.txt	556
任务	Go Find Some Bees	quest.How to Be(e)	line_How to Be(e).txt	501
任务	Go Find Some Tropical Bees	quest.How to Be(e)	line_How to Be(e).txt	992
任务	Goals	quest.And So, It Begins	line_And So, It Begins.txt	396
任务	Goggles > 9000	quest....Without Dying	line_...Without Dying.txt	1352
任务	Going Superluminal	quest.Applied Energistics	line_Applied Energistics.txt	-7599953951282587810
任务	Going to Need a Big Hat...	quest.Look to the Edges	line_Look to the Edges.txt	1650
任务	Gold	quest.Be(e) Breeding	line_Be(e) Breeding.txt	-8063033383018802688
任务	Gold Barrel	quest.extra_MultipleQuestLine	line_extra_MultipleQuestLine.txt	-7060842715059683845
任务	Gold Shulker Box	quest.Building Better Bases	line_Building Better Bases.txt	-5188884833545587110
任务	Gold-Banded Greatwood Scepter	quest.Novice Thaumaturgy	line_Novice Thaumaturgy.txt	877
任务	Golden Berries	quest.The Green Revolution	line_The Green Revolution.txt	-4971847490447094237
任务	Golden Raspberry	quest.Forestry and Multifarms	line_Forestry and Multifarms.txt	2873
任务	Good Circuits	quest.Tier 1 - LV	line_Tier 1 - LV.txt	717
任务	Good Integrated Circuits	quest.Tier 2 - MV	line_Tier 2 - MV.txt	793
任务	Got a Flat Tire?	quest.Tier 0 - Stone Age	line_Tier 0 - Stone Age.txt	2402
任务	Gotta Catch 'em All	quest.Tier 1 - LV	line_Tier 1 - LV.txt	117
任务	Gotta Find Them All	quest.Applied Energistics	line_Applied Energistics.txt	179
任务	Gotta Go Fast!	quest.Building Better Bases	line_Building Better Bases.txt	-7818274023635649048
任务	Gotta Pump It Up	quest.Storing and Transforming EU	line_Storing and Transforming EU.txt	2972
任务	Grain Bait	quest.Feeding Yourself	line_Feeding Yourself.txt	627
任务	Grandidier's Baobab	quest.Forestry and Multifarms	line_Forestry and Multifarms.txt	2864
任务	Granitic Lilies	quest.The Green Revolution	line_The Green Revolution.txt	-5535861176622880905
任务	Graphene	quest.Tier 4 - EV	line_Tier 4 - EV.txt	394
任务	Grapple	quest.Space Race	line_Space Race.txt	1472
任务	Gravel: The Gathering	quest.Tier 0 - Stone Age	line_Tier 0 - Stone Age.txt	20
任务	Gravi Suit	quest.extra_MultipleQuestLine	line_extra_MultipleQuestLine.txt	655
任务	Gravity Boots	quest.Space Race	line_Space Race.txt	1734
任务	Greedy Chest	quest.Novice Thaumaturgy	line_Novice Thaumaturgy.txt	2050
任务	Green Cetane-Boosted Diesel	quest.Bio for the Masses	line_Bio for the Masses.txt	3120
任务	Green Ethenone	quest.Bio for the Masses	line_Bio for the Masses.txt	3119
任务	Green Nitric Acid	quest.Bio for the Masses	line_Bio for the Masses.txt	3118
任务	Greenhouses on Mountains, Hell on Earth	quest.Look to the Edges	line_Look to the Edges.txt	2425
任务	Grinding Heads Are Better Than None	quest.Tier 2 - MV	line_Tier 2 - MV.txt	2086
任务	Grinding With Wind	quest.Multiblock Goals	line_Multiblock Goals.txt	1832
任务	Growing	quest.Be(e) Breeding	line_Be(e) Breeding.txt	2158
任务	Growing Auram	quest.Novice Thaumaturgy	line_Novice Thaumaturgy.txt	-6377301388234701261
任务	Growing Glowstone the Magical Way	quest.Novice Thaumaturgy	line_Novice Thaumaturgy.txt	-6516225634758235386
任务	Growing Spiders	quest.The Green Revolution	line_The Green Revolution.txt	-7827313852847375747
任务	Growing your own Knowledge!	quest.Novice Thaumaturgy	line_Novice Thaumaturgy.txt	-5722547895249924043
任务	Growth Medium	quest.How to Be(e)	line_How to Be(e).txt	-8060696980258519811
任务	Gut-Enough For You? Bet You Thought Newspapers Were Dead!	quest.Tier 2 - MV	line_Tier 2 - MV.txt	1913
任务	Guzzling Massive Amounts of Gas	quest.Tier 12 - UMV	line_Tier 12 - UMV.txt	-7951601137615098449
任务	Gypsum	quest.Tier 0.5 - Steam	line_Tier 0.5 - Steam.txt	868
任务	H for Hydrogen... the Rest of the Alphabet is Too Complicated...	quest.Tier 1 - LV	line_Tier 1 - LV.txt	550
任务	H8N4C2O4 (Green) Rocket Fuel	quest.Space Race	line_Space Race.txt	147
任务	HCL	quest.Tier 2 - MV	line_Tier 2 - MV.txt	1227
任务	HDD	quest.SFM and Computers	line_SFM and Computers.txt	1756
任务	HEE Biome Compass	quest.Hardcore End(er) Expansion	line_Hardcore End(er) Expansion.txt	2355
任务	HEV Mark III Protective System	quest.Tier 4 - EV	line_Tier 4 - EV.txt	189
任务	HSS-G	quest.Tier 4 - EV	line_Tier 4 - EV.txt	1491
任务	HSS-G Coil Upgrade	quest.Multiblock Goals	line_Multiblock Goals.txt	475
任务	HSS-S	quest.Tier 5 - IV	line_Tier 5 - IV.txt	1665
任务	HSS-S Coil Upgrade	quest.Multiblock Goals	line_Multiblock Goals.txt	2892
任务	HV Advanced Steam Boiler	quest.Tier 3 - HV	line_Tier 3 - HV.txt	1901
任务	HV Battery	quest.Storing and Transforming EU	line_Storing and Transforming EU.txt	1144
任务	HV Battery Buffers	quest.Storing and Transforming EU	line_Storing and Transforming EU.txt	1142
任务	HV Battery Hulls	quest.Storing and Transforming EU	line_Storing and Transforming EU.txt	1143
任务	HV Bender	quest.Tier 3 - HV	line_Tier 3 - HV.txt	1289
任务	HV Cutting Machine	quest.Tier 3 - HV	line_Tier 3 - HV.txt	1236
任务	HV Energy Hatch	quest.Tier 3 - HV	line_Tier 3 - HV.txt	1903
任务	HV Extruder	quest.Tier 3 - HV	line_Tier 3 - HV.txt	1271
任务	HV Field Generator	quest.Tier 4 - EV	line_Tier 4 - EV.txt	-6179797011077510906
任务	HV Steam Turbine	quest.How to Generate Power	line_How to Generate Power.txt	1403
任务	HV Superconductors (512 EU/t)	quest.Tier 3 - HV	line_Tier 3 - HV.txt	1405
任务	Hafnium Line	quest.Tier 5 - IV	line_Tier 5 - IV.txt	3047
任务	Haha, Spinny Ingot	quest.Tier 11 - UIV	line_Tier 11 - UIV.txt	-8415680337631262256
任务	Hail to the King	quest.Kill All the Things	line_Kill All the Things.txt	2111
任务	Hallucinogenics Not Included	quest.How to Generate Power	line_How to Generate Power.txt	2793
任务	Hammer time v2	quest.Tier 0.5 - Steam	line_Tier 0.5 - Steam.txt	53
任务	Handle Resources Like a Bo$$ #1	quest.Tier 1 - LV	line_Tier 1 - LV.txt	-7131856560517868006
任务	Handle Resources Like a Bo$$ #2	quest.Tier 1 - LV	line_Tier 1 - LV.txt	-8716647126264214083
任务	Handle Tiny Piles Like a K1ng	quest.Tier 1 - LV	line_Tier 1 - LV.txt	839
任务	Handpicking Crops is So Old School	quest.Tier 0.5 - Steam	line_Tier 0.5 - Steam.txt	-4815840969987309766
任务	Hangover From All That Glue?	quest.Tier 3 - HV	line_Tier 3 - HV.txt	2736
任务	Happenstance Oil	quest.Look to the Edges	line_Look to the Edges.txt	2342
任务	Harder, Better, Faster, Stronger... Pt 1 in UHV	quest.Tier 9 - UHV	line_Tier 9 - UHV.txt	2617
任务	Harder, Better, Faster, Stronger... Pt 2 in UHV	quest.Tier 9 - UHV	line_Tier 9 - UHV.txt	2618
任务	Harder, Stronger, Faster	quest....Without Dying	line_...Without Dying.txt	155
任务	Harnessing Chaos	quest.How to Generate Power	line_How to Generate Power.txt	-6186301913252184525
任务	Hateful	quest.Be(e) Breeding	line_Be(e) Breeding.txt	2250
任务	Healing Your Nodes	quest.Adept Thaumaturgy	line_Adept Thaumaturgy.txt	2064
任务	Hearty Breakfast	quest.Feeding Yourself	line_Feeding Yourself.txt	1089
任务	Heat it Up!	quest.Tier 5 - IV	line_Tier 5 - IV.txt	2881
任务	Heat-Seeking Vis-sile	quest.Focus on Wand Foci & EMT	line_Focus on Wand Foci & EMT.txt	1395
任务	Heating Coils	quest.Forestry and Multifarms	line_Forestry and Multifarms.txt	585
任务	Heavy Duty Nose Cone Tier 3	quest.Space Race	line_Space Race.txt	1727
任务	Heavy Duty Nose Cone Tier 4	quest.Space Race	line_Space Race.txt	2707
任务	Heavy Duty Rocket Engine Tier 3	quest.Space Race	line_Space Race.txt	1728
任务	Heavy Duty Rocket Engine Tier 4	quest.Space Race	line_Space Race.txt	2705
任务	Heavy Duty Rocket Fins Tier 3	quest.Space Race	line_Space Race.txt	1729
任务	Heavy Duty Rocket Fins Tier 4	quest.Space Race	line_Space Race.txt	2706
任务	Heavy Fuel	quest.Tier 1 - LV	line_Tier 1 - LV.txt	552
任务	Heavy Fuel	quest.Working with Oil	line_Working with Oil.txt	2998
任务	Heavy Rocket Engine	quest.Space Race	line_Space Race.txt	1458
任务	Heavy Rocket Fins	quest.Space Race	line_Space Race.txt	1459
任务	Heavy Rocket Nose Cone	quest.Space Race	line_Space Race.txt	1457
任务	Heavy Sulfuric Fuel	quest.Tier 1 - LV	line_Tier 1 - LV.txt	551
任务	Heliocast Reinforcement	quest.extra_MultipleQuestLine	line_extra_MultipleQuestLine.txt	-4816560311953460631
任务	Helioflux Melting Core my Beloved	quest.Tier 11 - UIV	line_Tier 11 - UIV.txt	-9020796615899025430
任务	Heliofusion Exoticizer	quest.Tier 11 - UIV	line_Tier 11 - UIV.txt	-7880209593223277990
任务	Heliothermal Plasma Fabricator	quest.Tier 11 - UIV	line_Tier 11 - UIV.txt	-5675835535531457502
任务	Helium 3 and Saltwater on Moon	quest.Space Race	line_Space Race.txt	1742
任务	Helium is Not Just for Balloons	quest.Multiblock Goals	line_Multiblock Goals.txt	1904
任务	Hellish Metal	quest.Tier 6 - LuV	line_Tier 6 - LuV.txt	-7031660740925257993
任务	Hello Baron, How's Your Black Gold Today?	quest.extra_MultipleQuestLine	line_extra_MultipleQuestLine.txt	546
任务	Hello World!	quest.SFM and Computers	line_SFM and Computers.txt	1761
任务	Hemp	quest.The Green Revolution	line_The Green Revolution.txt	-5439170394839090099
任务	Hephaestus' EBF	quest.Mass Processing	line_Mass Processing.txt	2036
任务	Here There be Dragons	quest....Without Dying	line_...Without Dying.txt	2118
任务	Here's Some Oil	quest.extra_MultipleQuestLine	line_extra_MultipleQuestLine.txt	2986
任务	Hermitic	quest.Be(e) Breeding	line_Be(e) Breeding.txt	2175
任务	Heroic	quest.Be(e) Breeding	line_Be(e) Breeding.txt	2243
任务	Hey DJ, Mix it!	quest.Tier 1 - LV	line_Tier 1 - LV.txt	554
任务	Hey is That a Friendly Bumblebee?	quest.Kill All the Things	line_Kill All the Things.txt	2079
任务	Hidden Drawers	quest.Tier 3 - HV	line_Tier 3 - HV.txt	2398
任务	High Density Vacuum Nukes	quest.Powerful Nuclear Physics	line_Powerful Nuclear Physics.txt	3171
任务	High Energy Laser Purification	quest.extra_MultipleQuestLine	line_extra_MultipleQuestLine.txt	-7118851089254229135
任务	High Octane Gasoline	quest.Working with Oil	line_Working with Oil.txt	3019
任务	High Temperature Gas-cooled Reactor	quest.extra_MultipleQuestLine	line_extra_MultipleQuestLine.txt	3182
任务	High Voltage Multiblocks	quest.Mass Processing	line_Mass Processing.txt	-6615881702968461094
任务	High-Pressure Boiler Tank	quest.Multiblock Goals	line_Multiblock Goals.txt	562
任务	High-Speed Charcoal	quest.Multiblock Goals	line_Multiblock Goals.txt	83
任务	High-end Rituals	quest.Paying the Highest Price	line_Paying the Highest Price.txt	713
任务	High-tier Wand	quest.Building Better Bases	line_Building Better Bases.txt	-5578396721046097458
任务	Highend species: Doctoral	quest.How to Be(e)	line_How to Be(e).txt	523
任务	Highend species: Draconic	quest.How to Be(e)	line_How to Be(e).txt	522
任务	Highend species: Silicon	quest.How to Be(e)	line_How to Be(e).txt	525
任务	Higher Capacity Dynamo	quest.Working with Oil	line_Working with Oil.txt	3021
任务	Higher Precision	quest.Multiblock Goals	line_Multiblock Goals.txt	2672
任务	Higher Tier Cables	quest.Tier 4 - EV	line_Tier 4 - EV.txt	2450
任务	Hill Cherry	quest.Forestry and Multifarms	line_Forestry and Multifarms.txt	2128
任务	Hold All the Foci	quest.Kaaami, Haaaami, ... HA!	line_Kaaami, Haaaami, ... HA!.txt	328
任务	Honey for sugar.	quest.Feeding Yourself	line_Feeding Yourself.txt	1283
任务	Hootch	quest.Tier 2 - MV	line_Tier 2 - MV.txt	150
任务	Hoppers	quest.Tier 0.5 - Steam	line_Tier 0.5 - Steam.txt	1205
任务	Hops, The Source of Beer	quest.The Green Revolution	line_The Green Revolution.txt	1288
任务	Hot Hot Hot!	quest.Multiblock Goals	line_Multiblock Goals.txt	2069
任务	Hot Netherite Scrap	quest.Tier 6 - LuV	line_Tier 6 - LuV.txt	-7223099091008597338
任务	Hot Puzzle	quest.Hardcore End(er) Expansion	line_Hardcore End(er) Expansion.txt	2369
任务	Hot Slurry	quest.Tier 3 - HV	line_Tier 3 - HV.txt	2977
任务	Housing for Advanced Components	quest.Applied Energistics	line_Applied Energistics.txt	2487
任务	Housing for Advanced Fluid Components	quest.Applied Energistics	line_Applied Energistics.txt	-8261255533218631311
任务	How Can I Carry All These Items?	quest.Tier 0.5 - Steam	line_Tier 0.5 - Steam.txt	558
任务	How Dark Can You Go?	quest.Paying the Highest Price	line_Paying the Highest Price.txt	700
任务	How Do I Charge This Stuff?	quest.Space Race	line_Space Race.txt	2848
任务	How Do You Even Pronounce This?	quest.Space Race	line_Space Race.txt	2692
任务	How Many Forests Did You Cut Down to Power This?	quest.How to Generate Power	line_How to Generate Power.txt	2786
任务	How Much Power From One Reactor?	quest.Powerful Nuclear Physics	line_Powerful Nuclear Physics.txt	3163
任务	How Much is Too Much Cobblestone?	quest.Tier 3 - HV	line_Tier 3 - HV.txt	1909
任务	How Much is Too Much Fluid?	quest.Tier 3 - HV	line_Tier 3 - HV.txt	1815
任务	How the Heck Do I Find Ores?	quest.extra_MultipleQuestLine	line_extra_MultipleQuestLine.txt	1496
任务	How to Get Sodium	quest.Tier 1 - LV	line_Tier 1 - LV.txt	621
任务	How to Get Sodium and Lithium	quest.Tier 1 - LV	line_Tier 1 - LV.txt	622
任务	How to Make Rubber	quest.Tier 0.5 - Steam	line_Tier 0.5 - Steam.txt	496
任务	How to Open Your Wooden Doors?	quest.Tier 0.5 - Steam	line_Tier 0.5 - Steam.txt	2333
任务	How to open your Iron Doors?	quest.Tier 0.5 - Steam	line_Tier 0.5 - Steam.txt	2332
任务	Huge Turbines And Loose Mode	quest.Bio for the Masses	line_Bio for the Masses.txt	3139
任务	Hulk Smash!	quest.Mass Processing	line_Mass Processing.txt	1421
任务	Humid and Warm?	quest.How to Be(e)	line_How to Be(e).txt	1511
任务	Humongous Hatch	quest.Endgame Goals	line_Endgame Goals.txt	-7324646234246780509
任务	Hundreds of Thousands of eV	quest.Multiblock Goals	line_Multiblock Goals.txt	-6603481604534581008
任务	Hunger No More	quest.Feeding Yourself	line_Feeding Yourself.txt	600
任务	Hunger No More!	quest.Look to the Edges	line_Look to the Edges.txt	1582
任务	Hydra	quest.Be(e) Breeding	line_Be(e) Breeding.txt	367
任务	Hydrazine	quest.Space Race	line_Space Race.txt	2394
任务	Hydrobotanic Energy	quest.Flower Power	line_Flower Power.txt	3255
任务	Hydrogen Peroxide	quest.Space Race	line_Space Race.txt	2396
任务	Hydrogen, Methane or Some Farts... (Natural gas)	quest.extra_MultipleQuestLine	line_extra_MultipleQuestLine.txt	533
任务	Hyper Acceleration!	quest.Applied Energistics	line_Applied Energistics.txt	-8207540231386597249
任务	Hypercooler	quest.extra_MultipleQuestLine	line_extra_MultipleQuestLine.txt	-8996400694357366622
任务	Hyperheated Steam	quest.Working with Oil	line_Working with Oil.txt	3028
任务	Hypochlorous Acid	quest.Tier 4 - EV	line_Tier 4 - EV.txt	859
任务	Hypogen	quest.Tier 10 - UEV	line_Tier 10 - UEV.txt	2584
任务	Hypogen Coil Upgrade	quest.extra_MultipleQuestLine	line_extra_MultipleQuestLine.txt	3218
任务	I Ain't Afraid of no Ghost!	quest.Tier 0.5 - Steam	line_Tier 0.5 - Steam.txt	1536
任务	I Can See Everything	quest.Novice Thaumaturgy	line_Novice Thaumaturgy.txt	1998
任务	I Don't Even...	quest.Kill All the Things	line_Kill All the Things.txt	901
任务	I Don't Want to Set the World on Fire	quest.Focus on Wand Foci & EMT	line_Focus on Wand Foci & EMT.txt	1372
任务	I Guess it's an Inkjet?	quest.Tier 1 - LV	line_Tier 1 - LV.txt	1792
任务	I Know His Name!	quest.Tier 0.5 - Steam	line_Tier 0.5 - Steam.txt	2399
任务	I Like Big Sandwiches	quest.Feeding Yourself	line_Feeding Yourself.txt	1855
任务	I Love Pressing the F5 Key.	quest.SFM and Computers	line_SFM and Computers.txt	1762
任务	I NEED THAT!!!!!!	quest.Handle Logistics with Pipes	line_Handle Logistics with Pipes.txt	-8106663093148392273
任务	I Put Fusion in Your Fusion so you Can Fusion While You Fusion	quest.Tier 8 - UV	line_Tier 8 - UV.txt	1202
任务	I See Everything	quest.Tier 3 - HV	line_Tier 3 - HV.txt	163
任务	I Think I'm Going to be Sick	quest.Mass Processing	line_Mass Processing.txt	2028
任务	I Want SOLIDS Not LIQUIDS!	quest.Mass Processing	line_Mass Processing.txt	2759
任务	I need a drink. And more Chrome.	quest.Tier 2 - MV	line_Tier 2 - MV.txt	2975
任务	I need a stabilizer	quest.Tier 7 - ZPM	line_Tier 7 - ZPM.txt	379
任务	I'll Send Wireless Signals Where I Want, Thank You	quest.extra_MultipleQuestLine	line_extra_MultipleQuestLine.txt	2528
任务	I'll teach you... how to Praise the Sun!	quest.How to Generate Power	line_How to Generate Power.txt	-6008922449644892285
任务	I'm Hungry	quest.Tier 7 - ZPM	line_Tier 7 - ZPM.txt	376
任务	I'm Telling You, It's Not Mold!	quest.Tier 9 - UHV	line_Tier 9 - UHV.txt	2659
任务	IAADDS	quest.How to Be(e)	line_How to Be(e).txt	3284
任务	IC2 Battery	quest.Tier 1 - LV	line_Tier 1 - LV.txt	620
任务	IC2 Nuke Variations	quest.Powerful Nuclear Physics	line_Powerful Nuclear Physics.txt	3148
任务	ILC and RAM	quest.Tier 2 - MV	line_Tier 2 - MV.txt	837
任务	IO, IO, It's Off to EnderIO We Go	quest.Tier 2 - MV	line_Tier 2 - MV.txt	128
任务	IV 16A Hatches	quest.Storing and Transforming EU	line_Storing and Transforming EU.txt	-5394963145209394286
任务	IV 4A Hatches	quest.Storing and Transforming EU	line_Storing and Transforming EU.txt	-4811681098047879827
任务	IV 64A Hatches	quest.Storing and Transforming EU	line_Storing and Transforming EU.txt	-7768747276085375941
任务	IV Assembler	quest.Tier 5 - IV	line_Tier 5 - IV.txt	1890
任务	IV Circuit Assembler	quest.Tier 5 - IV	line_Tier 5 - IV.txt	1669
任务	IV Energy Hatch	quest.Tier 5 - IV	line_Tier 5 - IV.txt	2830
任务	IV Field Generator	quest.Tier 5 - IV	line_Tier 5 - IV.txt	-5282439462436342828
任务	IV Glass	quest.Multiblock Goals	line_Multiblock Goals.txt	2557
任务	IV Mixer	quest.Tier 5 - IV	line_Tier 5 - IV.txt	1410
任务	IV Superconductors (8192 EU/t)	quest.Tier 5 - IV	line_Tier 5 - IV.txt	1409
任务	Ice Ice Baby	quest.Feeding Yourself	line_Feeding Yourself.txt	-7205325599072663407
任务	Ichor Caps	quest.Kaaami, Haaaami, ... HA!	line_Kaaami, Haaaami, ... HA!.txt	2727
任务	Ichor Core	quest.Kaaami, Haaaami, ... HA!	line_Kaaami, Haaaami, ... HA!.txt	2726
任务	Ichorium	quest.Kaaami, Haaaami, ... HA!	line_Kaaami, Haaaami, ... HA!.txt	320
任务	Ignis	quest.Be(e) Breeding	line_Be(e) Breeding.txt	2226
任务	Ignore the Glint in Their Eyes	quest.Adept Thaumaturgy	line_Adept Thaumaturgy.txt	3272
任务	Illuminated Panels	quest.Applied Energistics	line_Applied Energistics.txt	2519
任务	Imbued Spell Upgrades	quest.Paying the Highest Price	line_Paying the Highest Price.txt	715
任务	Imma Chargin' My...	quest.Applied Energistics	line_Applied Energistics.txt	1290
任务	Imperfect Ritual Stone	quest.Paying the Highest Price	line_Paying the Highest Price.txt	2453
任务	Important Tools	quest.Tier 0 - Stone Age	line_Tier 0 - Stone Age.txt	36
任务	Impregnated Frames	quest.How to Be(e)	line_How to Be(e).txt	1113
任务	Imprint Supporting Boards	quest.Tier 6 - LuV	line_Tier 6 - LuV.txt	2606
任务	Imprints, They're Important	quest.Tier 6 - LuV	line_Tier 6 - LuV.txt	2602
任务	Improved Armor: Samurai Style	quest.Novice Thaumaturgy	line_Novice Thaumaturgy.txt	290
任务	Improved Fission	quest.Powerful Nuclear Physics	line_Powerful Nuclear Physics.txt	3150
任务	Improved Oil Cracker	quest.Working with Oil	line_Working with Oil.txt	3012
任务	Improving Conduits	quest.Tier 2 - MV	line_Tier 2 - MV.txt	136
任务	Improving Your Wand	quest.Novice Thaumaturgy	line_Novice Thaumaturgy.txt	232
任务	In-game Guide	quest.And So, It Begins	line_And So, It Begins.txt	-7688742850291984857
任务	Incense Crucible	quest.Paying the Highest Price	line_Paying the Highest Price.txt	-5009088933424523272
任务	Incomplete Combustion	quest.How to Generate Power	line_How to Generate Power.txt	2967
任务	Increasing the Capacity	quest.extra_MultipleQuestLine	line_extra_MultipleQuestLine.txt	195
任务	Incubator	quest.How to Be(e)	line_How to Be(e).txt	2088
任务	Indestructible Vessel	quest.Getting Around...	line_Getting Around....txt	-7733034115414850723
任务	Indium	quest.Be(e) Breeding	line_Be(e) Breeding.txt	390
任务	Indium	quest.Tier 4 - EV	line_Tier 4 - EV.txt	1005
任务	Industrial 3D Copying Machine	quest.extra_MultipleQuestLine	line_extra_MultipleQuestLine.txt	387
任务	Industrial Coke Oven	quest.extra_MultipleQuestLine	line_extra_MultipleQuestLine.txt	3129
任务	Industrial Grafter	quest.Forestry and Multifarms	line_Forestry and Multifarms.txt	2263
任务	Industrial Scale Seaweed Production	quest.Tier 9 - UHV	line_Tier 9 - UHV.txt	2681
任务	Industrial Sledgehammer	quest.Mass Processing	line_Mass Processing.txt	386
任务	Industrial Water Purification	quest.extra_MultipleQuestLine	line_extra_MultipleQuestLine.txt	-6215508413557630456
任务	Industrious	quest.Be(e) Breeding	line_Be(e) Breeding.txt	2164
任务	Infernal	quest.Be(e) Breeding	line_Be(e) Breeding.txt	-6706848260873273195
任务	Infestation Remedy	quest.Hardcore End(er) Expansion	line_Hardcore End(er) Expansion.txt	2374
任务	Infinite Bats! Wait, What??	quest.Novice Thaumaturgy	line_Novice Thaumaturgy.txt	2259
任务	Infinite Durability	quest.Novice Thaumaturgy	line_Novice Thaumaturgy.txt	-7017820600167427633
任务	Infinite Energy Storage	quest.Storing and Transforming EU	line_Storing and Transforming EU.txt	2971
任务	Infinite Oxygen Tank	quest.Tier 9 - UHV	line_Tier 9 - UHV.txt	2589
任务	Infinite Turbines	quest.extra_MultipleQuestLine	line_extra_MultipleQuestLine.txt	3192
任务	Infinite Vis Storage, kinda?	quest.Tier 9 - UHV	line_Tier 9 - UHV.txt	2585
任务	Infinite Water Cell	quest.extra_MultipleQuestLine	line_extra_MultipleQuestLine.txt	-5277210864538635347
任务	Infinite Water!	quest.Novice Thaumaturgy	line_Novice Thaumaturgy.txt	259
任务	Infinite... Lava?	quest.Novice Thaumaturgy	line_Novice Thaumaturgy.txt	258
任务	Infinity	quest.Be(e) Breeding	line_Be(e) Breeding.txt	-7137489033282013666
任务	Infinity Boots	quest.Tier 10 - UEV	line_Tier 10 - UEV.txt	-9129674536551875363
任务	Infinity Breastplate	quest.Tier 10 - UEV	line_Tier 10 - UEV.txt	-5257993220658042190
任务	Infinity Catalyst	quest.Be(e) Breeding	line_Be(e) Breeding.txt	-7797974468906509980
任务	Infinity Chest	quest.extra_MultipleQuestLine	line_extra_MultipleQuestLine.txt	2577
任务	Infinity Coil Upgrade	quest.Multiblock Goals	line_Multiblock Goals.txt	3217
任务	Infinity Egg	quest.extra_MultipleQuestLine	line_extra_MultipleQuestLine.txt	-9070502167683159186
任务	Infinity Helmet	quest.Tier 10 - UEV	line_Tier 10 - UEV.txt	2568
任务	Infinity Infrastructure	quest.Tier 9 - UHV	line_Tier 9 - UHV.txt	2582
任务	Infinity Pants	quest.Tier 10 - UEV	line_Tier 10 - UEV.txt	-7064938304558843391
任务	Inflatable Boot	quest.Getting Around...	line_Getting Around....txt	669
任务	Infuse Your Focus	quest.Adept Thaumaturgy	line_Adept Thaumaturgy.txt	1401
任务	Infused Altar	quest.Hardcore End(er) Expansion	line_Hardcore End(er) Expansion.txt	2382
任务	Infused Brewing Stand	quest.Hardcore End(er) Expansion	line_Hardcore End(er) Expansion.txt	2379
任务	Infused Cloth	quest.Kaaami, Haaaami, ... HA!	line_Kaaami, Haaaami, ... HA!.txt	316
任务	Infused Solars	quest.How to Generate Power	line_How to Generate Power.txt	1335
任务	Infused Stones	quest.Novice Thaumaturgy	line_Novice Thaumaturgy.txt	229
任务	Inputs and Outputs in the LFTR	quest.Powerful Nuclear Physics	line_Powerful Nuclear Physics.txt	3177
任务	Insane Voltage Multiblocks	quest.Mass Processing	line_Mass Processing.txt	-6208773058821867190
任务	Inserting Fluids	quest.Handle Logistics with Pipes	line_Handle Logistics with Pipes.txt	-6502072158014938432
任务	Inserting Items Into the Network	quest.Applied Energistics	line_Applied Energistics.txt	1308
任务	Insurgence	quest.Applied Energistics	line_Applied Energistics.txt	365
任务	Integrated Circuit	quest.Tier 2 - MV	line_Tier 2 - MV.txt	794
任务	Integrated Ore Factory - All in One!	quest.extra_MultipleQuestLine	line_extra_MultipleQuestLine.txt	-7616949155129872515
任务	Integrated Processor	quest.Tier 3 - HV	line_Tier 3 - HV.txt	1016
任务	Intelligence is the Ability to Adapt to Change	quest.SFM and Computers	line_SFM and Computers.txt	1760
任务	Intelligent Circuits	quest.Tier 8 - UV	line_Tier 8 - UV.txt	2652
任务	Intensely Bonded Netherite Nanoparticles	quest.Tier 6 - LuV	line_Tier 6 - LuV.txt	-5888372301926931463
任务	Interacting With Stuff	quest.Basic Automation	line_Basic Automation.txt	1625
任务	Interfacing with Inventories	quest.Applied Energistics	line_Applied Energistics.txt	1303
任务	Interfacing with Machines	quest.Applied Energistics	line_Applied Energistics.txt	1302
任务	Interfacing with Tanks	quest.Applied Energistics	line_Applied Energistics.txt	1304
任务	Intradimensional Input buses	quest.Tier 5 - IV	line_Tier 5 - IV.txt	-6601301260503824958
任务	Intricate Farm Logic	quest.Forestry and Multifarms	line_Forestry and Multifarms.txt	595
任务	Introducing the NAC™	quest.Tier 10 - UEV	line_Tier 10 - UEV.txt	-6966981174478510993
任务	Inventory Relay	quest.SFM and Computers	line_SFM and Computers.txt	2001
任务	Io Dungeon	quest.Space Race	line_Space Race.txt	1723
任务	Io Trip	quest.Tier 5 - IV	line_Tier 5 - IV.txt	2698
任务	Iridine	quest.The Green Revolution	line_The Green Revolution.txt	-5003858900155751248
任务	Iridium	quest.Be(e) Breeding	line_Be(e) Breeding.txt	353
任务	Iridium	quest.Tier 5 - IV	line_Tier 5 - IV.txt	2321
任务	Iridium Plated	quest....Without Dying	line_...Without Dying.txt	802
任务	Iron	quest.Be(e) Breeding	line_Be(e) Breeding.txt	2193
任务	Iron (III) Chloride	quest.Tier 2 - MV	line_Tier 2 - MV.txt	1020
任务	Iron Barrel	quest.extra_MultipleQuestLine	line_extra_MultipleQuestLine.txt	-8791267749231641809
任务	Iron Berries	quest.The Green Revolution	line_The Green Revolution.txt	-9141737037254133982
任务	Iron Capped Greatwood Wand	quest.Novice Thaumaturgy	line_Novice Thaumaturgy.txt	798
任务	Iron Ore	quest.Tier 0 - Stone Age	line_Tier 0 - Stone Age.txt	826
任务	Iron Shields	quest....Without Dying	line_...Without Dying.txt	656
任务	Iron Shulker Box	quest.Building Better Bases	line_Building Better Bases.txt	-6351818268137717740
任务	Iron Spear	quest....Without Dying	line_...Without Dying.txt	658
任务	Iron, Golden, Diamantine Tubes	quest.Forestry and Multifarms	line_Forestry and Multifarms.txt	1218
任务	Ironwood	quest.Novice Thaumaturgy	line_Novice Thaumaturgy.txt	1158
任务	Is That Really a Flower?	quest.The Green Revolution	line_The Green Revolution.txt	-7499076709146625740
任务	Is This A Combustion Generator?	quest.Flower Power	line_Flower Power.txt	3257
任务	Is This the End? No, it's the END Dimension	quest.Hardcore End(er) Expansion	line_Hardcore End(er) Expansion.txt	986
任务	Isolator	quest.How to Be(e)	line_How to Be(e).txt	2096
任务	It Can't Bend Spoons	quest.Focus on Wand Foci & EMT	line_Focus on Wand Foci & EMT.txt	1390
任务	It Gets to a Point	quest.Endgame Goals	line_Endgame Goals.txt	-9109670310876526455
任务	It Holds More, Ok?	quest.Paying the Highest Price	line_Paying the Highest Price.txt	2460
任务	It Needs a Power Plug...	quest.Tier 7 - ZPM	line_Tier 7 - ZPM.txt	378
任务	It gets polymorphic	quest.Handle Logistics with Pipes	line_Handle Logistics with Pipes.txt	-5135866447130008070
任务	It's 'Super' Heated Steam	quest.How to Generate Power	line_How to Generate Power.txt	2828
任务	It's Called the Thaumatorium, OK?	quest.Novice Thaumaturgy	line_Novice Thaumaturgy.txt	2886
任务	It's DA BEST	quest.Handle Logistics with Pipes	line_Handle Logistics with Pipes.txt	-6879337197971995339
任务	It's Mesmerizing...	quest.Focus on Wand Foci & EMT	line_Focus on Wand Foci & EMT.txt	1381
任务	It's Not Going Bad, I Swear!	quest.Tier 9 - UHV	line_Tier 9 - UHV.txt	2657
任务	It's Storage Time!	quest.Applied Energistics	line_Applied Energistics.txt	178
任务	It's Time to Get More Steam	quest.Multiblock Goals	line_Multiblock Goals.txt	784
任务	It's a Dirty Job, and You're Going to Do It	quest.Tier 0.5 - Steam	line_Tier 0.5 - Steam.txt	942
任务	It's everytime these Transistors	quest.SFM and Computers	line_SFM and Computers.txt	-7132625864114193932
任务	Item Broadcaster	quest.Basic Automation	line_Basic Automation.txt	1631
任务	Item Extractor Chip	quest.Basic Automation	line_Basic Automation.txt	1630
任务	Item Overflow Chip	quest.Basic Automation	line_Basic Automation.txt	1628
任务	Item Responder Chip	quest.Basic Automation	line_Basic Automation.txt	1627
任务	Item Stock Keeper Chip	quest.Basic Automation	line_Basic Automation.txt	1632
任务	Item Valve	quest.SFM and Computers	line_SFM and Computers.txt	2010
任务	Item Void Cell	quest.Applied Energistics	line_Applied Energistics.txt	374
任务	Jack, is that you?	quest.The Green Revolution	line_The Green Revolution.txt	-8761360186467432126
任务	Jacques Cousteau	quest.Tier 0.5 - Steam	line_Tier 0.5 - Steam.txt	2056
任务	Jeremy Fragrance	quest.Paying the Highest Price	line_Paying the Highest Price.txt	-8687505330958936569
任务	Jetpack v.0.1 Alpha	quest.Getting Around...	line_Getting Around....txt	874
任务	Journey to the Bottom of a Molten Ocean	quest.Space Race	line_Space Race.txt	1733
任务	Journey to the Center of the Earth	quest.Kaaami, Haaaami, ... HA!	line_Kaaami, Haaaami, ... HA!.txt	2410
任务	Juice	quest.Feeding Yourself	line_Feeding Yourself.txt	1086
任务	Junctions	quest.Basic Automation	line_Basic Automation.txt	1624
任务	Jungle Bonsai	quest.The Green Revolution	line_The Green Revolution.txt	-7852603457220321627
任务	Jupiter	quest.Be(e) Breeding	line_Be(e) Breeding.txt	-6221210961492684435
任务	Just Enough Tungstensteel For Your Rocket	quest.Tier 4 - EV	line_Tier 4 - EV.txt	2390
任务	Just Like Mom Used to Make	quest.Feeding Yourself	line_Feeding Yourself.txt	1854
任务	Just Tell Me What to Scan Already!	quest.Novice Thaumaturgy	line_Novice Thaumaturgy.txt	1461
任务	K-Mart Special	quest.Novice Thaumaturgy	line_Novice Thaumaturgy.txt	1996
任务	Keep Calm and Bee On	quest.How to Be(e)	line_How to Be(e).txt	2255
任务	Keep Soldering On!	quest.Tier 5 - IV	line_Tier 5 - IV.txt	2667
任务	Keep Them Around	quest.How to Be(e)	line_How to Be(e).txt	1514
任务	Keep it Away from Bags of Holding	quest.Focus on Wand Foci & EMT	line_Focus on Wand Foci & EMT.txt	1378
任务	Keeping Out the Riff-Raff	quest.Novice Thaumaturgy	line_Novice Thaumaturgy.txt	-6318031316370662851
任务	Keeping The Sprouts Healthy	quest.The Green Revolution	line_The Green Revolution.txt	-8514153992335365410
任务	Keeping Track of All Those Trees	quest.Forestry and Multifarms	line_Forestry and Multifarms.txt	2107
任务	Keeping Track of Your Findings (Flowers)	quest.Building Better Bases	line_Building Better Bases.txt	2105
任务	Keeping Your Network Happy	quest.Applied Energistics	line_Applied Energistics.txt	1291
任务	Keeping things organized	quest.Tier 1 - LV	line_Tier 1 - LV.txt	-8788923125695859609
任务	Keeping your energy hatch from overheating	quest.Tier 3 - HV	line_Tier 3 - HV.txt	-6650556070435655322
任务	Kettle for the Spirit World	quest.Look to the Edges	line_Look to the Edges.txt	1593
任务	Kevlar	quest.Be(e) Breeding	line_Be(e) Breeding.txt	-6376062393258103045
任务	Kevlar	quest.Tier 8 - UV	line_Tier 8 - UV.txt	3282
任务	Key to Your Heart	quest.extra_MultipleQuestLine	line_extra_MultipleQuestLine.txt	2087
任务	Kill Baba Yaga	quest.Kill All the Things	line_Kill All the Things.txt	398
任务	Kill Demon	quest.Kill All the Things	line_Kill All the Things.txt	404
任务	Kill Ender Dragon	quest.Kill All the Things	line_Kill All the Things.txt	400
任务	Kill Horned Huntsman	quest.Kill All the Things	line_Kill All the Things.txt	399
任务	Kill Lord of Tormentum	quest.Kill All the Things	line_Kill All the Things.txt	402
任务	Kill Mog and Gulg	quest.Kill All the Things	line_Kill All the Things.txt	403
任务	Kill Shade of Leonard	quest.Kill All the Things	line_Kill All the Things.txt	401
任务	Killing Weeds and Growing Flowers	quest.Building Better Bases	line_Building Better Bases.txt	1956
任务	Killing: Evolved	quest.Kill All the Things	line_Kill All the Things.txt	925
任务	Kinesis Pipes	quest.Forestry and Multifarms	line_Forestry and Multifarms.txt	2860
任务	Kinetic Power EV	quest.How to Generate Power	line_How to Generate Power.txt	2803
任务	Kinetic Power HV	quest.extra_MultipleQuestLine	line_extra_MultipleQuestLine.txt	1137
任务	Kinetic Power IV	quest.How to Generate Power	line_How to Generate Power.txt	2804
任务	Kinetic Power LuV	quest.How to Generate Power	line_How to Generate Power.txt	2805
任务	Kinetic Power ZPM	quest.How to Generate Power	line_How to Generate Power.txt	2806
任务	Kinetic Water Power EV	quest.How to Generate Power	line_How to Generate Power.txt	2807
任务	Kinetic Water Power HV	quest.extra_MultipleQuestLine	line_extra_MultipleQuestLine.txt	1139
任务	Kinetic Water Power IV	quest.How to Generate Power	line_How to Generate Power.txt	2809
任务	Kinetic Water Power LuV	quest.How to Generate Power	line_How to Generate Power.txt	2811
任务	Kinetic Water Power ZPM	quest.How to Generate Power	line_How to Generate Power.txt	2813
任务	Kinetic Wind Power EV	quest.How to Generate Power	line_How to Generate Power.txt	2808
任务	Kinetic Wind Power HV	quest.extra_MultipleQuestLine	line_extra_MultipleQuestLine.txt	1138
任务	Kinetic Wind Power IV	quest.How to Generate Power	line_How to Generate Power.txt	2810
任务	Kinetic Wind Power LuV	quest.How to Generate Power	line_How to Generate Power.txt	2812
任务	Kinetic Wind Power ZPM	quest.How to Generate Power	line_How to Generate Power.txt	2814
任务	King of Acid	quest.Tier 6 - LuV	line_Tier 6 - LuV.txt	2927
任务	Kitchenware	quest.Feeding Yourself	line_Feeding Yourself.txt	665
任务	Kitchenware 2.0	quest.Feeding Yourself	line_Feeding Yourself.txt	1836
任务	Knightmetal	quest.Novice Thaumaturgy	line_Novice Thaumaturgy.txt	2059
任务	Knowing your Throughput!	quest.Applied Energistics	line_Applied Energistics.txt	-7863286137106609104
任务	Knowledge is Power	quest.Focus on Wand Foci & EMT	line_Focus on Wand Foci & EMT.txt	1391
任务	Korn and Doppelkorn	quest.Feeding Yourself	line_Feeding Yourself.txt	1276
任务	L.A.T.E.X. Cable Coater	quest.Mass Processing	line_Mass Processing.txt	-8583153493522094705
任务	L.E.S.U. Upgrade - EV Tier	quest.Storing and Transforming EU	line_Storing and Transforming EU.txt	1828
任务	L.E.S.U. Upgrade - HV Tier	quest.Storing and Transforming EU	line_Storing and Transforming EU.txt	1827
任务	L.E.S.U. Upgrade - IV Tier	quest.Storing and Transforming EU	line_Storing and Transforming EU.txt	1829
任务	L.E.S.U. Upgrade - LV Tier	quest.Storing and Transforming EU	line_Storing and Transforming EU.txt	1825
任务	L.E.S.U. Upgrade - LuV Tier	quest.Storing and Transforming EU	line_Storing and Transforming EU.txt	1830
任务	L.E.S.U. Upgrade - MV Tier	quest.Storing and Transforming EU	line_Storing and Transforming EU.txt	1826
任务	LAPUTA XX	quest.Flower Power	line_Flower Power.txt	-8292298142465967897
任务	LOX and Bagels	quest.Space Race	line_Space Race.txt	1371
任务	LPG	quest.Tier 1 - LV	line_Tier 1 - LV.txt	640
任务	LSC = MC^2	quest.Storing and Transforming EU	line_Storing and Transforming EU.txt	2700
任务	LV Advanced Steam Boiler	quest.Tier 1 - LV	line_Tier 1 - LV.txt	1134
任务	LV Extruder	quest.Tier 1 - LV	line_Tier 1 - LV.txt	673
任务	LV Field Generator	quest.Tier 3 - HV	line_Tier 3 - HV.txt	1871
任务	LV High-Amp Transformer	quest.Storing and Transforming EU	line_Storing and Transforming EU.txt	1268
任务	LV Microprocessor	quest.Tier 3 - HV	line_Tier 3 - HV.txt	1235
任务	Lab Stand	quest.How to Be(e)	line_How to Be(e).txt	2100
任务	Lapis	quest.Be(e) Breeding	line_Be(e) Breeding.txt	2174
任务	Lapis, Lazurite, Sodalite, Calcite	quest.Tier 0.5 - Steam	line_Tier 0.5 - Steam.txt	867
任务	Lapis? Lucky!	quest.Tier 0.5 - Steam	line_Tier 0.5 - Steam.txt	1128
任务	Lapotron	quest.Be(e) Breeding	line_Be(e) Breeding.txt	-8796313451559844100
任务	Lapotron Crystal	quest.Storing and Transforming EU	line_Storing and Transforming EU.txt	806
任务	Lapotron Dust	quest.Tier 4 - EV	line_Tier 4 - EV.txt	805
任务	Lapotronic Capacitor (IV)	quest.Storing and Transforming EU	line_Storing and Transforming EU.txt	2894
任务	Lapotronic Capacitor (LuV)	quest.Storing and Transforming EU	line_Storing and Transforming EU.txt	2733
任务	Lapotronic Capacitor (UV)	quest.Storing and Transforming EU	line_Storing and Transforming EU.txt	2735
任务	Lapotronic Capacitor (ZPM)	quest.Storing and Transforming EU	line_Storing and Transforming EU.txt	2734
任务	Lapotronic Energy Orb	quest.Storing and Transforming EU	line_Storing and Transforming EU.txt	2149
任务	Lapotronic Energy Storage Unit	quest.Storing and Transforming EU	line_Storing and Transforming EU.txt	1820
任务	Laputa I	quest.Flower Power	line_Flower Power.txt	-5190000451783132175
任务	Large Aluminium Fluid Cells	quest.Tier 2 - MV	line_Tier 2 - MV.txt	1520
任务	Large Essentia Smeltery	quest.Kaaami, Haaaami, ... HA!	line_Kaaami, Haaaami, ... HA!.txt	-6189309518179514119
任务	Large Fuel Canisters	quest.Space Race	line_Space Race.txt	1730
任务	Large Hadron Collider	quest.extra_MultipleQuestLine	line_extra_MultipleQuestLine.txt	-5102867511097679128
任务	Large Heat Exchanger - Fermat's Last	quest.How to Generate Power	line_How to Generate Power.txt	1905
任务	Large Heat Infrastructure	quest.Powerful Nuclear Physics	line_Powerful Nuclear Physics.txt	3156
任务	Large Molecular Assembler	quest.extra_MultipleQuestLine	line_extra_MultipleQuestLine.txt	-4917150490731446271
任务	Large Naquadah Reactor	quest.How to Generate Power	line_How to Generate Power.txt	2948
任务	Large Oxygen Tanks	quest.Space Race	line_Space Race.txt	1468
任务	Large Steel Boiler	quest.Bio for the Masses	line_Bio for the Masses.txt	3105
任务	Largest Oil Drain	quest.Working with Oil	line_Working with Oil.txt	3020
任务	Lasers Solve Everything	quest.Tier 7 - ZPM	line_Tier 7 - ZPM.txt	2730
任务	Last Universal Common Seed	quest.The Green Revolution	line_The Green Revolution.txt	-8061024007119815443
任务	Launch Controller	quest.extra_MultipleQuestLine	line_extra_MultipleQuestLine.txt	1452
任务	Leach The Concentrate	quest.Tier 5 - IV	line_Tier 5 - IV.txt	3064
任务	Lead	quest.Be(e) Breeding	line_Be(e) Breeding.txt	2196
任务	Lead, Galena, Silver and Cryolite	quest.Novice Thaumaturgy	line_Novice Thaumaturgy.txt	610
任务	Leafy... Grains?	quest.The Green Revolution	line_The Green Revolution.txt	-8598569364354364400
任务	Learning Curve? Where We're Going There Are No Curves	quest.Tier 7 - ZPM	line_Tier 7 - ZPM.txt	2005
任务	Leather Armor	quest....Without Dying	line_...Without Dying.txt	686
任务	Leather Goddess of Robe-us	quest.Look to the Edges	line_Look to the Edges.txt	1647
任务	Lemon	quest.Forestry and Multifarms	line_Forestry and Multifarms.txt	2131
任务	Less Power Loss	quest.Multiblock Goals	line_Multiblock Goals.txt	756
任务	Let Her Go	quest.Kill All the Things	line_Kill All the Things.txt	906
任务	Let Me Fabricate a New Universe...	quest.Mass Processing	line_Mass Processing.txt	2758
任务	Let it Glow!	quest.Building Better Bases	line_Building Better Bases.txt	-6067160993200988432
任务	Let it flow, let it floww ...	quest.Storing and Transforming EU	line_Storing and Transforming EU.txt	2973
任务	Let this Sink in	quest.Handle Logistics with Pipes	line_Handle Logistics with Pipes.txt	-5588321033523610480
任务	Let's Get Crackin!	quest.Multiblock Goals	line_Multiblock Goals.txt	766
任务	Let's Get Some Pipes	quest.Basic Automation	line_Basic Automation.txt	1623
任务	Let's Go Lava Surfing!	quest.Getting Around...	line_Getting Around....txt	-4660293697819101110
任务	Let's Try This	quest.Adept Thaumaturgy	line_Adept Thaumaturgy.txt	288
任务	Let's get Building!	quest.Building Better Bases	line_Building Better Bases.txt	-5583348153901815662
任务	Level Maintainer	quest.Applied Energistics	line_Applied Energistics.txt	-7597752225046936010
任务	Lich	quest.Be(e) Breeding	line_Be(e) Breeding.txt	366
任务	Light Fuel	quest.Tier 1 - LV	line_Tier 1 - LV.txt	549
任务	Light Fuel Power	quest.Working with Oil	line_Working with Oil.txt	2992
任务	Light It Up!	quest.extra_MultipleQuestLine	line_extra_MultipleQuestLine.txt	1370
任务	Lighting Up a Large Area, With Electricity	quest.Building Better Bases	line_Building Better Bases.txt	1979
任务	Lighting Up a Large Area, Without Electricity	quest.Building Better Bases	line_Building Better Bases.txt	1978
任务	Like Having a County Extension Office in Your Hand	quest.Building Better Bases	line_Building Better Bases.txt	1957
任务	Linear Accelerator	quest.Tier 7 - ZPM	line_Tier 7 - ZPM.txt	2947
任务	Liquid Cooling Tower	quest.extra_MultipleQuestLine	line_extra_MultipleQuestLine.txt	3275
任务	Liquid Cooling Tower Tier 2	quest.extra_MultipleQuestLine	line_extra_MultipleQuestLine.txt	3277
任务	Liquid Fluorine Thorium Reactor	quest.Powerful Nuclear Physics	line_Powerful Nuclear Physics.txt	3159
任务	Liquid-Fuelled Firebox	quest.Multiblock Goals	line_Multiblock Goals.txt	561
任务	Lit Way to Get Charred	quest.Tier 0.5 - Steam	line_Tier 0.5 - Steam.txt	497
任务	Lithium	quest.Tier 1 - LV	line_Tier 1 - LV.txt	1167
任务	Little Helpers	quest.Adept Thaumaturgy	line_Adept Thaumaturgy.txt	291
任务	Living It Larvae	quest.How to Be(e)	line_How to Be(e).txt	-5734283716237442270
任务	Living Matter	quest.Hardcore End(er) Expansion	line_Hardcore End(er) Expansion.txt	2372
任务	Load and Unload the Rocket	quest.Space Race	line_Space Race.txt	204
任务	Loading the Chunks	quest.And So, It Begins	line_And So, It Begins.txt	2874
任务	Locomotive 0.1 Alpha	quest.Getting Around...	line_Getting Around....txt	1183
任务	Long Distance Fluid Pipeline	quest.Tier 1 - LV	line_Tier 1 - LV.txt	2444
任务	Long Distance Item Pipeline	quest.Tier 1 - LV	line_Tier 1 - LV.txt	2850
任务	Long Distance Power Delivery	quest.Getting Around...	line_Getting Around....txt	2063
任务	Long term planner?	quest.Tier 5 - IV	line_Tier 5 - IV.txt	-6939821207402967394
任务	Longbow of the Heavens	quest.Tier 10 - UEV	line_Tier 10 - UEV.txt	2716
任务	Look Mom, No Torches!	quest.Building Better Bases	line_Building Better Bases.txt	1969
任务	Loonium	quest.Flower Power	line_Flower Power.txt	-5237970507635708994
任务	Loot Games	quest.Tier 0 - Stone Age	line_Tier 0 - Stone Age.txt	2876
任务	Lootbag Uptiering	quest.Tips and Tricks	line_Tips and Tricks.txt	-5376193048649833794
任务	Lord of Torment	quest.Look to the Edges	line_Look to the Edges.txt	2348
任务	Lord of the Rings?	quest.Kaaami, Haaaami, ... HA!	line_Kaaami, Haaaami, ... HA!.txt	-6557824927710480006
任务	Lossless LV Cables	quest.Tier 1 - LV	line_Tier 1 - LV.txt	1136
任务	Low Voltage Power Transformer	quest.Storing and Transforming EU	line_Storing and Transforming EU.txt	1269
任务	Low Voltage Transformer	quest.Storing and Transforming EU	line_Storing and Transforming EU.txt	1266
任务	Low on Sticks?	quest.Novice Thaumaturgy	line_Novice Thaumaturgy.txt	1838
任务	Low-Pressure Boiler Tank	quest.Multiblock Goals	line_Multiblock Goals.txt	559
任务	Low-Tier Wand	quest.Building Better Bases	line_Building Better Bases.txt	1946
任务	LuV Assembler	quest.Tier 6 - LuV	line_Tier 6 - LuV.txt	1722
任务	LuV Circuit Assembler	quest.Tier 6 - LuV	line_Tier 6 - LuV.txt	1683
任务	LuV Energy Hatch	quest.Tier 6 - LuV	line_Tier 6 - LuV.txt	2599
任务	LuV Glass	quest.Multiblock Goals	line_Multiblock Goals.txt	2558
任务	LuV Laser Engraver	quest.Tier 6 - LuV	line_Tier 6 - LuV.txt	1689
任务	LuV Superconductors (32,768 EU/t)	quest.Tier 6 - LuV	line_Tier 6 - LuV.txt	1711
任务	Lubricant	quest.Tier 1 - LV	line_Tier 1 - LV.txt	1084
任务	Lucifer's Little Helper	quest.Tier 0.5 - Steam	line_Tier 0.5 - Steam.txt	1908
任务	Lucky!	quest.The Green Revolution	line_The Green Revolution.txt	-8109482488081046964
任务	Luke, I'm Your Father	quest....Without Dying	line_...Without Dying.txt	139
任务	Lutetium	quest.Be(e) Breeding	line_Be(e) Breeding.txt	361
任务	MABS	quest.Mass Processing	line_Mass Processing.txt	3285
任务	MAX Circuits	quest.Endgame Goals	line_Endgame Goals.txt	-8388822354727836883
任务	ME Controller	quest.Applied Energistics	line_Applied Energistics.txt	2137
任务	ME in Your Cleanroom	quest.Applied Energistics	line_Applied Energistics.txt	1329
任务	MOX Nukes	quest.Powerful Nuclear Physics	line_Powerful Nuclear Physics.txt	3175
任务	MV Advanced Steam Boiler	quest.Tier 2 - MV	line_Tier 2 - MV.txt	1898
任务	MV Batteries	quest.Storing and Transforming EU	line_Storing and Transforming EU.txt	1083
任务	MV Battery Buffers	quest.Storing and Transforming EU	line_Storing and Transforming EU.txt	1082
任务	MV Battery Hulls	quest.Storing and Transforming EU	line_Storing and Transforming EU.txt	758
任务	MV Bending	quest.Tier 2 - MV	line_Tier 2 - MV.txt	1081
任务	MV Energy Hatch	quest.Tier 2 - MV	line_Tier 2 - MV.txt	754
任务	MV Field Generator	quest.Tier 3 - HV	line_Tier 3 - HV.txt	1880
任务	MV Motor	quest.Tier 2 - MV	line_Tier 2 - MV.txt	1867
任务	MV Precision Laser Engraver	quest.Tier 2 - MV	line_Tier 2 - MV.txt	791
任务	MV Steam Turbine	quest.How to Generate Power	line_How to Generate Power.txt	89
任务	MV Superconductors (128 EU/t)	quest.Tier 2 - MV	line_Tier 2 - MV.txt	1404
任务	MV Wiremill	quest.Tier 2 - MV	line_Tier 2 - MV.txt	-6998924290488708393
任务	Macerator v0.1 Alpha	quest.Tier 0 - Stone Age	line_Tier 0 - Stone Age.txt	19
任务	Macerator v1.0!	quest.Tier 0.5 - Steam	line_Tier 0.5 - Steam.txt	50
任务	Machine Chassis	quest.Tier 2 - MV	line_Tier 2 - MV.txt	129
任务	Machine Interface Fluid I/O	quest.extra_MultipleQuestLine	line_extra_MultipleQuestLine.txt	2858
任务	Machine Inventory Manager	quest.SFM and Computers	line_SFM and Computers.txt	1989
任务	Mad Science is the Best Science	quest.Look to the Edges	line_Look to the Edges.txt	2423
任务	Magenta	quest.Be(e) Breeding	line_Be(e) Breeding.txt	2269
任务	Magic "Staffter"	quest.Adept Thaumaturgy	line_Adept Thaumaturgy.txt	1191
任务	Magic Blue Dust	quest.Flower Power	line_Flower Power.txt	3262
任务	Magic Feather	quest.Novice Thaumaturgy	line_Novice Thaumaturgy.txt	1070
任务	Magic Map	quest.Novice Thaumaturgy	line_Novice Thaumaturgy.txt	1071
任务	Magic Mirror Glass?	quest.Adept Thaumaturgy	line_Adept Thaumaturgy.txt	2857
任务	Magic Staff Core	quest.Adept Thaumaturgy	line_Adept Thaumaturgy.txt	878
任务	Magic Super Fuel	quest.Working with Oil	line_Working with Oil.txt	3013
任务	Magic Terminals	quest.Applied Energistics	line_Applied Energistics.txt	2517
任务	Magical Agriculture	quest.The Green Revolution	line_The Green Revolution.txt	-7574096466507254892
任务	Magical Base Defense	quest.Focus on Wand Foci & EMT	line_Focus on Wand Foci & EMT.txt	1377
任务	Magical Item Teleportation	quest.Adept Thaumaturgy	line_Adept Thaumaturgy.txt	297
任务	Magical Maintenance Hatch	quest.Adept Thaumaturgy	line_Adept Thaumaturgy.txt	-8521809346347272555
任务	Magical Minions	quest.Applied Energistics	line_Applied Energistics.txt	2549
任务	Magical Plants	quest.Novice Thaumaturgy	line_Novice Thaumaturgy.txt	-5921518077477245102
任务	Magical Techno-Glass	quest.Flower Power	line_Flower Power.txt	-6537114218531802289
任务	Magical Waystones	quest.extra_MultipleQuestLine	line_extra_MultipleQuestLine.txt	330
任务	Magican's Orb	quest.Paying the Highest Price	line_Paying the Highest Price.txt	424
任务	Magnalium Crossbow	quest.extra_MultipleQuestLine	line_extra_MultipleQuestLine.txt	1150
任务	Magnalium Crossbow Bolts	quest.extra_MultipleQuestLine	line_extra_MultipleQuestLine.txt	1154
任务	Magnesium Source	quest.Tier 1 - LV	line_Tier 1 - LV.txt	1540
任务	Magnetic Monopole Matter	quest.Tier 12 - UMV	line_Tier 12 - UMV.txt	-4905890280735412841
任务	Magnetic Personality	quest.Tier 3 - HV	line_Tier 3 - HV.txt	1858
任务	Magnetize Your Rods	quest.Tier 1 - LV	line_Tier 1 - LV.txt	587
任务	Magnetohydrodynamically Constrained Star Matter	quest.Tier 12 - UMV	line_Tier 12 - UMV.txt	-5865034814944347891
任务	Magnets != Magic	quest.Tier 1 - LV	line_Tier 1 - LV.txt	2891
任务	Main Quests and Secondary Quests	quest.extra_MultipleQuestLine	line_extra_MultipleQuestLine.txt	4
任务	Mainframes, Your First IV Circuit	quest.Tier 3 - HV	line_Tier 3 - HV.txt	1225
任务	Maintenance Free At Last!	quest.Tier 8 - UV	line_Tier 8 - UV.txt	1840
任务	Make Love, Not War	quest....Without Dying	line_...Without Dying.txt	209
任务	Make a better Distillery	quest.Tier 2 - MV	line_Tier 2 - MV.txt	3069
任务	MakeMake	quest.Be(e) Breeding	line_Be(e) Breeding.txt	-4674182484620924311
任务	Making Americium	quest.Tier 7 - ZPM	line_Tier 7 - ZPM.txt	1199
任务	Making Bees More Comfortable	quest.How to Be(e)	line_How to Be(e).txt	2082
任务	Making Better Tools	quest.Tier 0 - Stone Age	line_Tier 0 - Stone Age.txt	38
任务	Making Bronze	quest.Tier 0 - Stone Age	line_Tier 0 - Stone Age.txt	35
任务	Making Power With Your Plasma	quest.extra_MultipleQuestLine	line_extra_MultipleQuestLine.txt	1200
任务	Making Sense of Spaghetti	quest.Building Better Bases	line_Building Better Bases.txt	2138
任务	Making Things Pretty	quest.Tier 2 - MV	line_Tier 2 - MV.txt	137
任务	Making Tritanium	quest.Tier 7 - ZPM	line_Tier 7 - ZPM.txt	2658
任务	Making a Better Sword	quest.extra_MultipleQuestLine	line_extra_MultipleQuestLine.txt	473
任务	Making a List, Checking it Twice	quest.Tier 0.5 - Steam	line_Tier 0.5 - Steam.txt	1507
任务	Making a Rapier	quest.extra_MultipleQuestLine	line_extra_MultipleQuestLine.txt	2897
任务	Making the Vat More Efficient!	quest.Multiblock Goals	line_Multiblock Goals.txt	2564
任务	Malachite	quest.Tier 0 - Stone Age	line_Tier 0 - Stone Age.txt	480
任务	Mallard Rust Smelly	quest.extra_MultipleQuestLine	line_extra_MultipleQuestLine.txt	1416
任务	Mana Diamonds	quest.Flower Power	line_Flower Power.txt	3226
任务	Mana Fountain	quest.Flower Power	line_Flower Power.txt	-9054185358983654723
任务	Manderine	quest.Forestry and Multifarms	line_Forestry and Multifarms.txt	2871
任务	Mandrake Noise Protection	quest.Look to the Edges	line_Look to the Edges.txt	2337
任务	Manganese	quest.Be(e) Breeding	line_Be(e) Breeding.txt	351
任务	Manipulator Upgrades	quest.Building Better Bases	line_Building Better Bases.txt	-7564657505094199890
任务	Manual Transformer	quest.Storing and Transforming EU	line_Storing and Transforming EU.txt	1822
任务	Marble Lilies	quest.The Green Revolution	line_The Green Revolution.txt	-5950602660040417650
任务	Marie Curium?	quest.How to Generate Power	line_How to Generate Power.txt	-8084303837458271711
任务	Marking Your Base	quest.Building Better Bases	line_Building Better Bases.txt	-8254917636897972566
任务	Mars	quest.Be(e) Breeding	line_Be(e) Breeding.txt	-8734190256134836946
任务	Mars Dungeon	quest.Space Race	line_Space Race.txt	1446
任务	Mars Lander	quest.Space Race	line_Space Race.txt	1432
任务	Mass Distilled Water	quest.Bio for the Masses	line_Bio for the Masses.txt	3130
任务	Mass Processing at UV and Beyond!	quest.Mass Processing	line_Mass Processing.txt	-6920448601063607174
任务	Mass Processing in LuV	quest.Mass Processing	line_Mass Processing.txt	-8199803816494517045
任务	Master Earth Rings	quest.Kaaami, Haaaami, ... HA!	line_Kaaami, Haaaami, ... HA!.txt	-8993458844340296683
任务	Master Grinder	quest.Hardcore End(er) Expansion	line_Hardcore End(er) Expansion.txt	2385
任务	Master Orb: Getting Close	quest.Paying the Highest Price	line_Paying the Highest Price.txt	708
任务	Master Registry	quest.How to Be(e)	line_How to Be(e).txt	2286
任务	Master Sky Rings	quest.Kaaami, Haaaami, ... HA!	line_Kaaami, Haaaami, ... HA!.txt	-6103780161740852904
任务	Master of Circuits	quest.Tier 9 - UHV	line_Tier 9 - UHV.txt	2665
任务	Matter Manipulator MKI	quest.extra_MultipleQuestLine	line_extra_MultipleQuestLine.txt	-5659562005976529540
任务	Matter Manipulator MKII	quest.extra_MultipleQuestLine	line_extra_MultipleQuestLine.txt	-8962793288102717677
任务	Matter Manipulator MKIII	quest.extra_MultipleQuestLine	line_extra_MultipleQuestLine.txt	-9087408117501276303
任务	Max Danger Nukes	quest.Powerful Nuclear Physics	line_Powerful Nuclear Physics.txt	3202
任务	Maxed Oil Cracker	quest.Working with Oil	line_Working with Oil.txt	3024
任务	Maxed-out LFTR	quest.Powerful Nuclear Physics	line_Powerful Nuclear Physics.txt	3197
任务	Maximum Security	quest.Applied Energistics	line_Applied Energistics.txt	1298
任务	Maybe Change Your Mind	quest.Endgame Goals	line_Endgame Goals.txt	-8516845557300310927
任务	Maybe I Do Need These	quest.Tier 11 - UIV	line_Tier 11 - UIV.txt	-5192569748262941714
任务	Medic!	quest.Focus on Wand Foci & EMT	line_Focus on Wand Foci & EMT.txt	1386
任务	Medium Fuel Canister	quest.Space Race	line_Space Race.txt	1460
任务	Medium Voltage Transformer	quest.Storing and Transforming EU	line_Storing and Transforming EU.txt	1267
任务	Mega is Betta	quest.Mass Processing	line_Mass Processing.txt	2044
任务	Megalomania	quest.Mass Processing	line_Mass Processing.txt	-5848306241697509763
任务	Mellifluous Hunger	quest.Look to the Edges	line_Look to the Edges.txt	1583
任务	Melting and Refreezing	quest.Tier 3 - HV	line_Tier 3 - HV.txt	-7080136568641078219
任务	Mercury	quest.Tier 1 - LV	line_Tier 1 - LV.txt	616
任务	Mercury Trip	quest.Tier 5 - IV	line_Tier 5 - IV.txt	1716
任务	Metallic Crops	quest.The Green Revolution	line_The Green Revolution.txt	-8617387070152930098
任务	Metastable Oganesson	quest.Tier 10 - UEV	line_Tier 10 - UEV.txt	-6117290316329622558
任务	Methane	quest.Tier 1 - LV	line_Tier 1 - LV.txt	644
任务	Methane Gas	quest.Tier 2 - MV	line_Tier 2 - MV.txt	842
任务	Methane Stinks	quest.Bio for the Masses	line_Bio for the Masses.txt	3123
任务	Methanol	quest.Tier 2 - MV	line_Tier 2 - MV.txt	843
任务	Mica Ore	quest.Tier 1 - LV	line_Tier 1 - LV.txt	2983
任务	Micadia	quest.The Green Revolution	line_The Green Revolution.txt	-7817395637218765708
任务	Micro-Rituals	quest.Paying the Highest Price	line_Paying the Highest Price.txt	2458
任务	Mid-Tier Wand	quest.Building Better Bases	line_Building Better Bases.txt	1947
任务	Milk Without the Cow?	quest....Without Dying	line_...Without Dying.txt	2117
任务	Minecart	quest.Getting Around...	line_Getting Around....txt	677
任务	Minecart with Tank, Workbench or Furnace	quest.Getting Around...	line_Getting Around....txt	1181
任务	Mining Dirt Block by Block is so Old School	quest.Tier 0.5 - Steam	line_Tier 0.5 - Steam.txt	744
任务	Miry	quest.Be(e) Breeding	line_Be(e) Breeding.txt	2284
任务	Misc Endgame Goals	quest.Tier 9 - UHV	line_Tier 9 - UHV.txt	2595
任务	Miscellaneous AE Items	quest.Applied Energistics	line_Applied Energistics.txt	2548
任务	Mixing at HV Level	quest.Tier 3 - HV	line_Tier 3 - HV.txt	808
任务	Mixing at MV level	quest.Tier 2 - MV	line_Tier 2 - MV.txt	751
任务	Mjolnir!!!	quest.Tier 1 - LV	line_Tier 1 - LV.txt	101
任务	Mmmmmm, Slimy!	quest.Flower Power	line_Flower Power.txt	3266
任务	Mo' Hammers Mo' Problems	quest.Building Better Bases	line_Building Better Bases.txt	1966
任务	Moar Patterns!	quest.Applied Energistics	line_Applied Energistics.txt	2534
任务	Mob Repellators	quest....Without Dying	line_...Without Dying.txt	-8608697205657523381
任务	Modular Meddling	quest....Without Dying	line_...Without Dying.txt	-6995168762643046700
任务	Modular Upgrades	quest.Handle Logistics with Pipes	line_Handle Logistics with Pipes.txt	-5853265364517528724
任务	Molds, Molds, Molds	quest.Tier 0.5 - Steam	line_Tier 0.5 - Steam.txt	871
任务	Molecular Transformer, finally!	quest.Tier 6 - LuV	line_Tier 6 - LuV.txt	3077
任务	Molten Plastic	quest.Tier 2 - MV	line_Tier 2 - MV.txt	750
任务	Molten Polyethylene	quest.Tier 2 - MV	line_Tier 2 - MV.txt	759
任务	Molten Redstone?	quest.Tier 1 - LV	line_Tier 1 - LV.txt	579
任务	Monastic	quest.Be(e) Breeding	line_Be(e) Breeding.txt	2185
任务	Monazite	quest.Tier 5 - IV	line_Tier 5 - IV.txt	3043
任务	Monitoring Your Reactor	quest.extra_MultipleQuestLine	line_extra_MultipleQuestLine.txt	194
任务	Monocrystalline Silicon Boules	quest.Tier 2 - MV	line_Tier 2 - MV.txt	782
任务	Monomethylhydrazine	quest.Space Race	line_Space Race.txt	2687
任务	Monster Hunter	quest.extra_MultipleQuestLine	line_extra_MultipleQuestLine.txt	11
任务	Monster Trap	quest.And So, It Begins	line_And So, It Begins.txt	865
任务	Moon	quest.Be(e) Breeding	line_Be(e) Breeding.txt	-8750393892834326316
任务	Moon Arrival	quest.Space Race	line_Space Race.txt	1072
任务	Moon Buggy Schematic	quest.Space Race	line_Space Race.txt	1435
任务	Moon Day and Night time	quest.Space Race	line_Space Race.txt	1445
任务	Moon Dungeon	quest.Space Race	line_Space Race.txt	1433
任务	Moon Lander	quest.Space Race	line_Space Race.txt	816
任务	Moon Patrol	quest.Space Race	line_Space Race.txt	1434
任务	Moooooore Steam	quest.Multiblock Goals	line_Multiblock Goals.txt	787
任务	More Advanced Alloys	quest.Tier 0.5 - Steam	line_Tier 0.5 - Steam.txt	46
任务	More Advanced Reactors	quest.How to Generate Power	line_How to Generate Power.txt	2829
任务	More Algae Uses	quest.Multiblock Goals	line_Multiblock Goals.txt	-8637502851546358797
任务	More Augmentation	quest....Without Dying	line_...Without Dying.txt	-8440245249871056215
任务	More Chlorine	quest.Tier 6 - LuV	line_Tier 6 - LuV.txt	2924
任务	More Compact Storage	quest.extra_MultipleQuestLine	line_extra_MultipleQuestLine.txt	1085
任务	More Copper	quest.The Green Revolution	line_The Green Revolution.txt	-6874605612464082782
任务	More Energetic Screws to Finish the New Wand	quest.Adept Thaumaturgy	line_Adept Thaumaturgy.txt	266
任务	More Flowers	quest.The Green Revolution	line_The Green Revolution.txt	-4902674348745410722
任务	More Food, More Hearts	quest.Tier 0 - Stone Age	line_Tier 0 - Stone Age.txt	2737
任务	More Health	quest.Novice Thaumaturgy	line_Novice Thaumaturgy.txt	-5362928539393889721
任务	More Hearts for Valentines	quest.Look to the Edges	line_Look to the Edges.txt	2420
任务	More Heat - Kanthal Coil Upgrade	quest.Multiblock Goals	line_Multiblock Goals.txt	78
任务	More Hydrogen	quest.Working with Oil	line_Working with Oil.txt	2997
任务	More ItemSinks in NEI	quest.Handle Logistics with Pipes	line_Handle Logistics with Pipes.txt	-8256300157046271476
任务	More Like Ouch-i-tect	quest.Building Better Bases	line_Building Better Bases.txt	1986
任务	More Oil Options	quest.Working with Oil	line_Working with Oil.txt	3000
任务	More Power Needed, Sir!	quest.Tier 4 - EV	line_Tier 4 - EV.txt	2023
任务	More Power Now!	quest.Look to the Edges	line_Look to the Edges.txt	1597
任务	More Red, Less Wheat	quest.The Green Revolution	line_The Green Revolution.txt	1737
任务	More Samarium!	quest.Tier 5 - IV	line_Tier 5 - IV.txt	-7080110298779658056
任务	More Steam For Fuel	quest.Bio for the Masses	line_Bio for the Masses.txt	3138
任务	More Steam, More Pressure!	quest.Mass Processing	line_Mass Processing.txt	-5991978432068446918
任务	More Than 4 Amps? Crazy!	quest.Storing and Transforming EU	line_Storing and Transforming EU.txt	1924
任务	More Tin	quest.The Green Revolution	line_The Green Revolution.txt	-9111345011448692116
任务	More Tree Types	quest.Basic Automation	line_Basic Automation.txt	1551
任务	Moron's Guide to Better Trees	quest.extra_MultipleQuestLine	line_extra_MultipleQuestLine.txt	1115
任务	Moron's Guide to Breeding Better Bees	quest.extra_MultipleQuestLine	line_extra_MultipleQuestLine.txt	2209
任务	Moron's Manual For Mana Manufacture And Manipulation	quest.Flower Power	line_Flower Power.txt	3253
任务	Moron's Manual for Effective EBFing	quest.extra_MultipleQuestLine	line_extra_MultipleQuestLine.txt	1853
任务	Moron's Manual for Massacring Monsters	quest.extra_MultipleQuestLine	line_extra_MultipleQuestLine.txt	1841
任务	Mortar and Tiles	quest.Building Better Bases	line_Building Better Bases.txt	1961
任务	Mounting Your HDD	quest.SFM and Computers	line_SFM and Computers.txt	1763
任务	Move the Heat	quest.extra_MultipleQuestLine	line_extra_MultipleQuestLine.txt	196
任务	Moving Faster!	quest.Look to the Edges	line_Look to the Edges.txt	1581
任务	Moving Your Tanks, Chests, and Barrels	quest.Tier 0.5 - Steam	line_Tier 0.5 - Steam.txt	625
任务	Moving the Manager	quest.SFM and Computers	line_SFM and Computers.txt	1990
任务	Mud, Can Also be Used For Facials	quest.Tier 0.5 - Steam	line_Tier 0.5 - Steam.txt	1915
任务	Multiblock Farming	quest.The Green Revolution	line_The Green Revolution.txt	-4988597485722821620
任务	Multiblock Revolution	quest.extra_MultipleQuestLine	line_extra_MultipleQuestLine.txt	-8198041923981670459
任务	Multiblock Tanks... Railcraft Tanks	quest.Multiblock Goals	line_Multiblock Goals.txt	45
任务	Multifarm: Control	quest.Forestry and Multifarms	line_Forestry and Multifarms.txt	591
任务	Multifarm: Gearbox	quest.Forestry and Multifarms	line_Forestry and Multifarms.txt	592
任务	Multifarm: Hatch	quest.Forestry and Multifarms	line_Forestry and Multifarms.txt	589
任务	Multifarm: Valve	quest.Forestry and Multifarms	line_Forestry and Multifarms.txt	590
任务	Mundane Larch	quest.Forestry and Multifarms	line_Forestry and Multifarms.txt	2129
任务	Mushroom Biomes? Why Are There So Many?	quest.extra_MultipleQuestLine	line_extra_MultipleQuestLine.txt	1834
任务	Mutandis Extremis	quest.Look to the Edges	line_Look to the Edges.txt	2336
任务	Mutate Your Saplings	quest.Look to the Edges	line_Look to the Edges.txt	1555
任务	Mutated Saplings	quest.Look to the Edges	line_Look to the Edges.txt	1557
任务	Mutating Sprig	quest.Look to the Edges	line_Look to the Edges.txt	2387
任务	Mutating Things is Cool	quest.Tier 6 - LuV	line_Tier 6 - LuV.txt	2680
任务	Mutation Titration	quest.The Green Revolution	line_The Green Revolution.txt	-5427043695285873838
任务	Mutations Are...Good, Right?	quest.Tier 9 - UHV	line_Tier 9 - UHV.txt	2660
任务	Mutatron	quest.How to Be(e)	line_How to Be(e).txt	508
任务	My Ancient Enemy	quest.Building Better Bases	line_Building Better Bases.txt	1941
任务	My Eyes Hurt! #1	quest.Tier 10 - UEV	line_Tier 10 - UEV.txt	-6022104266947009874
任务	My Eyes Hurt! #2	quest.Tier 10 - UEV	line_Tier 10 - UEV.txt	-6407498567809638090
任务	My Eyes Hurt! #3	quest.Tier 10 - UEV	line_Tier 10 - UEV.txt	-6963947838860379704
任务	My Eyes Hurt! #4	quest.Tier 10 - UEV	line_Tier 10 - UEV.txt	3236
任务	My Little Scrench	quest.SFM and Computers	line_SFM and Computers.txt	1755
任务	Mysterious	quest.Be(e) Breeding	line_Be(e) Breeding.txt	2217
任务	Mysterious...	quest.Tier 6 - LuV	line_Tier 6 - LuV.txt	2609
任务	N Like Nitrogen... Hide, the Alphabet Strikes Again!	quest.Tier 1 - LV	line_Tier 1 - LV.txt	555
任务	N.N.Q.Q.N.Q.Q	quest.Tier 7 - ZPM	line_Tier 7 - ZPM.txt	2950
任务	NAC™: Advanced Routing Package	quest.Tier 10 - UEV	line_Tier 10 - UEV.txt	-7701138951227448008
任务	NAC™: Assembling Package	quest.Tier 10 - UEV	line_Tier 10 - UEV.txt	-6453735162456699346
任务	NAC™: Automation Package	quest.Tier 10 - UEV	line_Tier 10 - UEV.txt	-7441919343799596181
任务	NAC™: Crystal Package	quest.Tier 10 - UEV	line_Tier 10 - UEV.txt	-6592545949574353296
任务	NAC™: Fundamentals Package	quest.Tier 10 - UEV	line_Tier 10 - UEV.txt	-4924680785183971301
任务	NAC™: Optical Package	quest.Tier 10 - UEV	line_Tier 10 - UEV.txt	-5596355718593382116
任务	NAC™: Wetware and Bioware Package	quest.Tier 10 - UEV	line_Tier 10 - UEV.txt	-6982069182951646233
任务	NASA Workbench	quest.Space Race	line_Space Race.txt	2744
任务	NEI Next Level Recipe Search	quest.extra_MultipleQuestLine	line_extra_MultipleQuestLine.txt	-5617553811869142035
任务	NEI Next Level Search	quest.extra_MultipleQuestLine	line_extra_MultipleQuestLine.txt	-8810216742118145435
任务	NEI is EVEN MORE POWERFUL NOW?	quest.extra_MultipleQuestLine	line_extra_MultipleQuestLine.txt	-5030660532125308103
任务	NEI is More Powerful Than You Imagine	quest.extra_MultipleQuestLine	line_extra_MultipleQuestLine.txt	1506
任务	NITRO! (Cetane-Boosted Diesel)	quest.Tier 3 - HV	line_Tier 3 - HV.txt	557
任务	NOR and NAND Chips	quest.Tier 3 - HV	line_Tier 3 - HV.txt	1239
任务	NaK	quest.Tier 3 - HV	line_Tier 3 - HV.txt	-8162614124778304378
任务	Naga	quest.Be(e) Breeding	line_Be(e) Breeding.txt	364
任务	Nameless	quest.Be(e) Breeding	line_Be(e) Breeding.txt	2244
任务	Naming Names	quest.SFM and Computers	line_SFM and Computers.txt	1991
任务	Nano Assembly	quest.Tier 4 - EV	line_Tier 4 - EV.txt	1250
任务	Nano Crystal	quest.extra_MultipleQuestLine	line_extra_MultipleQuestLine.txt	790
任务	Nano Forge Tier 1	quest.extra_MultipleQuestLine	line_extra_MultipleQuestLine.txt	3279
任务	Nano Forge Tier 2	quest.extra_MultipleQuestLine	line_extra_MultipleQuestLine.txt	3280
任务	Nano Forge Tier 3	quest.extra_MultipleQuestLine	line_extra_MultipleQuestLine.txt	3281
任务	Nano Forge Tier 4	quest.extra_MultipleQuestLine	line_extra_MultipleQuestLine.txt	-8519332959416810697
任务	Nano Goggles	quest....Without Dying	line_...Without Dying.txt	1350
任务	Nano Mainframe	quest.Tier 4 - EV	line_Tier 4 - EV.txt	1261
任务	Nano Power ICs	quest.Tier 7 - ZPM	line_Tier 7 - ZPM.txt	2632
任务	Nano Processor	quest.Tier 4 - EV	line_Tier 4 - EV.txt	1248
任务	Nano Resin - Particle Extractors	quest.Tier 8 - UV	line_Tier 8 - UV.txt	-4804005527088963644
任务	Nano Supercomputer	quest.Tier 4 - EV	line_Tier 4 - EV.txt	1251
任务	NanoCPU Wafer and Chip	quest.Tier 4 - EV	line_Tier 4 - EV.txt	1249
任务	Naphtha	quest.Tier 1 - LV	line_Tier 1 - LV.txt	641
任务	Naphthalene	quest.Space Race	line_Space Race.txt	2694
任务	Naquadah	quest.Be(e) Breeding	line_Be(e) Breeding.txt	358
任务	Naquadah Alloy	quest.Tier 6 - LuV	line_Tier 6 - LuV.txt	2607
任务	Naquadah Alloy Coil Upgrade	quest.Multiblock Goals	line_Multiblock Goals.txt	477
任务	Naquadah Based Fuel MkI	quest.How to Generate Power	line_How to Generate Power.txt	2961
任务	Naquadah Based Fuel MkII	quest.How to Generate Power	line_How to Generate Power.txt	2962
任务	Naquadah Based Fuel MkIII	quest.How to Generate Power	line_How to Generate Power.txt	2963
任务	Naquadah Based Fuel MkIV	quest.How to Generate Power	line_How to Generate Power.txt	2964
任务	Naquadah Based Fuel MkV	quest.How to Generate Power	line_How to Generate Power.txt	2965
任务	Naquadah Based Fuel MkVI	quest.How to Generate Power	line_How to Generate Power.txt	-5931115528477845082
任务	Naquadah Coil Upgrade	quest.Multiblock Goals	line_Multiblock Goals.txt	476
任务	Naquadah Doped Monocrystalline Silicon	quest.Tier 5 - IV	line_Tier 5 - IV.txt	1670
任务	Naquadah Doped Wafer	quest.Tier 5 - IV	line_Tier 5 - IV.txt	1671
任务	Naquadah Dust	quest.Tier 6 - LuV	line_Tier 6 - LuV.txt	2942
任务	Naquadah Fuel Refinery	quest.How to Generate Power	line_How to Generate Power.txt	2959
任务	Naquadah Ingot	quest.Tier 6 - LuV	line_Tier 6 - LuV.txt	2943
任务	Naquadah Reactor For Nuclear Fuels	quest.Powerful Nuclear Physics	line_Powerful Nuclear Physics.txt	3196
任务	Naquadria	quest.Be(e) Breeding	line_Be(e) Breeding.txt	350
任务	Naquadria Ingot	quest.Tier 7 - ZPM	line_Tier 7 - ZPM.txt	2955
任务	Naquarite Universal Insulator Foil	quest.Tier 7 - ZPM	line_Tier 7 - ZPM.txt	-7063329900109640972
任务	Nature's Ruin	quest.Tier 10 - UEV	line_Tier 10 - UEV.txt	2578
任务	Need More Information?	quest.Applied Energistics	line_Applied Energistics.txt	-5638703973738633044
任务	Need More Space?	quest.Tier 0 - Stone Age	line_Tier 0 - Stone Age.txt	487
任务	Need More Sugar?	quest.Novice Thaumaturgy	line_Novice Thaumaturgy.txt	-4762573495702958200
任务	Need a Place For All Those Ores?	quest.extra_MultipleQuestLine	line_extra_MultipleQuestLine.txt	1517
任务	Nefarious Oil	quest.Tier 6 - LuV	line_Tier 6 - LuV.txt	-7479578175990039290
任务	Nefarious Production	quest.Tier 6 - LuV	line_Tier 6 - LuV.txt	-7518403751933312267
任务	Neptune	quest.Be(e) Breeding	line_Be(e) Breeding.txt	-5082411588066061267
任务	Nether Air & Semifluid	quest.Tier 6 - LuV	line_Tier 6 - LuV.txt	-8616244885351402047
任务	Nether Quartz? Sharpness!	quest.Tier 0.5 - Steam	line_Tier 0.5 - Steam.txt	1132
任务	Nether Shard	quest.Be(e) Breeding	line_Be(e) Breeding.txt	3298
任务	Netherite Materials	quest.Tier 6 - LuV	line_Tier 6 - LuV.txt	-8284474244884064236
任务	Netherite Nanoparticles	quest.Tier 6 - LuV	line_Tier 6 - LuV.txt	-7135739436701952877
任务	Netherite Scrap	quest.Tier 6 - LuV	line_Tier 6 - LuV.txt	-7883545633909764694
任务	Netherite Scrap Seed	quest.Tier 6 - LuV	line_Tier 6 - LuV.txt	-8480210258690868044
任务	Netherrack Froth	quest.Tier 6 - LuV	line_Tier 6 - LuV.txt	-5079329377019678961
任务	Netherrack Lilies	quest.The Green Revolution	line_The Green Revolution.txt	-8415339337870169786
任务	Netherrack Milling	quest.Tier 6 - LuV	line_Tier 6 - LuV.txt	-6508425876028650542
任务	Neutralization	quest.Tier 6 - LuV	line_Tier 6 - LuV.txt	2929
任务	Neutron Accelerator	quest.Multiblock Goals	line_Multiblock Goals.txt	2938
任务	Neutron Activator	quest.Multiblock Goals	line_Multiblock Goals.txt	2936
任务	Neutron Sensor	quest.Multiblock Goals	line_Multiblock Goals.txt	2937
任务	Neutronium	quest.Be(e) Breeding	line_Be(e) Breeding.txt	355
任务	Neutronium Compressor	quest.extra_MultipleQuestLine	line_extra_MultipleQuestLine.txt	-6648564718221428813
任务	Neutrons From Space	quest.Tier 8 - UV	line_Tier 8 - UV.txt	2673
任务	Never Hungry Again	quest.extra_MultipleQuestLine	line_extra_MultipleQuestLine.txt	-6807508918864111229
任务	New Source of Glowstone	quest.Tier 0.5 - Steam	line_Tier 0.5 - Steam.txt	1092
任务	New Threads	quest.The Green Revolution	line_The Green Revolution.txt	1797
任务	Nice Nether Trees	quest.Tier 0.5 - Steam	line_Tier 0.5 - Steam.txt	1741
任务	Nice and Comfortable - in Space!	quest.Space Race	line_Space Race.txt	1473
任务	Nichrome Coil Upgrade	quest.Multiblock Goals	line_Multiblock Goals.txt	79
任务	Nickel	quest.Be(e) Breeding	line_Be(e) Breeding.txt	2194
任务	Nickelback	quest.The Green Revolution	line_The Green Revolution.txt	-6005958925180876305
任务	Nightmare Protection	quest.Look to the Edges	line_Look to the Edges.txt	1572
任务	Nightmares	quest.Look to the Edges	line_Look to the Edges.txt	1588
任务	Nightshade	quest.The Green Revolution	line_The Green Revolution.txt	-8747006296782565281
任务	Nimbus 1999	quest.Look to the Edges	line_Look to the Edges.txt	342
任务	Niobium-Titanium	quest.Tier 4 - EV	line_Tier 4 - EV.txt	-7530896342613904850
任务	Niobiumization	quest.How to Generate Power	line_How to Generate Power.txt	-5612826465399047400
任务	Nitration Mixture	quest.Tier 5 - IV	line_Tier 5 - IV.txt	1692
任务	Nitration Time... Again	quest.Tier 5 - IV	line_Tier 5 - IV.txt	3063
任务	Nitric Acid	quest.Tier 3 - HV	line_Tier 3 - HV.txt	851
任务	Nitric And Sulfuric Acid	quest.Bio for the Masses	line_Bio for the Masses.txt	3131
任务	Nitric Oxide	quest.Tier 3 - HV	line_Tier 3 - HV.txt	855
任务	Nitrobenzene	quest.Bio for the Masses	line_Bio for the Masses.txt	3133
任务	Nitrogen Dioxide	quest.Tier 3 - HV	line_Tier 3 - HV.txt	853
任务	Nitrogen Tetroxide	quest.Space Race	line_Space Race.txt	2293
任务	No Benzene Yet	quest.Bio for the Masses	line_Bio for the Masses.txt	3117
任务	No Boom Tomorrow	quest.extra_MultipleQuestLine	line_extra_MultipleQuestLine.txt	1902
任务	No Boss Needed! How Sad!	quest.Space Race	line_Space Race.txt	-5074117915743852125
任务	No Chicken Escapes!	quest.Feeding Yourself	line_Feeding Yourself.txt	1857
任务	No More (IC) Engraving	quest.Multiblock Goals	line_Multiblock Goals.txt	-5243481096921136607
任务	No More Filing	quest.Tier 1 - LV	line_Tier 1 - LV.txt	98
任务	No Self-Healing Tools Here...Yet	quest.Tier 0 - Stone Age	line_Tier 0 - Stone Age.txt	1864
任务	No, It Won't Repair Your Car	quest.Tier 6 - LuV	line_Tier 6 - LuV.txt	2677
任务	No, it's not a Typo	quest.Tier 11 - UIV	line_Tier 11 - UIV.txt	-5562896910886444976
任务	Nobody Wants an Explosion...	quest.extra_MultipleQuestLine	line_extra_MultipleQuestLine.txt	1503
任务	Node Upgrades	quest.Tier 1 - LV	line_Tier 1 - LV.txt	1599
任务	Normal Or Magic	quest.Bio for the Masses	line_Bio for the Masses.txt	3135
任务	Not A Mandrake	quest.The Green Revolution	line_The Green Revolution.txt	-6006304926840151513
任务	Not Coal	quest.Novice Thaumaturgy	line_Novice Thaumaturgy.txt	256
任务	Not Enough Amps?	quest.Storing and Transforming EU	line_Storing and Transforming EU.txt	1923
任务	Not Enough Items - Now with Bookmarks and Recent History!	quest.extra_MultipleQuestLine	line_extra_MultipleQuestLine.txt	1505
任务	Not For Soup	quest.Novice Thaumaturgy	line_Novice Thaumaturgy.txt	241
任务	Not Just For Decoration	quest.Novice Thaumaturgy	line_Novice Thaumaturgy.txt	251
任务	Not Quite Ferromagnetic...	quest.Tier 5 - IV	line_Tier 5 - IV.txt	3081
任务	Not Quite There Yet	quest.Tier 12 - UMV	line_Tier 12 - UMV.txt	3243
任务	Not So Evil Berries	quest.The Green Revolution	line_The Green Revolution.txt	-8458296535866482138
任务	Not The Pipes	quest.The Green Revolution	line_The Green Revolution.txt	-4698806407864149638
任务	Not Your Average Platter	quest.SFM and Computers	line_SFM and Computers.txt	1757
任务	Now I Feel Bad...	quest.Look to the Edges	line_Look to the Edges.txt	1645
任务	Now You're Really Gonna Hate This 1-4 in LuV	quest.Tier 6 - LuV	line_Tier 6 - LuV.txt	1489
任务	Now You're Really Gonna Hate This 5 and 6 in LuV	quest.Tier 6 - LuV	line_Tier 6 - LuV.txt	1490
任务	Now for Nitration	quest.Tier 5 - IV	line_Tier 5 - IV.txt	3054
任务	Now that Matters!	quest.Tier 7 - ZPM	line_Tier 7 - ZPM.txt	384
任务	Nuclear Based Fuel (Pu)	quest.How to Generate Power	line_How to Generate Power.txt	2958
任务	Nuclear Based Fuel (Th)	quest.How to Generate Power	line_How to Generate Power.txt	2956
任务	Nuclear Based Fuel (U)	quest.How to Generate Power	line_How to Generate Power.txt	2957
任务	Nuclear Fuel Processing	quest.Powerful Nuclear Physics	line_Powerful Nuclear Physics.txt	3176
任务	Nukes - Summarized	quest.Powerful Nuclear Physics	line_Powerful Nuclear Physics.txt	3174
任务	Numbers in the Corner?	quest.extra_MultipleQuestLine	line_extra_MultipleQuestLine.txt	2406
任务	O like Oxygen	quest.Tier 2 - MV	line_Tier 2 - MV.txt	846
任务	Oak Bonsai	quest.The Green Revolution	line_The Green Revolution.txt	-7297043836321935541
任务	Oak Trees Are Not Apple Trees	quest.And So, It Begins	line_And So, It Begins.txt	440
任务	Oberon	quest.Be(e) Breeding	line_Be(e) Breeding.txt	-7380028735896570065
任务	Obligatory Lava Power	quest.Flower Power	line_Flower Power.txt	3268
任务	Obscenely Dangerous Nuclear Fuel: The Core	quest.How to Generate Power	line_How to Generate Power.txt	490
任务	Obsidian Barrel	quest.Building Better Bases	line_Building Better Bases.txt	-8876130790529141535
任务	Obsidian Chest	quest.Building Better Bases	line_Building Better Bases.txt	-5548813088822417447
任务	Obsidian Shulker Box	quest.Building Better Bases	line_Building Better Bases.txt	-7942941687928335173
任务	Obtaining Ender Pearls	quest.extra_MultipleQuestLine	line_extra_MultipleQuestLine.txt	2404
任务	Obzinite	quest.Tier 0.5 - Steam	line_Tier 0.5 - Steam.txt	1126
任务	Ocean	quest.Be(e) Breeding	line_Be(e) Breeding.txt	2282
任务	Oceans in a Bottle	quest.Applied Energistics	line_Applied Energistics.txt	-7041794358275821537
任务	Odour of Purity	quest.Look to the Edges	line_Look to the Edges.txt	1559
任务	Odour of Purity in Dreams	quest.Look to the Edges	line_Look to the Edges.txt	1596
任务	Offerings	quest.Look to the Edges	line_Look to the Edges.txt	333
任务	Offerings in Your Dreams	quest.Look to the Edges	line_Look to the Edges.txt	1592
任务	Oh-Oh-Oh-Olivia	quest.The Green Revolution	line_The Green Revolution.txt	-7527867140491770915
任务	Ohhh, Crunchy	quest.Kaaami, Haaaami, ... HA!	line_Kaaami, Haaaami, ... HA!.txt	1109
任务	Oil	quest.Be(e) Breeding	line_Be(e) Breeding.txt	2167
任务	Oil Cracker	quest.Working with Oil	line_Working with Oil.txt	3002
任务	Oil Drilling Rig	quest.Working with Oil	line_Working with Oil.txt	2987
任务	Oil Reservoirs	quest.Working with Oil	line_Working with Oil.txt	2996
任务	Oil of Vitriol	quest.Look to the Edges	line_Look to the Edges.txt	1573
任务	Oilsand, or How You Get Heavy Oil	quest.Tier 1 - LV	line_Tier 1 - LV.txt	1791
任务	Oily	quest.Be(e) Breeding	line_Be(e) Breeding.txt	2279
任务	Oink!	quest....Without Dying	line_...Without Dying.txt	2139
任务	Olivine	quest.Be(e) Breeding	line_Be(e) Breeding.txt	2199
任务	On Your Way to Asteroids and Other Rocket Tier 3 DIMs	quest.Tier 5 - IV	line_Tier 5 - IV.txt	215
任务	On Your Way to Tier 4 DIMs	quest.Tier 5 - IV	line_Tier 5 - IV.txt	1715
任务	Once again	quest.Tier 7 - ZPM	line_Tier 7 - ZPM.txt	2954
任务	One Anvil...	quest.Tier 0.5 - Steam	line_Tier 0.5 - Steam.txt	694
任务	One BILLION EU	quest.Storing and Transforming EU	line_Storing and Transforming EU.txt	2150
任务	One Block Mining is so Old School	quest.Tier 0.5 - Steam	line_Tier 0.5 - Steam.txt	742
任务	One Does Not Simply...	quest.Adept Thaumaturgy	line_Adept Thaumaturgy.txt	301
任务	One Dragon Egg is Not Enough Mr Bond	quest.Tier 4 - EV	line_Tier 4 - EV.txt	1655
任务	One Fluid Tank to Store it All!!	quest.Multiblock Goals	line_Multiblock Goals.txt	-6969466475986785356
任务	One Ingot, Infinite Power	quest.Tier 9 - UHV	line_Tier 9 - UHV.txt	2675
任务	One Last Time	quest.Tier 10 - UEV	line_Tier 10 - UEV.txt	-8557295371763424843
任务	One in a Million	quest.Tier 1 - LV	line_Tier 1 - LV.txt	1907
任务	Online Shopping - Tier 1	quest.SFM and Computers	line_SFM and Computers.txt	1765
任务	Only the Best: Cave	quest.How to Be(e)	line_How to Be(e).txt	528
任务	Only the Best: Day and Night	quest.How to Be(e)	line_How to Be(e).txt	527
任务	Only the Best: Fertility	quest.How to Be(e)	line_How to Be(e).txt	521
任务	Only the Best: Humidity	quest.How to Be(e)	line_How to Be(e).txt	520
任务	Only the Best: Rain	quest.How to Be(e)	line_How to Be(e).txt	526
任务	Only the Best: Speed Blinding	quest.How to Be(e)	line_How to Be(e).txt	524
任务	Only the Best: Temperature	quest.How to Be(e)	line_How to Be(e).txt	519
任务	Only the Best: Tree Breeding	quest.How to Be(e)	line_How to Be(e).txt	2748
任务	Only the Worst: Trees Suck!	quest.How to Be(e)	line_How to Be(e).txt	2749
任务	Ooo, Shiny! (Not Platinum!)	quest.Tier 0.5 - Steam	line_Tier 0.5 - Steam.txt	495
任务	Oops	quest.Multiblock Goals	line_Multiblock Goals.txt	2939
任务	Optical SMDs	quest.Tier 9 - UHV	line_Tier 9 - UHV.txt	3216
任务	Optically Enriched Boules	quest.Tier 10 - UEV	line_Tier 10 - UEV.txt	-6772057045989436864
任务	Optimizing Patterns in Late Game!	quest.Applied Energistics	line_Applied Energistics.txt	-9120793416319577555
任务	Optional Tier 1 Fusion	quest.Powerful Nuclear Physics	line_Powerful Nuclear Physics.txt	3164
任务	Optional Tier 2 Fusion	quest.Powerful Nuclear Physics	line_Powerful Nuclear Physics.txt	3191
任务	Optional Tier 3 Fusion	quest.Powerful Nuclear Physics	line_Powerful Nuclear Physics.txt	3193
任务	Options For Finding Zinc	quest.Tier 0 - Stone Age	line_Tier 0 - Stone Age.txt	1866
任务	Orange	quest.Forestry and Multifarms	line_Forestry and Multifarms.txt	2872
任务	Orchard Apple	quest.Forestry and Multifarms	line_Forestry and Multifarms.txt	2101
任务	Ordered	quest.Be(e) Breeding	line_Be(e) Breeding.txt	2232
任务	Ordering Essentia	quest.Applied Energistics	line_Applied Energistics.txt	2546
任务	Ore Berries	quest.The Green Revolution	line_The Green Revolution.txt	-5357559570736815524
任务	Ore Dictionary Output	quest.Applied Energistics	line_Applied Energistics.txt	1330
任务	Ore Processing, Kind Of...	quest.Tier 2 - MV	line_Tier 2 - MV.txt	145
任务	Organic Materials	quest.The Green Revolution	line_The Green Revolution.txt	-6847258699087917302
任务	Organic Way	quest.Tier 2 - MV	line_Tier 2 - MV.txt	780
任务	Oriharukon	quest.Be(e) Breeding	line_Be(e) Breeding.txt	-7541484306467421350
任务	Oriharukon Screws	quest.Adept Thaumaturgy	line_Adept Thaumaturgy.txt	1402
任务	Osmianth	quest.The Green Revolution	line_The Green Revolution.txt	-7398625877271277985
任务	Osmiridium	quest.Tier 5 - IV	line_Tier 5 - IV.txt	2331
任务	Osmium	quest.Be(e) Breeding	line_Be(e) Breeding.txt	391
任务	Osmium	quest.Tier 5 - IV	line_Tier 5 - IV.txt	2317
任务	Other Fruits	quest.The Green Revolution	line_The Green Revolution.txt	-7503645549656584711
任务	Other Ores	quest.Tier 4 - EV	line_Tier 4 - EV.txt	1244
任务	Oxalic Acid	quest.Tier 5 - IV	line_Tier 5 - IV.txt	3068
任务	Oxygen Bubble Distributor	quest.Space Race	line_Space Race.txt	1440
任务	Oxygen Collector	quest.Space Race	line_Space Race.txt	828
任务	Oxygen Compressor	quest.Space Race	line_Space Race.txt	829
任务	Oxygen Gear	quest.Space Race	line_Space Race.txt	822
任务	Oxygen Mask	quest.Space Race	line_Space Race.txt	823
任务	Oxygen Sealer	quest.Space Race	line_Space Race.txt	1467
任务	Oxygen Tanks	quest.Space Race	line_Space Race.txt	824
任务	Ozonation	quest.extra_MultipleQuestLine	line_extra_MultipleQuestLine.txt	-9020589751289166951
任务	P-507	quest.Tier 6 - LuV	line_Tier 6 - LuV.txt	2935
任务	PCB Factory	quest.extra_MultipleQuestLine	line_extra_MultipleQuestLine.txt	3273
任务	PCB Factory Tier 2	quest.extra_MultipleQuestLine	line_extra_MultipleQuestLine.txt	3276
任务	PCB Factory Tier 3	quest.extra_MultipleQuestLine	line_extra_MultipleQuestLine.txt	3278
任务	PETA Approved*	quest.Look to the Edges	line_Look to the Edges.txt	2422
任务	PPIC Wafers	quest.Tier 7 - ZPM	line_Tier 7 - ZPM.txt	2631
任务	PVC Sheets	quest.Tier 2 - MV	line_Tier 2 - MV.txt	1874
任务	Paint-by-Numbers	quest.Tier 7 - ZPM	line_Tier 7 - ZPM.txt	2678
任务	Palladium	quest.Tier 5 - IV	line_Tier 5 - IV.txt	2878
任务	Palladium Processing	quest.Tier 5 - IV	line_Tier 5 - IV.txt	2303
任务	Pam's Who?	quest.The Green Revolution	line_The Green Revolution.txt	-7649216937537907564
任务	Panels to Cover Your...Everything	quest.Building Better Bases	line_Building Better Bases.txt	1967
任务	Panning For Gold is For Chumps	quest.Tier 6 - LuV	line_Tier 6 - LuV.txt	2071
任务	Papaya	quest.Forestry and Multifarms	line_Forestry and Multifarms.txt	2592
任务	Paper	quest.The Green Revolution	line_The Green Revolution.txt	-5129205527319374097
任务	Parachute	quest.Space Race	line_Space Race.txt	830
任务	Paradigm	quest.Paying the Highest Price	line_Paying the Highest Price.txt	417
任务	Passive Chunkloading	quest.Tier 2 - MV	line_Tier 2 - MV.txt	1180
任务	Passive Defence	quest....Without Dying	line_...Without Dying.txt	121
任务	Passive Production	quest.The Green Revolution	line_The Green Revolution.txt	-8137730701819231368
任务	Pattern Repeater	quest.Applied Energistics	line_Applied Energistics.txt	-7898610737511058363
任务	Pattern Terminal	quest.Applied Energistics	line_Applied Energistics.txt	1328
任务	Paying the Highest Price	quest.Paying the Highest Price	line_Paying the Highest Price.txt	161
任务	Peat	quest.Be(e) Breeding	line_Be(e) Breeding.txt	2169
任务	Peat Fired Engine	quest.Forestry and Multifarms	line_Forestry and Multifarms.txt	1216
任务	Perfected Armor Frame	quest....Without Dying	line_...Without Dying.txt	-6646277318359727345
任务	Perfected Components	quest.Tier 12 - UMV	line_Tier 12 - UMV.txt	-8555120433450212467
任务	Perfected Energy Core	quest....Without Dying	line_...Without Dying.txt	-4962649979263960096
任务	Perfecting Crystal Growth	quest.Applied Energistics	line_Applied Energistics.txt	1295
任务	Performing Chemical Experiments at HV Level	quest.Tier 3 - HV	line_Tier 3 - HV.txt	943
任务	Permanent Offhand!	quest.And So, It Begins	line_And So, It Begins.txt	-5633785243568862283
任务	Permanent Oxygen Systems	quest.Space Race	line_Space Race.txt	1439
任务	Personal Chunkloading	quest.Tier 1 - LV	line_Tier 1 - LV.txt	1528
任务	Personal Dimension	quest.Tier 3 - HV	line_Tier 3 - HV.txt	217
任务	Personally, I Prefer Pepsi™	quest.Tier 0 - Stone Age	line_Tier 0 - Stone Age.txt	2721
任务	Petri Dishes, Not for Eating	quest.Tier 3 - HV	line_Tier 3 - HV.txt	2567
任务	PewPew!	quest....Without Dying	line_...Without Dying.txt	222
任务	Phantasmal	quest.Be(e) Breeding	line_Be(e) Breeding.txt	2188
任务	Phenol	quest.Tier 4 - EV	line_Tier 4 - EV.txt	1229
任务	Phenol	quest.Tier 5 - IV	line_Tier 5 - IV.txt	1699
任务	Phenol's Width	quest.Bio for the Masses	line_Bio for the Masses.txt	3112
任务	Phosphorus Doped Monocrystalline Silicon	quest.Tier 3 - HV	line_Tier 3 - HV.txt	1237
任务	Phosphorus Doped Wafer	quest.Tier 3 - HV	line_Tier 3 - HV.txt	1238
任务	Phthalic Acid	quest.Tier 5 - IV	line_Tier 5 - IV.txt	1700
任务	Phthalic Acid, The Cool Kids' Way	quest.Space Race	line_Space Race.txt	2693
任务	Pimp Your Wand Focus	quest.extra_MultipleQuestLine	line_extra_MultipleQuestLine.txt	1382
任务	Pink	quest.Be(e) Breeding	line_Be(e) Breeding.txt	2270
任务	Pipes, Pipes Everywhere	quest.Tier 2 - MV	line_Tier 2 - MV.txt	1736
任务	Plague Inc.	quest.Focus on Wand Foci & EMT	line_Focus on Wand Foci & EMT.txt	1380
任务	Planar Gateways	quest.Getting Around...	line_Getting Around....txt	-7440565615906063856
任务	Planet Eater	quest.Tier 10 - UEV	line_Tier 10 - UEV.txt	2579
任务	Planetary Tears	quest.extra_MultipleQuestLine	line_extra_MultipleQuestLine.txt	2072
任务	Plant Based Meats	quest.The Green Revolution	line_The Green Revolution.txt	-5732100976064223270
任务	Plant Based Milk	quest.The Green Revolution	line_The Green Revolution.txt	1933
任务	Plant Diseases	quest.The Green Revolution	line_The Green Revolution.txt	-8999941513443428594
任务	Plant Mass	quest.Tier 2 - MV	line_Tier 2 - MV.txt	732
任务	Plantballs	quest.Tier 2 - MV	line_Tier 2 - MV.txt	731
任务	Plated Leggings - Better Not Try to Wear It	quest....Without Dying	line_...Without Dying.txt	800
任务	Platina	quest.The Green Revolution	line_The Green Revolution.txt	-6944841682528065138
任务	Platinum	quest.Be(e) Breeding	line_Be(e) Breeding.txt	2203
任务	Platinum Group Processing - All the Other Metals	quest.Tier 5 - IV	line_Tier 5 - IV.txt	2304
任务	Platinum Processing, Step 1	quest.Tier 4 - EV	line_Tier 4 - EV.txt	2300
任务	Platinum Processing, Step 2a	quest.Tier 4 - EV	line_Tier 4 - EV.txt	2301
任务	Platinum Processing, Step 2b	quest.Tier 4 - EV	line_Tier 4 - EV.txt	2299
任务	Platinum Processing, Step 3	quest.Tier 4 - EV	line_Tier 4 - EV.txt	2297
任务	Platinum Processing, Step 4	quest.Tier 4 - EV	line_Tier 4 - EV.txt	2296
任务	Platinum Salt Recycling	quest.Tier 4 - EV	line_Tier 4 - EV.txt	2298
任务	Play-Doh For Big Girls and Boys	quest.Mass Processing	line_Mass Processing.txt	2031
任务	Playing With Dust	quest.Tier 3 - HV	line_Tier 3 - HV.txt	769
任务	Playing With Dust in EV	quest.Tier 4 - EV	line_Tier 4 - EV.txt	2980
任务	Playing With the Big Boys, Chemically	quest.Multiblock Goals	line_Multiblock Goals.txt	2397
任务	Playing with Colors!	quest.Multiblock Goals	line_Multiblock Goals.txt	-8838176938353182973
任务	Please... Don't Let These Circuits Take Over	quest.Tier 9 - UHV	line_Tier 9 - UHV.txt	2662
任务	Pls Provide	quest.Handle Logistics with Pipes	line_Handle Logistics with Pipes.txt	-8730662353812275470
任务	Plum	quest.Forestry and Multifarms	line_Forestry and Multifarms.txt	2132
任务	Plumbilia	quest.The Green Revolution	line_The Green Revolution.txt	-8513610112817591024
任务	Pluto	quest.Be(e) Breeding	line_Be(e) Breeding.txt	-6600959110500426438
任务	Pluto Dungeon	quest.Space Race	line_Space Race.txt	2708
任务	Plutonium	quest.Be(e) Breeding	line_Be(e) Breeding.txt	2205
任务	Plutonium 239	quest.Powerful Nuclear Physics	line_Powerful Nuclear Physics.txt	3172
任务	Pocket Dolly	quest.Focus on Wand Foci & EMT	line_Focus on Wand Foci & EMT.txt	1385
任务	Pocket Furnace	quest.Focus on Wand Foci & EMT	line_Focus on Wand Foci & EMT.txt	1384
任务	Pocket Plasma EV	quest.How to Generate Power	line_How to Generate Power.txt	2779
任务	Pocket Plasma IV	quest.How to Generate Power	line_How to Generate Power.txt	2780
任务	Pocket Plasma LuV	quest.How to Generate Power	line_How to Generate Power.txt	2781
任务	Pocket Plasma UV	quest.How to Generate Power	line_How to Generate Power.txt	2783
任务	Pocket Plasma ZPM	quest.How to Generate Power	line_How to Generate Power.txt	2782
任务	Poke	quest.Paying the Highest Price	line_Paying the Highest Price.txt	177
任务	Pollen Collection Kit	quest.How to Be(e)	line_How to Be(e).txt	-7336878164390242998
任务	Pollination Buddies	quest.Flower Power	line_Flower Power.txt	3225
任务	Pollution What....?	quest.Tier 0.5 - Steam	line_Tier 0.5 - Steam.txt	534
任务	Polybenzimidazole	quest.Tier 5 - IV	line_Tier 5 - IV.txt	1691
任务	Polybenzimidazole, Finally!	quest.Tier 5 - IV	line_Tier 5 - IV.txt	1697
任务	Polydimethylsiloxane Dust	quest.Tier 3 - HV	line_Tier 3 - HV.txt	1663
任务	Polymeriser	quest.How to Be(e)	line_How to Be(e).txt	2098
任务	Polyphenylene Sulfide	quest.Tier 4 - EV	line_Tier 4 - EV.txt	2449
任务	Polystyrene	quest.Tier 3 - HV	line_Tier 3 - HV.txt	2565
任务	Polytetrafluoroethylene	quest.Tier 3 - HV	line_Tier 3 - HV.txt	1814
任务	Polyvinyl Acetate	quest.Tier 4 - EV	line_Tier 4 - EV.txt	460
任务	Polyvinyl Chloride	quest.Tier 2 - MV	line_Tier 2 - MV.txt	1873
任务	Pomelo	quest.Forestry and Multifarms	line_Forestry and Multifarms.txt	2870
任务	Poor Nether Waste	quest.Tier 6 - LuV	line_Tier 6 - LuV.txt	-7668518413732747417
任务	Poppets	quest.Look to the Edges	line_Look to the Edges.txt	346
任务	Porkchops With Attitude	quest.And So, It Begins	line_And So, It Begins.txt	1844
任务	Portable Battery...	quest.Paying the Highest Price	line_Paying the Highest Price.txt	164
任务	Portable Clean Energy EV	quest.How to Generate Power	line_How to Generate Power.txt	2794
任务	Portable Clean Energy IV	quest.How to Generate Power	line_How to Generate Power.txt	216
任务	Portable Clean Energy LuV	quest.How to Generate Power	line_How to Generate Power.txt	2795
任务	Portable Clean Energy UV	quest.How to Generate Power	line_How to Generate Power.txt	2797
任务	Portable Clean Energy ZPM	quest.How to Generate Power	line_How to Generate Power.txt	2796
任务	Portable Digital Storage	quest.Applied Energistics	line_Applied Energistics.txt	2538
任务	Portable Hole? How About Portable Chunk!	quest.Tier 4 - EV	line_Tier 4 - EV.txt	1847
任务	Portable Mob Spawners...? Cool!	quest.Tier 1 - LV	line_Tier 1 - LV.txt	626
任务	Portable Power Source	quest.Look to the Edges	line_Look to the Edges.txt	340
任务	Portable Prospecting Tool	quest.Tier 2 - MV	line_Tier 2 - MV.txt	1482
任务	Portable Tanks	quest.Tier 2 - MV	line_Tier 2 - MV.txt	130
任务	Portable Tanks Too Small?	quest.Tier 1 - LV	line_Tier 1 - LV.txt	1519
任务	Positively Glowing	quest.The Green Revolution	line_The Green Revolution.txt	1806
任务	Potassium Dichromate	quest.Tier 5 - IV	line_Tier 5 - IV.txt	1702
任务	Potassium Nitrate	quest.Tier 5 - IV	line_Tier 5 - IV.txt	1703
任务	Potato Cakes	quest.Feeding Yourself	line_Feeding Yourself.txt	1087
任务	Potato Stock	quest.The Green Revolution	line_The Green Revolution.txt	-7525738023791412446
任务	Potion Catalysts	quest.Paying the Highest Price	line_Paying the Highest Price.txt	411
任务	Potion of Instability	quest.Hardcore End(er) Expansion	line_Hardcore End(er) Expansion.txt	2375
任务	Potion of Purity	quest.Hardcore End(er) Expansion	line_Hardcore End(er) Expansion.txt	2377
任务	Potion: Flight Mode	quest.Paying the Highest Price	line_Paying the Highest Price.txt	415
任务	Powder Power	quest.Building Better Bases	line_Building Better Bases.txt	1955
任务	Powderbarrels	quest.Multiblock Goals	line_Multiblock Goals.txt	761
任务	Power Goggles	quest.Storing and Transforming EU	line_Storing and Transforming EU.txt	-5284198952195300317
任务	Power in the Ether	quest.extra_MultipleQuestLine	line_extra_MultipleQuestLine.txt	3235
任务	Power of the Sun	quest.extra_MultipleQuestLine	line_extra_MultipleQuestLine.txt	933
任务	Power of the Sun 1x1	quest.extra_MultipleQuestLine	line_extra_MultipleQuestLine.txt	935
任务	Power of the Sun 1x1 EV	quest.How to Generate Power	line_How to Generate Power.txt	1719
任务	Power of the Sun 1x1 HV	quest.How to Generate Power	line_How to Generate Power.txt	1007
任务	Power of the Sun 1x1 IV	quest.How to Generate Power	line_How to Generate Power.txt	1721
任务	Power of the Sun 1x1 LV	quest.How to Generate Power	line_How to Generate Power.txt	937
任务	Power of the Sun 1x1 LuV	quest.How to Generate Power	line_How to Generate Power.txt	2775
任务	Power of the Sun 1x1 MV	quest.How to Generate Power	line_How to Generate Power.txt	1004
任务	Power of the Sun 1x1 ZPM	quest.How to Generate Power	line_How to Generate Power.txt	2778
任务	Power of the Sun ULV	quest.extra_MultipleQuestLine	line_extra_MultipleQuestLine.txt	934
任务	Power of the Sun at EV Level	quest.How to Generate Power	line_How to Generate Power.txt	1672
任务	Power of the Sun at HV Level	quest.How to Generate Power	line_How to Generate Power.txt	1006
任务	Power of the Sun at IV Level	quest.How to Generate Power	line_How to Generate Power.txt	1720
任务	Power of the Sun at LV Level	quest.How to Generate Power	line_How to Generate Power.txt	936
任务	Power of the Sun at LuV Level	quest.How to Generate Power	line_How to Generate Power.txt	2774
任务	Power of the Sun at MV Level	quest.How to Generate Power	line_How to Generate Power.txt	1003
任务	Power of the Sun at UV Level	quest.How to Generate Power	line_How to Generate Power.txt	2777
任务	Power of the Sun at ZPM Level	quest.How to Generate Power	line_How to Generate Power.txt	2776
任务	Power of the Sun from Nuclear	quest.Tier 4 - EV	line_Tier 4 - EV.txt	3074
任务	Power, So Much Power!	quest.Tier 7 - ZPM	line_Tier 7 - ZPM.txt	375
任务	Powerfail Notifications	quest.extra_MultipleQuestLine	line_extra_MultipleQuestLine.txt	-6573279534847578607
任务	Powerful Armor	quest.Paying the Highest Price	line_Paying the Highest Price.txt	429
任务	Powerful Shards	quest.Paying the Highest Price	line_Paying the Highest Price.txt	703
任务	Powering Logistics	quest.Handle Logistics with Pipes	line_Handle Logistics with Pipes.txt	-8463515684422388364
任务	Powering-up Fluid Nukes	quest.Powerful Nuclear Physics	line_Powerful Nuclear Physics.txt	3166
任务	Precise Assembler	quest.extra_MultipleQuestLine	line_extra_MultipleQuestLine.txt	3090
任务	Precision Laser Engraver	quest.Tier 1 - LV	line_Tier 1 - LV.txt	-8315505785454163878
任务	Precision is Required	quest.Tier 3 - HV	line_Tier 3 - HV.txt	772
任务	Preparin' for Requestin'	quest.Handle Logistics with Pipes	line_Handle Logistics with Pipes.txt	-7597946804573803113
任务	Press All the Things	quest.Tier 1 - LV	line_Tier 1 - LV.txt	100
任务	Press All the Things in MV	quest.Tier 2 - MV	line_Tier 2 - MV.txt	1547
任务	Press and Hold the B Button to Block!	quest.Focus on Wand Foci & EMT	line_Focus on Wand Foci & EMT.txt	1359
任务	Pressure Washing!	quest.Mass Processing	line_Mass Processing.txt	-8419867822017820934
任务	Primal Charm	quest.Novice Thaumaturgy	line_Novice Thaumaturgy.txt	879
任务	Primal Shrooms	quest.Novice Thaumaturgy	line_Novice Thaumaturgy.txt	1286
任务	Primeval	quest.Be(e) Breeding	line_Be(e) Breeding.txt	2280
任务	Primitive Components	quest.Tier 11 - UIV	line_Tier 11 - UIV.txt	-7393740599162688725
任务	Primordial "Berries"	quest.The Green Revolution	line_The Green Revolution.txt	-4999558315758680615
任务	Primordial Armor	quest.Adept Thaumaturgy	line_Adept Thaumaturgy.txt	-9002362463443147470
任务	Prismarine Precipitate	quest.Tier 7 - ZPM	line_Tier 7 - ZPM.txt	-6918418604701965607
任务	Prismarine Recycling	quest.Tier 7 - ZPM	line_Tier 7 - ZPM.txt	-7701056798770456536
任务	Prismarine Recycling Pt. 2	quest.Tier 7 - ZPM	line_Tier 7 - ZPM.txt	-5821693953433775363
任务	Prismarine Solution	quest.Tier 7 - ZPM	line_Tier 7 - ZPM.txt	-8682720142309394438
任务	Prismarine!? What Do I Need That For?	quest.Tier 7 - ZPM	line_Tier 7 - ZPM.txt	-9188443817784325036
任务	Prismarine-Rich Nitrobenzene Solution	quest.Tier 7 - ZPM	line_Tier 7 - ZPM.txt	-5780847652833109357
任务	Prismatic Acid	quest.Tier 7 - ZPM	line_Tier 7 - ZPM.txt	-5600778106165283022
任务	Prismatic Crystal	quest.Tier 7 - ZPM	line_Tier 7 - ZPM.txt	-6354261280492690379
任务	Prismatic Gas	quest.Tier 7 - ZPM	line_Tier 7 - ZPM.txt	-8684814659604725155
任务	Prismatic Naquadah	quest.Tier 7 - ZPM	line_Tier 7 - ZPM.txt	-8865634979638790486
任务	Prismatic Naquadah Composite Sheet	quest.Tier 7 - ZPM	line_Tier 7 - ZPM.txt	-7159360897796270977
任务	Prismatic Naquadah Composite Slurry	quest.Tier 7 - ZPM	line_Tier 7 - ZPM.txt	-5569503959352868746
任务	Prison Gangs are Obsolete	quest.Tier 1 - LV	line_Tier 1 - LV.txt	2861
任务	Probably Usable For Soup	quest.Look to the Edges	line_Look to the Edges.txt	336
任务	Process Some Certus Quartz	quest.Tier 1 - LV	line_Tier 1 - LV.txt	716
任务	Processor Assembly	quest.Tier 3 - HV	line_Tier 3 - HV.txt	1017
任务	Producing Solar Panels in BULK!!	quest.Multiblock Goals	line_Multiblock Goals.txt	-7449875220775355737
任务	Production Frames	quest.How to Be(e)	line_How to Be(e).txt	1114
任务	Project Godforge	quest.Tier 11 - UIV	line_Tier 11 - UIV.txt	-6893323685044150631
任务	ProjectRed Lights With a Purpose	quest.Building Better Bases	line_Building Better Bases.txt	1975
任务	Projectile Protection V	quest.Focus on Wand Foci & EMT	line_Focus on Wand Foci & EMT.txt	1388
任务	Protect Your Base: Tier 1	quest....Without Dying	line_...Without Dying.txt	120
任务	Protect Your Base: Tier 2	quest....Without Dying	line_...Without Dying.txt	156
任务	Protect Your Base: Tier 3	quest....Without Dying	line_...Without Dying.txt	172
任务	Protect Your Base: Tier 4	quest....Without Dying	line_...Without Dying.txt	208
任务	Protect Your Base: Tier 5	quest....Without Dying	line_...Without Dying.txt	220
任务	Proteus Dungeon	quest.Space Race	line_Space Race.txt	2750
任务	Proto-Volt Stabilizer	quest.extra_MultipleQuestLine	line_extra_MultipleQuestLine.txt	-4945022197468101993
任务	Prototype Matter Manipulator	quest.extra_MultipleQuestLine	line_extra_MultipleQuestLine.txt	-5881168837331971518
任务	Providing Essentia on Demand	quest.Applied Energistics	line_Applied Energistics.txt	2545
任务	Pseudostable Black Hole Containment Field	quest.Tier 11 - UIV	line_Tier 11 - UIV.txt	-4646567102207181371
任务	Pulling Essentia Into the Network	quest.Applied Energistics	line_Applied Energistics.txt	2514
任务	Pulverize the Planet	quest.Tier 4 - EV	line_Tier 4 - EV.txt	212
任务	Pumping Water	quest.Tier 0.5 - Steam	line_Tier 0.5 - Steam.txt	2446
任务	Pumpkin Pie	quest.Feeding Yourself	line_Feeding Yourself.txt	2439
任务	Punji Sticks	quest.Tier 0 - Stone Age	line_Tier 0 - Stone Age.txt	947
任务	Purchase Cables	quest.SFM and Computers	line_SFM and Computers.txt	1771
任务	Purchase Floppy Disk	quest.SFM and Computers	line_SFM and Computers.txt	1774
任务	Purchase Keyboard	quest.SFM and Computers	line_SFM and Computers.txt	1775
任务	Purchase Network Card	quest.SFM and Computers	line_SFM and Computers.txt	1766
任务	Purchase Tier 1 Graphics Card	quest.SFM and Computers	line_SFM and Computers.txt	1769
任务	Purchase Tier 1 Hard Drive	quest.SFM and Computers	line_SFM and Computers.txt	1773
任务	Purchase Tier 1 Memory	quest.SFM and Computers	line_SFM and Computers.txt	1768
任务	Purchase Tier 1 Microchip	quest.SFM and Computers	line_SFM and Computers.txt	1776
任务	Purchase Tier 1 Screen	quest.SFM and Computers	line_SFM and Computers.txt	1772
任务	Purchase Tier 1 Wireless Network Card	quest.SFM and Computers	line_SFM and Computers.txt	1767
任务	Pure Daisy	quest.Flower Power	line_Flower Power.txt	3222
任务	Pure Uranium Ores	quest.Tier 4 - EV	line_Tier 4 - EV.txt	1415
任务	Purge All Your Warp	quest.Kaaami, Haaaami, ... HA!	line_Kaaami, Haaaami, ... HA!.txt	1110
任务	Purge Your Warp	quest.Adept Thaumaturgy	line_Adept Thaumaturgy.txt	833
任务	Purge...Some of Your Warp?	quest.Adept Thaumaturgy	line_Adept Thaumaturgy.txt	2773
任务	Purification	quest.Tier 7 - ZPM	line_Tier 7 - ZPM.txt	2951
任务	Purified Milk	quest.Look to the Edges	line_Look to the Edges.txt	1561
任务	Purifying Water With Plasma	quest.extra_MultipleQuestLine	line_extra_MultipleQuestLine.txt	-7613245622972716356
任务	Purifying the Impure	quest.Applied Energistics	line_Applied Energistics.txt	1296
任务	Pushing Back the Taint	quest.Novice Thaumaturgy	line_Novice Thaumaturgy.txt	-6644822685919168427
任务	Pushing the Limits	quest.Adept Thaumaturgy	line_Adept Thaumaturgy.txt	303
任务	Pushing with Anti-Knock Agent	quest.Working with Oil	line_Working with Oil.txt	3015
任务	Put the Drones in a Jar and Shake it Up	quest.How to Be(e)	line_How to Be(e).txt	1512
任务	Put the Petal to the Metal...	quest.The Green Revolution	line_The Green Revolution.txt	1604
任务	Putting All Those Workers Out of Jobs	quest.Mass Processing	line_Mass Processing.txt	2054
任务	Putting the 'Semi' Back Into Generators HV	quest.How to Generate Power	line_How to Generate Power.txt	2790
任务	Putting the 'Semi' Back Into Generators LV	quest.How to Generate Power	line_How to Generate Power.txt	2788
任务	Putting the 'Semi' Back Into Generators MV	quest.How to Generate Power	line_How to Generate Power.txt	2789
任务	Pyrolusium	quest.The Green Revolution	line_The Green Revolution.txt	-8540774018857603168
任务	Pyrolyse Oven	quest.Bio for the Masses	line_Bio for the Masses.txt	3104
任务	Pyrotheum	quest.Be(e) Breeding	line_Be(e) Breeding.txt	-9038089047233248346
任务	QBit Wafer and Chip	quest.Tier 5 - IV	line_Tier 5 - IV.txt	1679
任务	Quadruple Compressed Solar	quest.How to Generate Power	line_How to Generate Power.txt	2815
任务	Quantum Anomaly	quest.Tier 9 - UHV	line_Tier 9 - UHV.txt	458
任务	Quantum Armor	quest....Without Dying	line_...Without Dying.txt	803
任务	Quantum Assembly	quest.Tier 5 - IV	line_Tier 5 - IV.txt	1705
任务	Quantum Bridging Your Outposts	quest.Applied Energistics	line_Applied Energistics.txt	2536
任务	Quantum Chestplate	quest....Without Dying	line_...Without Dying.txt	3143
任务	Quantum Computer	quest.Tier 8 - UV	line_Tier 8 - UV.txt	2007
任务	Quantum Crystal	quest.extra_MultipleQuestLine	line_extra_MultipleQuestLine.txt	807
任务	Quantum Entangled Singularities	quest.Applied Energistics	line_Applied Energistics.txt	-8494011482519438197
任务	Quantum Eye	quest.Tier 4 - EV	line_Tier 4 - EV.txt	1247
任务	Quantum Goggles	quest....Without Dying	line_...Without Dying.txt	1351
任务	Quantum Mainframe	quest.Tier 5 - IV	line_Tier 5 - IV.txt	1707
任务	Quantum Mechanics is Hot	quest.Tier 8 - UV	line_Tier 8 - UV.txt	2699
任务	Quantum Power ICs	quest.Tier 8 - UV	line_Tier 8 - UV.txt	2633
任务	Quantum Star	quest.Tier 5 - IV	line_Tier 5 - IV.txt	1539
任务	Quantum Storage	quest.Applied Energistics	line_Applied Energistics.txt	466
任务	Quantum Supercomputer	quest.Tier 5 - IV	line_Tier 5 - IV.txt	1706
任务	Quantum Tank X	quest.Tier 11 - UIV	line_Tier 11 - UIV.txt	-8792952447363574599
任务	Quantum Uplink	quest.extra_MultipleQuestLine	line_extra_MultipleQuestLine.txt	-5958780612107171344
任务	Quartz Sphere	quest.Look to the Edges	line_Look to the Edges.txt	2343
任务	Quartzite Veins	quest.Tier 1 - LV	line_Tier 1 - LV.txt	1166
任务	Quick and dirty	quest.Tier 5 - IV	line_Tier 5 - IV.txt	-8885151988130024871
任务	Quintuple Compressed Solar	quest.How to Generate Power	line_How to Generate Power.txt	2816
任务	Quit Exhaling Dusts	quest.Tier 4 - EV	line_Tier 4 - EV.txt	199
任务	RF Batteries	quest.Tier 2 - MV	line_Tier 2 - MV.txt	604
任务	RF Node	quest.SFM and Computers	line_SFM and Computers.txt	2882
任务	RF Solar Panel	quest.Tier 3 - HV	line_Tier 3 - HV.txt	1000
任务	RF Solar Panel Tier 2	quest.Tier 3 - HV	line_Tier 3 - HV.txt	1001
任务	RP-1 Rocket Fuel	quest.Space Race	line_Space Race.txt	2684
任务	Radioactivity's Additives	quest.Powerful Nuclear Physics	line_Powerful Nuclear Physics.txt	3198
任务	Radioisotope Thermoelectric Generator	quest.How to Generate Power	line_How to Generate Power.txt	2802
任务	Radioisotope Thermoelectric Generator	quest.How to Generate Power	line_How to Generate Power.txt	2801
任务	Radon Decay	quest.Tier 4 - EV	line_Tier 4 - EV.txt	1480
任务	Radon Loop	quest.Tier 4 - EV	line_Tier 4 - EV.txt	1241
任务	Railcraft Steam Power	quest.Multiblock Goals	line_Multiblock Goals.txt	560
任务	Railguns, What Else	quest....Without Dying	line_...Without Dying.txt	223
任务	Rapid Item Valve	quest.SFM and Computers	line_SFM and Computers.txt	2011
任务	Rare Ores	quest.Tier 0 - Stone Age	line_Tier 0 - Stone Age.txt	1546
任务	Raspberry	quest.Forestry and Multifarms	line_Forestry and Multifarms.txt	2869
任务	Raw Carbon Fiber	quest.Tier 4 - EV	line_Tier 4 - EV.txt	-8516599160743502345
任务	Raw Carbon Mesh	quest.Tier 2 - MV	line_Tier 2 - MV.txt	773
任务	Raw Gasoline	quest.Working with Oil	line_Working with Oil.txt	3014
任务	Raw Silicon Dust	quest.Tier 2 - MV	line_Tier 2 - MV.txt	3211
任务	Raw Stellar Plasma	quest.Tier 12 - UMV	line_Tier 12 - UMV.txt	-7995813544306558907
任务	Raw Styrene-Butadiene Rubber	quest.Tier 3 - HV	line_Tier 3 - HV.txt	1622
任务	Re-Solving the Purity Issue	quest.Tier 5 - IV	line_Tier 5 - IV.txt	2307
任务	Reactor Fuels	quest.Tier 4 - EV	line_Tier 4 - EV.txt	1243
任务	Reactor Material	quest.Adept Thaumaturgy	line_Adept Thaumaturgy.txt	274
任务	Reactor Shielding 2.0	quest.Focus on Wand Foci & EMT	line_Focus on Wand Foci & EMT.txt	1360
任务	Reactoria	quest.The Green Revolution	line_The Green Revolution.txt	1929
任务	Reactors are Expensive!	quest.Powerful Nuclear Physics	line_Powerful Nuclear Physics.txt	3205
任务	Reading the Grid	quest.Tier 1 - LV	line_Tier 1 - LV.txt	-4621179227773251272
任务	Ready, Set, Go!	quest.Tier 0 - Stone Age	line_Tier 0 - Stone Age.txt	15
任务	Really (Really!) Dark Magic	quest.Adept Thaumaturgy	line_Adept Thaumaturgy.txt	281
任务	Really OP Food	quest.Feeding Yourself	line_Feeding Yourself.txt	1483
任务	Rechargeable Scribing Tools	quest.Focus on Wand Foci & EMT	line_Focus on Wand Foci & EMT.txt	1354
任务	Recipe Patterns	quest.Applied Energistics	line_Applied Energistics.txt	1327
任务	Recycle Fluorine	quest.Tier 6 - LuV	line_Tier 6 - LuV.txt	2923
任务	Recycle Gallium	quest.Tier 6 - LuV	line_Tier 6 - LuV.txt	2933
任务	Recycle Indium	quest.Tier 7 - ZPM	line_Tier 7 - ZPM.txt	2952
任务	Recycle Titanium	quest.Tier 6 - LuV	line_Tier 6 - LuV.txt	2932
任务	Recycle Trinium	quest.Tier 7 - ZPM	line_Tier 7 - ZPM.txt	2946
任务	Recycle Waste Water	quest.Tier 6 - LuV	line_Tier 6 - LuV.txt	2931
任务	Recycle Your Rocket and Save the Environment	quest.Space Race	line_Space Race.txt	1430
任务	Recycle for the Environment	quest.Tier 3 - HV	line_Tier 3 - HV.txt	1906
任务	Red	quest.Be(e) Breeding	line_Be(e) Breeding.txt	2272
任务	Red Alloy	quest.Be(e) Breeding	line_Be(e) Breeding.txt	2183
任务	Red Touch Yellow	quest.The Green Revolution	line_The Green Revolution.txt	2266
任务	Red and Blue	quest.Tier 7 - ZPM	line_Tier 7 - ZPM.txt	382
任务	Redstone	quest.Be(e) Breeding	line_Be(e) Breeding.txt	2184
任务	Redstone	quest.Tier 0 - Stone Age	line_Tier 0 - Stone Age.txt	494
任务	Redstone Alloy	quest.Be(e) Breeding	line_Be(e) Breeding.txt	2182
任务	Redstone Based on Storage Level	quest.Applied Energistics	line_Applied Energistics.txt	2523
任务	Redstone Emitter	quest.SFM and Computers	line_SFM and Computers.txt	1999
任务	Redstone Receiver	quest.SFM and Computers	line_SFM and Computers.txt	2015
任务	Redstone Soup?	quest.Look to the Edges	line_Look to the Edges.txt	2339
任务	Redstone, Early Game Processing	quest.Tier 0 - Stone Age	line_Tier 0 - Stone Age.txt	535
任务	Redstone? Haste!	quest.Tier 0 - Stone Age	line_Tier 0 - Stone Age.txt	1129
任务	Reek of Misfortune	quest.Look to the Edges	line_Look to the Edges.txt	1569
任务	Refill Your Jetpack	quest.Getting Around...	line_Getting Around....txt	648
任务	Refilling Your Potions	quest.Paying the Highest Price	line_Paying the Highest Price.txt	413
任务	Refined	quest.Be(e) Breeding	line_Be(e) Breeding.txt	2277
任务	Refined Components	quest.Tier 12 - UMV	line_Tier 12 - UMV.txt	-8691561364259854049
任务	Refined Farm Logic	quest.Forestry and Multifarms	line_Forestry and Multifarms.txt	594
任务	Refined Firestone	quest.Tier 1 - LV	line_Tier 1 - LV.txt	-6762699094401055520
任务	Refinery Gas	quest.Tier 1 - LV	line_Tier 1 - LV.txt	643
任务	Refining	quest.Tier 7 - ZPM	line_Tier 7 - ZPM.txt	2949
任务	Registry	quest.How to Be(e)	line_How to Be(e).txt	2102
任务	Reinforced Components	quest.Tier 12 - UMV	line_Tier 12 - UMV.txt	-5432683915285308610
任务	Reinforced X? Unbreakable	quest.Tier 0.5 - Steam	line_Tier 0.5 - Steam.txt	1127
任务	Rejuvenating	quest.Be(e) Breeding	line_Be(e) Breeding.txt	2234
任务	Relentless Glue	quest.Tier 6 - LuV	line_Tier 6 - LuV.txt	-8274215243329909479
任务	Relocator	quest.Getting Around...	line_Getting Around....txt	-7756273166616703872
任务	Remote requests	quest.Handle Logistics with Pipes	line_Handle Logistics with Pipes.txt	-8395721167357407219
任务	Removing Sludge From the Iridium	quest.Tier 5 - IV	line_Tier 5 - IV.txt	2313
任务	Renewable Energy	quest.Bio for the Masses	line_Bio for the Masses.txt	3092
任务	Renewable Oil - No Diagenesis Required	quest.The Green Revolution	line_The Green Revolution.txt	1809
任务	Repaired it!	quest.Focus on Wand Foci & EMT	line_Focus on Wand Foci & EMT.txt	1347
任务	Repairing Your Hazmat Suit	quest.Tier 0.5 - Steam	line_Tier 0.5 - Steam.txt	1888
任务	Repreci... what?	quest.Tier 5 - IV	line_Tier 5 - IV.txt	2310
任务	Request Pipe	quest.Basic Automation	line_Basic Automation.txt	1634
任务	Requestin' a Recipe	quest.Handle Logistics with Pipes	line_Handle Logistics with Pipes.txt	-5996163823746127218
任务	Research Completer	quest.Adept Thaumaturgy	line_Adept Thaumaturgy.txt	-9034456121309152193
任务	Research Station	quest.Tier 8 - UV	line_Tier 8 - UV.txt	2008
任务	Resinous	quest.Be(e) Breeding	line_Be(e) Breeding.txt	2283
任务	Resistor	quest.Tier 0.5 - Steam	line_Tier 0.5 - Steam.txt	835
任务	Resplendent Components	quest.Tier 12 - UMV	line_Tier 12 - UMV.txt	-8628649990826836806
任务	Rest in Pieces	quest.And So, It Begins	line_And So, It Begins.txt	10
任务	Reusable Battery: Cadmium	quest.Storing and Transforming EU	line_Storing and Transforming EU.txt	614
任务	Reusable Battery: Lithium	quest.Storing and Transforming EU	line_Storing and Transforming EU.txt	615
任务	Reusable Battery: Sodium	quest.Storing and Transforming EU	line_Storing and Transforming EU.txt	613
任务	Reward for Desulfurizing Automation	quest.Basic Automation	line_Basic Automation.txt	1642
任务	Rhodium	quest.Tier 5 - IV	line_Tier 5 - IV.txt	2328
任务	Rhodium-Plated Palladium	quest.Tier 5 - IV	line_Tier 5 - IV.txt	2329
任务	Rich Nether Waste	quest.Tier 6 - LuV	line_Tier 6 - LuV.txt	-6169558524259359740
任务	Ring of the Earth	quest.Kaaami, Haaaami, ... HA!	line_Kaaami, Haaaami, ... HA!.txt	-5060667404258932938
任务	Ring of the Sky	quest.Kaaami, Haaaami, ... HA!	line_Kaaami, Haaaami, ... HA!.txt	-5036836084780451853
任务	Ritual Dismantler	quest.Paying the Highest Price	line_Paying the Highest Price.txt	2462
任务	Ritual of Gaia's Transformation	quest.Paying the Highest Price	line_Paying the Highest Price.txt	-8970426691467039793
任务	Rituals	quest.Paying the Highest Price	line_Paying the Highest Price.txt	433
任务	Rituals Made Easy	quest.Paying the Highest Price	line_Paying the Highest Price.txt	428
任务	Rock Cutter LV	quest.Tier 3 - HV	line_Tier 3 - HV.txt	1824
任务	Rocket Engine	quest.Space Race	line_Space Race.txt	815
任务	Rocket Engine EV	quest.How to Generate Power	line_How to Generate Power.txt	2294
任务	Rocket Engine IV	quest.How to Generate Power	line_How to Generate Power.txt	2784
任务	Rocket Engine LuV	quest.How to Generate Power	line_How to Generate Power.txt	2785
任务	Rocket Fins	quest.Space Race	line_Space Race.txt	814
任务	Rocket Fuel	quest.Space Race	line_Space Race.txt	827
任务	Rocket Launch Pad	quest.Space Race	line_Space Race.txt	820
任务	Rocket Nose Cone	quest.Space Race	line_Space Race.txt	813
任务	Rocket Tier 1	quest.Space Race	line_Space Race.txt	810
任务	Rocket Tier 2	quest.Space Race	line_Space Race.txt	1429
任务	Rocket Tier 3	quest.Space Race	line_Space Race.txt	1454
任务	Rocket Tier 4	quest.Space Race	line_Space Race.txt	1535
任务	Rocket Tier 5	quest.Space Race	line_Space Race.txt	1726
任务	Rocket Tier 6	quest.Space Race	line_Space Race.txt	2640
任务	Rocket Tier 7	quest.Space Race	line_Space Race.txt	2642
任务	Rocket Tier 8	quest.Space Race	line_Space Race.txt	2644
任务	Roses Are Blood-Red	quest.Flower Power	line_Flower Power.txt	3261
任务	Ross128b Trip	quest.Tier 5 - IV	line_Tier 5 - IV.txt	2311
任务	Rotor	quest.extra_MultipleQuestLine	line_extra_MultipleQuestLine.txt	1140
任务	Round One... FIGHT!	quest.Flower Power	line_Flower Power.txt	3231
任务	Round Two... FIGHT!	quest.Flower Power	line_Flower Power.txt	3241
任务	Round and Round and Round...	quest.Tier 1 - LV	line_Tier 1 - LV.txt	539
任务	Row, Row, Row Your Boat	quest.Getting Around...	line_Getting Around....txt	666
任务	Royal Jelly	quest.Be(e) Breeding	line_Be(e) Breeding.txt	1122
任务	Rubber Boat	quest.Getting Around...	line_Getting Around....txt	668
任务	Rubber Bonsai	quest.The Green Revolution	line_The Green Revolution.txt	-9186904680195988689
任务	Rubber Sheets	quest.Tier 0.5 - Steam	line_Tier 0.5 - Steam.txt	536
任务	Rubber Soft Mallet	quest.Tier 0.5 - Steam	line_Tier 0.5 - Steam.txt	1157
任务	Rubberised, Obsidian, Lapis Tubes	quest.Forestry and Multifarms	line_Forestry and Multifarms.txt	1219
任务	Ruby	quest.Be(e) Breeding	line_Be(e) Breeding.txt	2191
任务	Ruby Electrolyzing	quest.Tier 2 - MV	line_Tier 2 - MV.txt	757
任务	Rubyne	quest.The Green Revolution	line_The Green Revolution.txt	-7523556840373785915
任务	Rule of Threes	quest.Endgame Goals	line_Endgame Goals.txt	-5662664545508156018
任务	Rum	quest.Feeding Yourself	line_Feeding Yourself.txt	1281
任务	Rumplestiltskin!	quest.Look to the Edges	line_Look to the Edges.txt	1646
任务	Runeforged Thaumaturge's Ring	quest.Kaaami, Haaaami, ... HA!	line_Kaaami, Haaaami, ... HA!.txt	-6682962415669262463
任务	Runes	quest.Flower Power	line_Flower Power.txt	3246
任务	Runes	quest.Hardcore End(er) Expansion	line_Hardcore End(er) Expansion.txt	2367
任务	Runes Tier 2	quest.Paying the Highest Price	line_Paying the Highest Price.txt	463
任务	Runite Plasma - The Mk2 Conclusion	quest.How to Generate Power	line_How to Generate Power.txt	-4721119019196807237
任务	Rural	quest.Be(e) Breeding	line_Be(e) Breeding.txt	2170
任务	Ruri... Ruridididi?	quest.Tier 5 - IV	line_Tier 5 - IV.txt	2330
任务	Ruthenium	quest.Tier 5 - IV	line_Tier 5 - IV.txt	2318
任务	Rutile	quest.Tier 3 - HV	line_Tier 3 - HV.txt	1012
任务	SMD Diodes	quest.Tier 3 - HV	line_Tier 3 - HV.txt	1013
任务	SMD Inductors	quest.Tier 3 - HV	line_Tier 3 - HV.txt	-8693302957682373366
任务	SO...TIRED...MUST...SLEEP...	quest.And So, It Begins	line_And So, It Begins.txt	13
任务	STEAM-POWERED BREAKTHROUGH	quest.Mass Processing	line_Mass Processing.txt	-6003979525766501212
任务	STERILIZE!, STERILIZE!	quest.Tier 8 - UV	line_Tier 8 - UV.txt	2649
任务	Sacrificial Runes	quest.Paying the Highest Price	line_Paying the Highest Price.txt	426
任务	Safety First	quest.extra_MultipleQuestLine	line_extra_MultipleQuestLine.txt	2161
任务	Salis Mundus	quest.Be(e) Breeding	line_Be(e) Breeding.txt	2242
任务	Salt	quest.Be(e) Breeding	line_Be(e) Breeding.txt	-9139717528921651199
任务	Salt Can't be Stored in Water?	quest.Tier 5 - IV	line_Tier 5 - IV.txt	2879
任务	Salt Water and Chlorobenzene on Mars	quest.Space Race	line_Space Race.txt	1743
任务	Salty Metals Are the Worst!	quest.Tier 5 - IV	line_Tier 5 - IV.txt	2308
任务	Salty from all the silicon?	quest.Tier 2 - MV	line_Tier 2 - MV.txt	3214
任务	Salty!	quest.The Green Revolution	line_The Green Revolution.txt	-5796057485807024714
任务	Samarium, The Other Way	quest.Tier 5 - IV	line_Tier 5 - IV.txt	3083
任务	Sand Lilies	quest.The Green Revolution	line_The Green Revolution.txt	-9098407421297960062
任务	Sand: The Gathering	quest.Tier 0 - Stone Age	line_Tier 0 - Stone Age.txt	17
任务	Sandwich	quest.Be(e) Breeding	line_Be(e) Breeding.txt	2289
任务	Sapling Power	quest.Bio for the Masses	line_Bio for the Masses.txt	3109
任务	Satellites! Wait,... They don't Orbit...	quest.Handle Logistics with Pipes	line_Handle Logistics with Pipes.txt	-5667015492294033937
任务	Saturation Needed	quest.Tier 5 - IV	line_Tier 5 - IV.txt	3085
任务	Saturn	quest.Be(e) Breeding	line_Be(e) Breeding.txt	-6452485320595586644
任务	Save the Squids, We Must	quest.Novice Thaumaturgy	line_Novice Thaumaturgy.txt	257
任务	Saving Metal With Bending	quest.Tier 1 - LV	line_Tier 1 - LV.txt	105
任务	Saving Redstone	quest.Tier 1 - LV	line_Tier 1 - LV.txt	96
任务	Saving on SpaceTime	quest.Tier 12 - UMV	line_Tier 12 - UMV.txt	-6892498627708657446
任务	Scanning Bees, Crops and Moooooore!	quest.Tier 1 - LV	line_Tier 1 - LV.txt	531
任务	Scanning Made Easy	quest.Novice Thaumaturgy	line_Novice Thaumaturgy.txt	-5247534164092041732
任务	Scheelinium	quest.The Green Revolution	line_The Green Revolution.txt	-9095629033766155119
任务	Scorching Pickaxe	quest.Hardcore End(er) Expansion	line_Hardcore End(er) Expansion.txt	2370
任务	Scribing Tool	quest.Novice Thaumaturgy	line_Novice Thaumaturgy.txt	1096
任务	Scrub, Scrub, Scrub...	quest.Focus on Wand Foci & EMT	line_Focus on Wand Foci & EMT.txt	-9114151446486300176
任务	Searching for Answers	quest.Novice Thaumaturgy	line_Novice Thaumaturgy.txt	225
任务	Secluded	quest.Be(e) Breeding	line_Be(e) Breeding.txt	2179
任务	Second Half of LFTR Breeding	quest.Powerful Nuclear Physics	line_Powerful Nuclear Physics.txt	3179
任务	Second Saw	quest.Building Better Bases	line_Building Better Bases.txt	1970
任务	Second Separation - Ruthenium	quest.Tier 5 - IV	line_Tier 5 - IV.txt	2306
任务	Secret-Angel-Assasin	quest.Getting Around...	line_Getting Around....txt	1345
任务	Secret: A Nice....	quest.Kill All the Things	line_Kill All the Things.txt	908
任务	Secret: The Trade For Life	quest.Kill All the Things	line_Kill All the Things.txt	917
任务	See All the Things	quest.Paying the Highest Price	line_Paying the Highest Price.txt	408
任务	See Like a ... Bat?	quest....Without Dying	line_...Without Dying.txt	2113
任务	See You Lather	quest.Mass Processing	line_Mass Processing.txt	-6585475866071969942
任务	See You Next Time!	quest.Endgame Goals	line_Endgame Goals.txt	-4884820751170895114
任务	See the Unseen	quest.Novice Thaumaturgy	line_Novice Thaumaturgy.txt	226
任务	Seed Generator	quest.The Green Revolution	line_The Green Revolution.txt	-7925499133285634726
任务	Seed Oil	quest.Tier 2 - MV	line_Tier 2 - MV.txt	848
任务	Seeing Inside Your Chests	quest....Without Dying	line_...Without Dying.txt	2437
任务	Seeing Things Brighter	quest....Without Dying	line_...Without Dying.txt	776
任务	Seeing the Fruits of Your Labor	quest.Forestry and Multifarms	line_Forestry and Multifarms.txt	2085
任务	Seeping Shoes	quest.Look to the Edges	line_Look to the Edges.txt	345
任务	Seer Stone or Summon the Witches	quest.Look to the Edges	line_Look to the Edges.txt	2344
任务	Self-Aware Circuits	quest.Tier 9 - UHV	line_Tier 9 - UHV.txt	2661
任务	Sending the Power Back	quest.extra_MultipleQuestLine	line_extra_MultipleQuestLine.txt	1145
任务	Sensor Lens	quest....Without Dying	line_...Without Dying.txt	796
任务	Sentient Overclocker	quest.extra_MultipleQuestLine	line_extra_MultipleQuestLine.txt	-6534268869527346540
任务	Separate Solvent	quest.Tier 6 - LuV	line_Tier 6 - LuV.txt	2925
任务	Separate Those Last Specks	quest.Tier 5 - IV	line_Tier 5 - IV.txt	3086
任务	Separating Gems From the Dust	quest.Tier 3 - HV	line_Tier 3 - HV.txt	1521
任务	Separating Molecules	quest.Tier 3 - HV	line_Tier 3 - HV.txt	1921
任务	Separation	quest.Tier 6 - LuV	line_Tier 6 - LuV.txt	2940
任务	Septuple Compressed Solar	quest.How to Generate Power	line_How to Generate Power.txt	2818
任务	Sequencer	quest.How to Be(e)	line_How to Be(e).txt	2097
任务	Serious Upgrades	quest.Space Race	line_Space Race.txt	2695
任务	Sextuple Compressed Solar	quest.How to Generate Power	line_How to Generate Power.txt	2817
任务	Shadow Metal	quest.Novice Thaumaturgy	line_Novice Thaumaturgy.txt	-5367828810714122460
任务	Shake That Booty...	quest.extra_MultipleQuestLine	line_extra_MultipleQuestLine.txt	1420
任务	Shards of Opposite Worlds	quest.Kaaami, Haaaami, ... HA!	line_Kaaami, Haaaami, ... HA!.txt	309
任务	She Let Go	quest.Adept Thaumaturgy	line_Adept Thaumaturgy.txt	273
任务	Sheep Hairdresser	quest.Tier 0 - Stone Age	line_Tier 0 - Stone Age.txt	492
任务	Shield Update	quest.extra_MultipleQuestLine	line_extra_MultipleQuestLine.txt	448
任务	Shields UP	quest.extra_MultipleQuestLine	line_extra_MultipleQuestLine.txt	446
任务	Shimmering Leaves	quest.The Green Revolution	line_The Green Revolution.txt	-8483419409772042412
任务	Shiny!	quest.Tier 7 - ZPM	line_Tier 7 - ZPM.txt	383
任务	Shirabon	quest.Tier 12 - UMV	line_Tier 12 - UMV.txt	-9143660827823771849
任务	Short Guide - A Basic AE2 System	quest.Applied Energistics	line_Applied Energistics.txt	2753
任务	Short Guide - Autocrafting	quest.Applied Energistics	line_Applied Energistics.txt	2755
任务	Short Guide - External Storage	quest.Applied Energistics	line_Applied Energistics.txt	2754
任务	Short Term Memory	quest.SFM and Computers	line_SFM and Computers.txt	1750
任务	Shulker Upgrades	quest.Building Better Bases	line_Building Better Bases.txt	-6185205082821488463
任务	Shut Down Your Canning Machine	quest.Flower Power	line_Flower Power.txt	3264
任务	Shuttle Nose Cone	quest.Space Race	line_Space Race.txt	-5843632203454110643
任务	Sievert for the Vat	quest.Multiblock Goals	line_Multiblock Goals.txt	2563
任务	Sift it Goooood	quest.Tier 5 - IV	line_Tier 5 - IV.txt	2326
任务	Sifting Machine	quest.Tier 1 - LV	line_Tier 1 - LV.txt	869
任务	Sifting the Goodness Out	quest.Tier 5 - IV	line_Tier 5 - IV.txt	3046
任务	Sign Updater	quest.SFM and Computers	line_SFM and Computers.txt	2009
任务	Silicon Boule	quest.Tier 6 - LuV	line_Tier 6 - LuV.txt	2944
任务	Silicon Dioxide	quest.Tier 2 - MV	line_Tier 2 - MV.txt	1819
任务	Silicon Plate	quest.Tier 2 - MV	line_Tier 2 - MV.txt	752
任务	Silicon Solar Grade	quest.Tier 2 - MV	line_Tier 2 - MV.txt	1788
任务	Silicon Tetrachloride	quest.Tier 2 - MV	line_Tier 2 - MV.txt	3212
任务	Silicon Tetrachloride - continued	quest.Tier 2 - MV	line_Tier 2 - MV.txt	3213
任务	Silicon Wafer	quest.Tier 2 - MV	line_Tier 2 - MV.txt	792
任务	Silicone Rubber	quest.Tier 3 - HV	line_Tier 3 - HV.txt	1661
任务	Silicone Rubber Sheet	quest.Tier 3 - HV	line_Tier 3 - HV.txt	1664
任务	Silky Combs and Propoli	quest.How to Be(e)	line_How to Be(e).txt	993
任务	Silky Jewel	quest.Novice Thaumaturgy	line_Novice Thaumaturgy.txt	1104
任务	Silver	quest.Be(e) Breeding	line_Be(e) Breeding.txt	2197
任务	Silver And... Silver	quest.The Green Revolution	line_The Green Revolution.txt	-7047969802169458754
任务	Silver Barrel	quest.extra_MultipleQuestLine	line_extra_MultipleQuestLine.txt	-7763868120621886020
任务	Silver Lime	quest.Forestry and Multifarms	line_Forestry and Multifarms.txt	2124
任务	Silver Shulker Box	quest.Building Better Bases	line_Building Better Bases.txt	-4655984694965074482
任务	Silverfish Blood	quest.Hardcore End(er) Expansion	line_Hardcore End(er) Expansion.txt	2373
任务	Simple Alchemical Things	quest.Paying the Highest Price	line_Paying the Highest Price.txt	412
任务	Simple Distillation	quest.Working with Oil	line_Working with Oil.txt	2984
任务	Simple Fluid Transfer	quest.Tier 2 - MV	line_Tier 2 - MV.txt	154
任务	Simple Item Transfer	quest.Tier 2 - MV	line_Tier 2 - MV.txt	153
任务	Simple Ore Washer	quest.Tier 1 - LV	line_Tier 1 - LV.txt	898
任务	Simple Propagation	quest.The Green Revolution	line_The Green Revolution.txt	-6245410396428699989
任务	Simple RF Power: Liquids	quest.Tier 2 - MV	line_Tier 2 - MV.txt	132
任务	Simple RF power: Solid	quest.Tier 2 - MV	line_Tier 2 - MV.txt	131
任务	Simple SoC - System on a Chip	quest.Tier 3 - HV	line_Tier 3 - HV.txt	1713
任务	Simple Storage System	quest.Basic Automation	line_Basic Automation.txt	1635
任务	Simple, But Powerful Spells	quest.Paying the Highest Price	line_Paying the Highest Price.txt	416
任务	Simulating a Solar System	quest.Endgame Goals	line_Endgame Goals.txt	-7454595483869697856
任务	Single Step EV Circuits	quest.Tier 5 - IV	line_Tier 5 - IV.txt	1678
任务	Single Use Battery: Acid	quest.Storing and Transforming EU	line_Storing and Transforming EU.txt	612
任务	Single Use Battery: Mercury	quest.Storing and Transforming EU	line_Storing and Transforming EU.txt	611
任务	Singular Singularities Signify Something	quest.Applied Energistics	line_Applied Energistics.txt	2535
任务	Sinister	quest.Be(e) Breeding	line_Be(e) Breeding.txt	2177
任务	Sisters In Arms	quest.Tier 11 - UIV	line_Tier 11 - UIV.txt	-7538478274087890802
任务	Six-Phased Copper	quest.Tier 11 - UIV	line_Tier 11 - UIV.txt	-7556137922659020256
任务	Skeleton: Evolved	quest.Kill All the Things	line_Kill All the Things.txt	918
任务	Skipped into Ammonia	quest.Bio for the Masses	line_Bio for the Masses.txt	3125
任务	Skulking	quest.Be(e) Breeding	line_Be(e) Breeding.txt	2239
任务	Slay the Dragon. (Again)	quest.Kill All the Things	line_Kill All the Things.txt	607
任务	Slay the Eyes!	quest.Kill All the Things	line_Kill All the Things.txt	605
任务	Sleep Well!	quest.Look to the Edges	line_Look to the Edges.txt	1563
任务	Sleeping Outside	quest.Tier 0 - Stone Age	line_Tier 0 - Stone Age.txt	491
任务	Sleeping in Space	quest.Space Race	line_Space Race.txt	1463
任务	Slightly Better	quest.Adept Thaumaturgy	line_Adept Thaumaturgy.txt	292
任务	Slime Island Journey	quest.Tier 0.5 - Steam	line_Tier 0.5 - Steam.txt	875
任务	Slime: Evolved	quest.Kill All the Things	line_Kill All the Things.txt	923
任务	Slimeball	quest.Be(e) Breeding	line_Be(e) Breeding.txt	2165
任务	Slimeling	quest.Space Race	line_Space Race.txt	1471
任务	Slimy Bonsai	quest.The Green Revolution	line_The Green Revolution.txt	-8355730757275340251
任务	Slimy Seeds	quest.The Green Revolution	line_The Green Revolution.txt	-4876966440568043552
任务	Small Coil	quest.Tier 3 - HV	line_Tier 3 - HV.txt	1019
任务	Small Fuel Canister	quest.Space Race	line_Space Race.txt	819
任务	Small Reward	quest.Basic Automation	line_Basic Automation.txt	1641
任务	Smaller Fusion Is Bigger	quest.Powerful Nuclear Physics	line_Powerful Nuclear Physics.txt	3194
任务	Smart cables	quest.Applied Energistics	line_Applied Energistics.txt	2119
任务	Smelling Even Better	quest.Paying the Highest Price	line_Paying the Highest Price.txt	-6681769780387992396
任务	Smelt All The Things Stack-Wise...	quest.Mass Processing	line_Mass Processing.txt	85
任务	Smelt All the Things...	quest.extra_MultipleQuestLine	line_extra_MultipleQuestLine.txt	870
任务	Smelting All-Joy	quest.Tier 2 - MV	line_Tier 2 - MV.txt	143
任务	Smoke Your Normal Warp Away	quest.Adept Thaumaturgy	line_Adept Thaumaturgy.txt	-8999379980467781725
任务	Smouldering	quest.Be(e) Breeding	line_Be(e) Breeding.txt	2276
任务	Snow Queen	quest.Be(e) Breeding	line_Be(e) Breeding.txt	369
任务	Snowball Fight!	quest.Focus on Wand Foci & EMT	line_Focus on Wand Foci & EMT.txt	1376
任务	So Much Nicer Than Ladders	quest.Getting Around...	line_Getting Around....txt	1985
任务	So Take Me Back in Time...	quest.Focus on Wand Foci & EMT	line_Focus on Wand Foci & EMT.txt	1397
任务	So Thirsty	quest.Novice Thaumaturgy	line_Novice Thaumaturgy.txt	2042
任务	So many options for the core!	quest.Adept Thaumaturgy	line_Adept Thaumaturgy.txt	3208
任务	SoC - System on a Chip	quest.Tier 5 - IV	line_Tier 5 - IV.txt	1673
任务	Sodium	quest.Tier 1 - LV	line_Tier 1 - LV.txt	1168
任务	Sodium Hydroxide	quest.Bio for the Masses	line_Bio for the Masses.txt	3126
任务	Sodium Hydroxide	quest.Tier 2 - MV	line_Tier 2 - MV.txt	849
任务	Sodium Nitrate	quest.Tier 5 - IV	line_Tier 5 - IV.txt	2880
任务	Sodium Persulfate	quest.Tier 2 - MV	line_Tier 2 - MV.txt	1021
任务	Sodium Sulfide	quest.Tier 4 - EV	line_Tier 4 - EV.txt	1652
任务	Soft Mallet Adventure	quest.And So, It Begins	line_And So, It Begins.txt	444
任务	Solar Grade Ingots	quest.Tier 2 - MV	line_Tier 2 - MV.txt	746
任务	Solar Power: Floral Edition	quest.Flower Power	line_Flower Power.txt	3254
任务	Soldering's Not Working Anymore	quest.Tier 9 - UHV	line_Tier 9 - UHV.txt	2679
任务	Solid, Directional Redstone	quest.Novice Thaumaturgy	line_Novice Thaumaturgy.txt	-6167478518452759927
任务	Solid-Oxide Fuel Cell Mk I	quest.How to Generate Power	line_How to Generate Power.txt	2827
任务	Solid-Oxide Fuel Cell Mk II	quest.How to Generate Power	line_How to Generate Power.txt	2826
任务	Solum	quest.Be(e) Breeding	line_Be(e) Breeding.txt	2225
任务	Some Examples	quest.Paying the Highest Price	line_Paying the Highest Price.txt	419
任务	Some Handy Uses	quest.Building Better Bases	line_Building Better Bases.txt	1938
任务	Some Rare High Tier Metals	quest.Tier 3 - HV	line_Tier 3 - HV.txt	1411
任务	Something From Nothing	quest.Multiblock Goals	line_Multiblock Goals.txt	2668
任务	Something From Nothing Pt 2	quest.extra_MultipleQuestLine	line_extra_MultipleQuestLine.txt	-4782315901562449638
任务	Something From Nothing, Part 3?	quest.Tier 10 - UEV	line_Tier 10 - UEV.txt	-6062908746963570458
任务	Something to Carry Liquids	quest.Tier 0 - Stone Age	line_Tier 0 - Stone Age.txt	23
任务	Something to Put Your Components in	quest.Applied Energistics	line_Applied Energistics.txt	1310
任务	Sometimes Life is Scary and Dark - Bring a Backpack	quest....Without Dying	line_...Without Dying.txt	2112
任务	Sometimes, a Bullet Will Do	quest....Without Dying	line_...Without Dying.txt	158
任务	Son of Odin One-Eye	quest.The Green Revolution	line_The Green Revolution.txt	1928
任务	Sorting Incoming	quest.Handle Logistics with Pipes	line_Handle Logistics with Pipes.txt	-8495200811387783221
任务	Soul	quest.Be(e) Breeding	line_Be(e) Breeding.txt	2230
任务	Soul Eater	quest.Tier 3 - HV	line_Tier 3 - HV.txt	165
任务	Soul Sand Lilies	quest.The Green Revolution	line_The Green Revolution.txt	-7127981018709104733
任务	Source of Nickel	quest.Novice Thaumaturgy	line_Novice Thaumaturgy.txt	1613
任务	Sourcing Your Wood	quest.Bio for the Masses	line_Bio for the Masses.txt	3095
任务	Space Bees	quest.Be(e) Breeding	line_Be(e) Breeding.txt	3238
任务	Space Elevator	quest.Tier 8 - UV	line_Tier 8 - UV.txt	3283
任务	Space Flowers!	quest.The Green Revolution	line_The Green Revolution.txt	-5433099124388336069
任务	Space Modules Galore	quest.Tier 11 - UIV	line_Tier 11 - UIV.txt	-8476538164944458841
任务	Space Pumping	quest.Space Race	line_Space Race.txt	3037
任务	Space Station	quest.Space Race	line_Space Race.txt	1067
任务	Space Torches	quest.Space Race	line_Space Race.txt	1441
任务	Spacetime Splitting	quest.Tier 11 - UIV	line_Tier 11 - UIV.txt	-4833019487151132112
任务	Spare Battery	quest.Getting Around...	line_Getting Around....txt	-6611206590732952517
任务	Sparge Tower	quest.Powerful Nuclear Physics	line_Powerful Nuclear Physics.txt	3161
任务	Sparking Nitor...?	quest.Focus on Wand Foci & EMT	line_Focus on Wand Foci & EMT.txt	1353
任务	Spatial Dash Gem	quest.Hardcore End(er) Expansion	line_Hardcore End(er) Expansion.txt	2363
任务	Spatial Distortions	quest.Hardcore End(er) Expansion	line_Hardcore End(er) Expansion.txt	602
任务	Speak For the Trees	quest.Forestry and Multifarms	line_Forestry and Multifarms.txt	2122
任务	Special Potion Flasks	quest.Paying the Highest Price	line_Paying the Highest Price.txt	414
任务	Special Rubber from Oil	quest.Working with Oil	line_Working with Oil.txt	3004
任务	Specific Enchantments	quest.Tier 3 - HV	line_Tier 3 - HV.txt	170
任务	Spectral	quest.Be(e) Breeding	line_Be(e) Breeding.txt	2189
任务	Speed Up Your Plant Growth	quest.The Green Revolution	line_The Green Revolution.txt	722
任务	Speed up with the Sash	quest.Getting Around...	line_Getting Around....txt	-9078433263530968349
任务	Speeding Up Growth	quest.Applied Energistics	line_Applied Energistics.txt	1294
任务	Speeding Up Slow Machines	quest.Tier 2 - MV	line_Tier 2 - MV.txt	2110
任务	Speeding with Octane	quest.Working with Oil	line_Working with Oil.txt	3017
任务	Speedy Berries	quest.The Green Revolution	line_The Green Revolution.txt	-7679726294619612110
任务	Spell Foci	quest.Paying the Highest Price	line_Paying the Highest Price.txt	418
任务	Spidery	quest.Be(e) Breeding	line_Be(e) Breeding.txt	2240
任务	Spinmatron-2737	quest.Mass Processing	line_Mass Processing.txt	-8222665240642675552
任务	Spinning Your Dreams	quest.Look to the Edges	line_Look to the Edges.txt	1594
任务	Spirit	quest.Be(e) Breeding	line_Be(e) Breeding.txt	2229
任务	Spirit Coin Transfer	quest.Look to the Edges	line_Look to the Edges.txt	338
任务	Spiteful	quest.Be(e) Breeding	line_Be(e) Breeding.txt	2249
任务	Spools and Spools	quest.Mass Processing	line_Mass Processing.txt	2037
任务	Spring Cleaning	quest.Applied Energistics	line_Applied Energistics.txt	2530
任务	Spruce Bonsai	quest.The Green Revolution	line_The Green Revolution.txt	-6677893547735443518
任务	Stabilized Baryonic Matter	quest.Tier 10 - UEV	line_Tier 10 - UEV.txt	-5419019742266243031
任务	Stable Division Sigil	quest.Adept Thaumaturgy	line_Adept Thaumaturgy.txt	1105
任务	Stainless Steel	quest.Be(e) Breeding	line_Be(e) Breeding.txt	371
任务	Stainless Steel EBF processing	quest.Tier 2 - MV	line_Tier 2 - MV.txt	753
任务	Stainless Taking Too Long?	quest.Tier 2 - MV	line_Tier 2 - MV.txt	1494
任务	Standard Nuclear Fuel II: Naquadah	quest.How to Generate Power	line_How to Generate Power.txt	1896
任务	Standard Nuclear Fuel: Uranium	quest.How to Generate Power	line_How to Generate Power.txt	191
任务	Star Fuel and Dark Matter	quest.Tier 11 - UIV	line_Tier 11 - UIV.txt	-8332322836118716550
任务	Star Wart	quest.The Green Revolution	line_The Green Revolution.txt	-8257233919665802400
任务	Stargate Base	quest.Endgame Goals	line_Endgame Goals.txt	2574
任务	Stargate Chevron	quest.Endgame Goals	line_Endgame Goals.txt	2576
任务	Stargate Chevron Block	quest.Endgame Goals	line_Endgame Goals.txt	2575
任务	Stargate Command	quest.Endgame Goals	line_Endgame Goals.txt	2597
任务	Stargate Frame Part	quest.Endgame Goals	line_Endgame Goals.txt	-6081001806696611432
任务	Stargate Ring Block	quest.Endgame Goals	line_Endgame Goals.txt	2573
任务	Stargatium	quest.The Green Revolution	line_The Green Revolution.txt	-5469976981948704145
任务	Stars, So Many Stars	quest.Tier 12 - UMV	line_Tier 12 - UMV.txt	-6892214430748682531
任务	Starter Key	quest.Paying the Highest Price	line_Paying the Highest Price.txt	2457
任务	Starting Fusion	quest.Tier 6 - LuV	line_Tier 6 - LuV.txt	1212
任务	Starting Your AE2 Journey	quest.Applied Energistics	line_Applied Energistics.txt	-7099730498725039554
任务	Staying Cool in the Heat	quest.And So, It Begins	line_And So, It Begins.txt	1856
任务	Steam Alternatives	quest.Tier 0.5 - Steam	line_Tier 0.5 - Steam.txt	59
任务	Steam Blender?	quest.Mass Processing	line_Mass Processing.txt	-5681445710078694276
任务	Steam Fusing?	quest.Mass Processing	line_Mass Processing.txt	-8548775180619194411
任务	Steam Locomotive	quest.Getting Around...	line_Getting Around....txt	1184
任务	Steam Stomping!	quest.Mass Processing	line_Mass Processing.txt	-7512596816828408986
任务	Steam is Never Enough	quest.Multiblock Goals	line_Multiblock Goals.txt	786
任务	Steam-a-licious!	quest.extra_MultipleQuestLine	line_extra_MultipleQuestLine.txt	70
任务	Steamy Mincer	quest.Mass Processing	line_Mass Processing.txt	2764
任务	Steel	quest.Be(e) Breeding	line_Be(e) Breeding.txt	370
任务	Steel Barrel	quest.extra_MultipleQuestLine	line_extra_MultipleQuestLine.txt	-8752523978928826755
任务	Steel Chest?	quest.extra_MultipleQuestLine	line_extra_MultipleQuestLine.txt	-8598415503288479283
任务	Steel Multiblock Tanks	quest.Multiblock Goals	line_Multiblock Goals.txt	87
任务	Steeleaf	quest.Novice Thaumaturgy	line_Novice Thaumaturgy.txt	1159
任务	Steelyamom	quest.The Green Revolution	line_The Green Revolution.txt	-8227836960381291077
任务	Stellar Catalyst	quest.Tier 12 - UMV	line_Tier 12 - UMV.txt	-5769420916380359643
任务	Step Assistant	quest.Getting Around...	line_Getting Around....txt	1779
任务	Stern-Gerlach, Perhaps?	quest.Multiblock Goals	line_Multiblock Goals.txt	-7321525324036531442
任务	Stick a Finger in the Air	quest.Tier 0 - Stone Age	line_Tier 0 - Stone Age.txt	1851
任务	Sticks 'n Stones	quest.And So, It Begins	line_And So, It Begins.txt	2
任务	Sticks and Stones...	quest.Adept Thaumaturgy	line_Adept Thaumaturgy.txt	293
任务	Sticky Canes	quest.The Green Revolution	line_The Green Revolution.txt	1600
任务	Sticky Resin	quest.Be(e) Breeding	line_Be(e) Breeding.txt	2166
任务	Still No Filing in MV	quest.Tier 2 - MV	line_Tier 2 - MV.txt	-7413318361154584174
任务	Still Not Enough Charcoal?	quest.Multiblock Goals	line_Multiblock Goals.txt	781
任务	Stocking Fluids	quest.Applied Energistics	line_Applied Energistics.txt	-6652765312740277196
任务	Stone from the Soil	quest.The Green Revolution	line_The Green Revolution.txt	-8232047064591166893
任务	Stone spear	quest....Without Dying	line_...Without Dying.txt	657
任务	Stopping the Infinity Bleed	quest.Tier 10 - UEV	line_Tier 10 - UEV.txt	-8014877735925203463
任务	Storage For Days	quest.extra_MultipleQuestLine	line_extra_MultipleQuestLine.txt	3
任务	Storage of the Gods	quest.Storing and Transforming EU	line_Storing and Transforming EU.txt	2586
任务	Storing Computation in the Cloud	quest.Tier 12 - UMV	line_Tier 12 - UMV.txt	-7444237521495181899
任务	Storing Essentia in Jars? Why, again?	quest.Applied Energistics	line_Applied Energistics.txt	2516
任务	Storing Your ME Data	quest.Applied Energistics	line_Applied Energistics.txt	1292
任务	Storing the Fluids	quest.Basic Automation	line_Basic Automation.txt	1637
任务	Streamlined Casters	quest.extra_MultipleQuestLine	line_extra_MultipleQuestLine.txt	-6690236998707505597
任务	String Theory?	quest.Tier 2 - MV	line_Tier 2 - MV.txt	-8090569753309964099
任务	Strings Upon Strings Upon Strings Upon-	quest.Endgame Goals	line_Endgame Goals.txt	-4771673826714237961
任务	Stuck in the Twilight Forest?	quest.Novice Thaumaturgy	line_Novice Thaumaturgy.txt	1368
任务	Styrene	quest.Tier 3 - HV	line_Tier 3 - HV.txt	1620
任务	Styrene-Butadiene Rubber Sheet	quest.Tier 3 - HV	line_Tier 3 - HV.txt	1660
任务	Subspace Cooling	quest.Tier 12 - UMV	line_Tier 12 - UMV.txt	-5636991039177227943
任务	Such Pretty Leaves...	quest.Forestry and Multifarms	line_Forestry and Multifarms.txt	2083
任务	Suction Device... Nice	quest.Tier 1 - LV	line_Tier 1 - LV.txt	545
任务	Sugar: The Gathering	quest.Feeding Yourself	line_Feeding Yourself.txt	1282
任务	Sugarcanes	quest.Feeding Yourself	line_Feeding Yourself.txt	1277
任务	Sulfuric Acid	quest.Tier 1 - LV	line_Tier 1 - LV.txt	618
任务	Sulfuric Acid	quest.Working with Oil	line_Working with Oil.txt	2995
任务	Sulfuric Gas	quest.Tier 1 - LV	line_Tier 1 - LV.txt	642
任务	Sulfuric Light Fuel	quest.Tier 1 - LV	line_Tier 1 - LV.txt	548
任务	Sulfuric Naphtha	quest.Tier 1 - LV	line_Tier 1 - LV.txt	639
任务	Summon the Meteor!	quest.Paying the Highest Price	line_Paying the Highest Price.txt	-7595617807436879192
任务	Sun Fusion	quest.Tier 6 - LuV	line_Tier 6 - LuV.txt	3091
任务	Sunnarium	quest.Be(e) Breeding	line_Be(e) Breeding.txt	-6278340775631964090
任务	Super Distillation	quest.Working with Oil	line_Working with Oil.txt	3023
任务	Super Fuel And Boiling	quest.Bio for the Masses	line_Bio for the Masses.txt	3136
任务	Super Fuel At The Top	quest.Working with Oil	line_Working with Oil.txt	3025
任务	Super Large Oxygen Tanks	quest.Space Race	line_Space Race.txt	2723
任务	Super Stock Replenisher	quest.Applied Energistics	line_Applied Energistics.txt	-6025086176596606172
任务	Super Tank I	quest.Tier 2 - MV	line_Tier 2 - MV.txt	944
任务	Super-Mjolnir	quest.Focus on Wand Foci & EMT	line_Focus on Wand Foci & EMT.txt	1348
任务	Supercomputers and Water	quest.Tier 8 - UV	line_Tier 8 - UV.txt	2655
任务	Supercomputers... With Cells?	quest.Tier 9 - UHV	line_Tier 9 - UHV.txt	2664
任务	Superdense	quest.Tier 7 - ZPM	line_Tier 7 - ZPM.txt	-7406677140276529890
任务	Superdense Casting Basins	quest.extra_MultipleQuestLine	line_extra_MultipleQuestLine.txt	-6359639720952698827
任务	Supernatural	quest.Be(e) Breeding	line_Be(e) Breeding.txt	2214
任务	Superpowered Fuel	quest.Working with Oil	line_Working with Oil.txt	3010
任务	Supreme Mechanical Armor	quest....Without Dying	line_...Without Dying.txt	-7964363962430297176
任务	Sustainable Paper	quest.Tier 0 - Stone Age	line_Tier 0 - Stone Age.txt	-6697627242772387263
任务	Sweet Tooth	quest.The Green Revolution	line_The Green Revolution.txt	1606
任务	Sweetened	quest.Be(e) Breeding	line_Be(e) Breeding.txt	2154
任务	Swim Like a ... Squid?	quest....Without Dying	line_...Without Dying.txt	2114
任务	Switch Lever	quest.Getting Around...	line_Getting Around....txt	675
任务	Sword of the Cosmos	quest.Tier 10 - UEV	line_Tier 10 - UEV.txt	2580
任务	Synchrotron (No Relation to the Catalyst)	quest.Multiblock Goals	line_Multiblock Goals.txt	-6124867409590611841
任务	Synthetic Crystal	quest.Tier 8 - UV	line_Tier 8 - UV.txt	-6507513553367570596
任务	Synthetic Elven Gateway	quest.Flower Power	line_Flower Power.txt	-5732897673112409281
任务	Synthetic Rubber	quest.Tier 3 - HV	line_Tier 3 - HV.txt	1615
任务	T2 Exo-Foundry	quest.Tier 11 - UIV	line_Tier 11 - UIV.txt	-4673230765483994634
任务	T2 Maceration Stack	quest.Mass Processing	line_Mass Processing.txt	-7288053330851601378
任务	T2: Primitive	quest.Tier 12 - UMV	line_Tier 12 - UMV.txt	-8965035435801102116
任务	T3 Exo-Foundry	quest.Endgame Goals	line_Endgame Goals.txt	-5759848961423993121
任务	T3: Stable	quest.Tier 12 - UMV	line_Tier 12 - UMV.txt	-6582154093958034319
任务	T4: Advanced	quest.Tier 12 - UMV	line_Tier 12 - UMV.txt	-4941146285800091061
任务	T5: Superb	quest.Tier 12 - UMV	line_Tier 12 - UMV.txt	-5656051784975508899
任务	T6: Exotic	quest.Tier 12 - UMV	line_Tier 12 - UMV.txt	-7083866694015723813
任务	T7: Perfect	quest.Tier 12 - UMV	line_Tier 12 - UMV.txt	-5805725701059093550
任务	T8: Tipler	quest.Tier 12 - UMV	line_Tier 12 - UMV.txt	-5008615856009389453
任务	T9: Gallifreyan	quest.Tier 12 - UMV	line_Tier 12 - UMV.txt	-7941726137436471809
任务	TFFT	quest.Multiblock Goals	line_Multiblock Goals.txt	2765
任务	THE NETHER	quest.Tier 0.5 - Steam	line_Tier 0.5 - Steam.txt	479
任务	THE RAINMAKER	quest.Forestry and Multifarms	line_Forestry and Multifarms.txt	-5708915228904413980
任务	TNT	quest.Multiblock Goals	line_Multiblock Goals.txt	762
任务	TNT Enchantments	quest.Hardcore End(er) Expansion	line_Hardcore End(er) Expansion.txt	2380
任务	TPV Coil Upgrade	quest.Multiblock Goals	line_Multiblock Goals.txt	86
任务	Taglock Kit	quest.Look to the Edges	line_Look to the Edges.txt	2335
任务	Taint Warnings	quest.Novice Thaumaturgy	line_Novice Thaumaturgy.txt	-7526210071214077051
任务	Tainted Nuclear Detonation	quest.Focus on Wand Foci & EMT	line_Focus on Wand Foci & EMT.txt	1394
任务	Take charge!	quest.Storing and Transforming EU	line_Storing and Transforming EU.txt	2732
任务	Taking Pools Seriously	quest.The Green Revolution	line_The Green Revolution.txt	-4946731059756850162
任务	Taking Things Apart	quest.Mass Processing	line_Mass Processing.txt	-8917357558952918000
任务	Tame an Ocelot to Get a Friend	quest.Tier 0.5 - Steam	line_Tier 0.5 - Steam.txt	2346
任务	Tanned Leather	quest.Tier 0 - Stone Age	line_Tier 0 - Stone Age.txt	486
任务	Tantalum Ore	quest.Tier 2 - MV	line_Tier 2 - MV.txt	1835
任务	Tasty Toast	quest.Feeding Yourself	line_Feeding Yourself.txt	638
任务	Tasty...	quest.Tier 2 - MV	line_Tier 2 - MV.txt	148
任务	Teak	quest.Forestry and Multifarms	line_Forestry and Multifarms.txt	2125
任务	TecTech Multiblocks	quest.Tier 7 - ZPM	line_Tier 7 - ZPM.txt	2682
任务	Teflon Don	quest.Tier 3 - HV	line_Tier 3 - HV.txt	1812
任务	Teleporter	quest.Getting Around...	line_Getting Around....txt	-8863044341591625965
任务	Tell Me When We Reach 20	quest.And So, It Begins	line_And So, It Begins.txt	1849
任务	Temp Warp Remover Soap	quest.Adept Thaumaturgy	line_Adept Thaumaturgy.txt	1099
任务	Temperature Control	quest.Space Race	line_Space Race.txt	1466
任务	Terrasteel	quest.Flower Power	line_Flower Power.txt	3229
任务	Tesla Would be Proud	quest.Tier 3 - HV	line_Tier 3 - HV.txt	1502
任务	Tesseract	quest.Tier 10 - UEV	line_Tier 10 - UEV.txt	3239
任务	Tetrahedrite, Stibnite and Copper	quest.Tier 1 - LV	line_Tier 1 - LV.txt	597
任务	Tetranitromethane	quest.Tier 3 - HV	line_Tier 3 - HV.txt	841
任务	Tetranitromethane as Additive	quest.Working with Oil	line_Working with Oil.txt	3008
任务	That Chest is Too Big to Carry Around	quest.Adept Thaumaturgy	line_Adept Thaumaturgy.txt	2022
任务	Thaumic Dendrology	quest.Novice Thaumaturgy	line_Novice Thaumaturgy.txt	-8328732283052969449
任务	Thaumic Shards	quest.Be(e) Breeding	line_Be(e) Breeding.txt	2241
任务	Thauminite Berries	quest.The Green Revolution	line_The Green Revolution.txt	-9216669097939010236
任务	Thauminite Helmet	quest.Novice Thaumaturgy	line_Novice Thaumaturgy.txt	-8670597739683462194
任务	Thaumium Berries	quest.The Green Revolution	line_The Green Revolution.txt	-5758299271822333013
任务	Thaumium Cooking	quest.Novice Thaumaturgy	line_Novice Thaumaturgy.txt	1177
任务	Thaumium Dust	quest.Be(e) Breeding	line_Be(e) Breeding.txt	2238
任务	Thaumometric Essentia Cell	quest.extra_MultipleQuestLine	line_extra_MultipleQuestLine.txt	-5026883587627462782
任务	The 'Water Problems' Are Solved	quest.Multiblock Goals	line_Multiblock Goals.txt	954
任务	The Advanced Harvesting Unit	quest.The Green Revolution	line_The Green Revolution.txt	-8979320435122571827
任务	The Art of Bonsai	quest.The Green Revolution	line_The Green Revolution.txt	2405
任务	The BEST Soap!	quest.Adept Thaumaturgy	line_Adept Thaumaturgy.txt	-5141317039308655896
任务	The Backbone of the System	quest.Handle Logistics with Pipes	line_Handle Logistics with Pipes.txt	-6553493705247837396
任务	The Basic Elements	quest.Adept Thaumaturgy	line_Adept Thaumaturgy.txt	296
任务	The Basic Pipe	quest.Handle Logistics with Pipes	line_Handle Logistics with Pipes.txt	-6241120305394579605
任务	The Basics of SFM	quest.SFM and Computers	line_SFM and Computers.txt	2019
任务	The Beginning of the End Game	quest.Tier 7 - ZPM	line_Tier 7 - ZPM.txt	2006
任务	The Beginnings of a Humble Chest Monster	quest.Building Better Bases	line_Building Better Bases.txt	-5335654271047265477
任务	The Benzene Tier	quest.Bio for the Masses	line_Bio for the Masses.txt	3098
任务	The Best of All?	quest.Adept Thaumaturgy	line_Adept Thaumaturgy.txt	294
任务	The Big Fluffy Crybaby	quest.Kill All the Things	line_Kill All the Things.txt	905
任务	The Board that Keeps Life	quest.Tier 8 - UV	line_Tier 8 - UV.txt	2650
任务	The Burden of Knowledge	quest.Novice Thaumaturgy	line_Novice Thaumaturgy.txt	-7667095339224259942
任务	The Carpenter	quest.Forestry and Multifarms	line_Forestry and Multifarms.txt	578
任务	The Cat is Out of the Box	quest.Tier 11 - UIV	line_Tier 11 - UIV.txt	-7501398759330786959
任务	The Centrifuge	quest.Forestry and Multifarms	line_Forestry and Multifarms.txt	994
任务	The Choice...	quest.Novice Thaumaturgy	line_Novice Thaumaturgy.txt	245
任务	The Choice: Aer	quest.Novice Thaumaturgy	line_Novice Thaumaturgy.txt	250
任务	The Choice: Aqua	quest.Novice Thaumaturgy	line_Novice Thaumaturgy.txt	249
任务	The Choice: Ignis	quest.Novice Thaumaturgy	line_Novice Thaumaturgy.txt	244
任务	The Choice: Ordo	quest.Novice Thaumaturgy	line_Novice Thaumaturgy.txt	248
任务	The Choice: Perditio	quest.Novice Thaumaturgy	line_Novice Thaumaturgy.txt	247
任务	The Choice: Terra	quest.Novice Thaumaturgy	line_Novice Thaumaturgy.txt	246
任务	The Church of Benzene's Holy Altar	quest.How to Generate Power	line_How to Generate Power.txt	1869
任务	The Cool Guy	quest.Tier 0.5 - Steam	line_Tier 0.5 - Steam.txt	1108
任务	The Creation of Life	quest.Tier 3 - HV	line_Tier 3 - HV.txt	169
任务	The Dark Realm	quest.Adept Thaumaturgy	line_Adept Thaumaturgy.txt	279
任务	The Darkness of Choice for Edgelords	quest.Tier 11 - UIV	line_Tier 11 - UIV.txt	2413
任务	The Door to Heaven?	quest.Endgame Goals	line_Endgame Goals.txt	2572
任务	The Easy Way to Change Biomes	quest.Look to the Edges	line_Look to the Edges.txt	2418
任务	The Environmental Enhancement Unit	quest.The Green Revolution	line_The Green Revolution.txt	-5237416962205861199
任务	The Era of Multis	quest.Working with Oil	line_Working with Oil.txt	2989
任务	The Everlasting Guilty Pool	quest.extra_MultipleQuestLine	line_extra_MultipleQuestLine.txt	-7572857785921427532
任务	The Factory Must Grow!	quest.Endgame Goals	line_Endgame Goals.txt	-8971549008568708105
任务	The Fertilization Unit	quest.The Green Revolution	line_The Green Revolution.txt	-8197109997969989693
任务	The Final Frontier!	quest.Tier 10 - UEV	line_Tier 10 - UEV.txt	-5095508056809418717
任务	The Final Frontier?	quest.Tier 9 - UHV	line_Tier 9 - UHV.txt	2648
任务	The Final Goal	quest.Tier 7 - ZPM	line_Tier 7 - ZPM.txt	3251
任务	The Fission Finale	quest.Powerful Nuclear Physics	line_Powerful Nuclear Physics.txt	3184
任务	The Form of the Former Former: Reformed	quest.Mass Processing	line_Mass Processing.txt	-5096507854432432801
任务	The GT Tank, ULV Version	quest.Tier 0.5 - Steam	line_Tier 0.5 - Steam.txt	890
任务	The Ground is Crying	quest.The Green Revolution	line_The Green Revolution.txt	1798
任务	The Growth Acceleration Unit	quest.The Green Revolution	line_The Green Revolution.txt	-5531967092809179181
任务	The Hard Way to Change Biomes	quest.Look to the Edges	line_Look to the Edges.txt	2419
任务	The Heck is That?	quest.Tier 0.5 - Steam	line_Tier 0.5 - Steam.txt	49
任务	The Iron Guy	quest.Tier 0.5 - Steam	line_Tier 0.5 - Steam.txt	1107
任务	The Legs On The Shuttle Rocket Go Step, Step, Step...	quest.Space Race	line_Space Race.txt	-6186734719426077723
任务	The Most Powerful Biodiesel	quest.Bio for the Masses	line_Bio for the Masses.txt	3107
任务	The Multifarm	quest.Forestry and Multifarms	line_Forestry and Multifarms.txt	582
任务	The Night's Not Dark Anymore	quest.Novice Thaumaturgy	line_Novice Thaumaturgy.txt	1565
任务	The Other Part	quest.Tier 5 - IV	line_Tier 5 - IV.txt	3084
任务	The Other Way	quest.Tier 5 - IV	line_Tier 5 - IV.txt	3087
任务	The Overclocked Growth Acceleration Unit	quest.The Green Revolution	line_The Green Revolution.txt	-5395512100500841577
任务	The Overclocking of the Ages	quest.Powerful Nuclear Physics	line_Powerful Nuclear Physics.txt	3188
任务	The Path of Fusion	quest.Powerful Nuclear Physics	line_Powerful Nuclear Physics.txt	3152
任务	The Perfect CPU?	quest.Tier 10 - UEV	line_Tier 10 - UEV.txt	-5973404310081765177
任务	The Power of Creation	quest.Adept Thaumaturgy	line_Adept Thaumaturgy.txt	284
任务	The Power of Endermen	quest.Getting Around...	line_Getting Around....txt	133
任务	The Power of Gods	quest.Kaaami, Haaaami, ... HA!	line_Kaaami, Haaaami, ... HA!.txt	307
任务	The Power of Infinity	quest.Kill All the Things	line_Kill All the Things.txt	405
任务	The Power of the Sun	quest.Tier 0.5 - Steam	line_Tier 0.5 - Steam.txt	62
任务	The Queen of Crops	quest.The Green Revolution	line_The Green Revolution.txt	-5938528175067609951
任务	The Quest for Holy Water	quest.extra_MultipleQuestLine	line_extra_MultipleQuestLine.txt	-5575624123602641916
任务	The Real Planet Eater	quest.Tier 11 - UIV	line_Tier 11 - UIV.txt	-5355942527641797439
任务	The Redstone Sniffer	quest.Tier 4 - EV	line_Tier 4 - EV.txt	-7880854746900516763
任务	The Right Tool for the Job	quest.Building Better Bases	line_Building Better Bases.txt	1936
任务	The Rocks In The Washer...	quest.Mass Processing	line_Mass Processing.txt	1422
任务	The Roots of Magic	quest.Flower Power	line_Flower Power.txt	3220
任务	The SUCC	quest.Tier 12 - UMV	line_Tier 12 - UMV.txt	-6890147797704476497
任务	The Spirit World - Dream	quest.Look to the Edges	line_Look to the Edges.txt	1576
任务	The Spirit World - Nightmare	quest.Look to the Edges	line_Look to the Edges.txt	1564
任务	The Start of Cerium	quest.Tier 5 - IV	line_Tier 5 - IV.txt	3066
任务	The Transcontinental Railroad	quest.Getting Around...	line_Getting Around....txt	866
任务	The Transcontinental Railroad - Creeper-Proof	quest.Getting Around...	line_Getting Around....txt	1188
任务	The Transcontinental Railroad - Electric	quest.Getting Around...	line_Getting Around....txt	1189
任务	The Transcontinental Railroad - High-Speed	quest.Getting Around...	line_Getting Around....txt	1187
任务	The Truth About Serum	quest.How to Be(e)	line_How to Be(e).txt	-5951281698787091280
任务	The Two Alcohols	quest.Bio for the Masses	line_Bio for the Masses.txt	3100
任务	The Water Dilemma	quest.Multiblock Goals	line_Multiblock Goals.txt	75
任务	The Witch is Back...	quest.Look to the Edges	line_Look to the Edges.txt	1648
任务	The future is here!	quest.extra_MultipleQuestLine	line_extra_MultipleQuestLine.txt	-7973202373084553817
任务	The industrial way	quest.Feeding Yourself	line_Feeding Yourself.txt	1280
任务	The one book to rule them all	quest.Tier 0.5 - Steam	line_Tier 0.5 - Steam.txt	-5122202840608450070
任务	The power of prospecting!	quest.Tier 0 - Stone Age	line_Tier 0 - Stone Age.txt	-7957069611279940583
任务	There Can Be Only One...	quest.Tier 2 - MV	line_Tier 2 - MV.txt	1643
任务	There Is Extra Stuff...	quest.Handle Logistics with Pipes	line_Handle Logistics with Pipes.txt	-6370490362068994558
任务	There's My Salt!	quest.Tier 5 - IV	line_Tier 5 - IV.txt	2325
任务	Thermal Boiler - Lava you long time	quest.Multiblock Goals	line_Multiblock Goals.txt	2027
任务	Thermal Centrifuge	quest.Tier 1 - LV	line_Tier 1 - LV.txt	599
任务	Thermal Cloth	quest.Space Race	line_Space Race.txt	1462
任务	Thermic Heating Device	quest.Mass Processing	line_Mass Processing.txt	-6802078268978097834
任务	Thermionic Fabricator	quest.Forestry and Multifarms	line_Forestry and Multifarms.txt	580
任务	These Items Will Not 'Be Back'	quest.Kaaami, Haaaami, ... HA!	line_Kaaami, Haaaami, ... HA!.txt	2887
任务	They See Me, They Watch Me	quest.Adept Thaumaturgy	line_Adept Thaumaturgy.txt	280
任务	Thiosulfine	quest.The Green Revolution	line_The Green Revolution.txt	-7925560376673894102
任务	This Is Probably Not Worth It	quest.Tier 5 - IV	line_Tier 5 - IV.txt	3056
任务	This Kinda Burns...	quest.Mass Processing	line_Mass Processing.txt	-8415056029440111651
任务	This is Not How You Get Into Space	quest.How to Generate Power	line_How to Generate Power.txt	2762
任务	This is Not How You Make Cheese	quest.Tier 8 - UV	line_Tier 8 - UV.txt	2651
任务	This is Relatively Useful	quest....Without Dying	line_...Without Dying.txt	174
任务	This is the End...	quest.Novice Thaumaturgy	line_Novice Thaumaturgy.txt	252
任务	This is your Kryptonite!	quest.How to Generate Power	line_How to Generate Power.txt	-5875748521763021702
任务	Thorium	quest.Be(e) Breeding	line_Be(e) Breeding.txt	357
任务	Thorium 232?	quest.Tier 5 - IV	line_Tier 5 - IV.txt	-8869557855426175810
任务	Thorium Tetrafluoride and Fuel 3	quest.Powerful Nuclear Physics	line_Powerful Nuclear Physics.txt	3195
任务	Thorium and Phosphate	quest.Tier 5 - IV	line_Tier 5 - IV.txt	3058
任务	Thorium as Breeding Fuel	quest.Powerful Nuclear Physics	line_Powerful Nuclear Physics.txt	3155
任务	Thorium as Early Power	quest.Powerful Nuclear Physics	line_Powerful Nuclear Physics.txt	3151
任务	Thorium vs. Uranium	quest.Powerful Nuclear Physics	line_Powerful Nuclear Physics.txt	3201
任务	Thought Emitters Were Bad Enough?	quest.Tier 6 - LuV	line_Tier 6 - LuV.txt	1680
任务	Thriving	quest.Be(e) Breeding	line_Be(e) Breeding.txt	2155
任务	Throwing Out the Trash	quest.Tier 1 - LV	line_Tier 1 - LV.txt	1863
任务	Tier 1	quest.SFM and Computers	line_SFM and Computers.txt	1759
任务	Tier 1 Control Computer	quest.Space Race	line_Space Race.txt	811
任务	Tier 1 Heavy Duty Plates	quest.Space Race	line_Space Race.txt	812
任务	Tier 1 Slates	quest.Paying the Highest Price	line_Paying the Highest Price.txt	407
任务	Tier 10 (UEV)	quest.Tier 10 - UEV	line_Tier 10 - UEV.txt	-5399646287042766590
任务	Tier 11 (UIV)	quest.Tier 11 - UIV	line_Tier 11 - UIV.txt	-5694412901591210156
任务	Tier 12 (UMV)	quest.Tier 12 - UMV	line_Tier 12 - UMV.txt	-6087268361248963518
任务	Tier 13 (UXV)	quest.Endgame Goals	line_Endgame Goals.txt	-6509950608256890330
任务	Tier 2 (MV)	quest.Tier 2 - MV	line_Tier 2 - MV.txt	1148
任务	Tier 2 Coil	quest.How to Generate Power	line_How to Generate Power.txt	2960
任务	Tier 2 Control Computer	quest.Space Race	line_Space Race.txt	1428
任务	Tier 2 Heavy Duty Plates	quest.Space Race	line_Space Race.txt	1427
任务	Tier 2 Manipulating	quest.Multiblock Goals	line_Multiblock Goals.txt	-5211315330207694591
任务	Tier 2 Shielding	quest.Multiblock Goals	line_Multiblock Goals.txt	3290
任务	Tier 2 Sigils	quest.Paying the Highest Price	line_Paying the Highest Price.txt	228
任务	Tier 2 Turret Base	quest....Without Dying	line_...Without Dying.txt	157
任务	Tier 2 slates	quest.Paying the Highest Price	line_Paying the Highest Price.txt	422
任务	Tier 3 (HV)	quest.Tier 3 - HV	line_Tier 3 - HV.txt	160
任务	Tier 3 Base	quest....Without Dying	line_...Without Dying.txt	173
任务	Tier 3 Coil	quest.How to Generate Power	line_How to Generate Power.txt	2966
任务	Tier 3 Control Computer	quest.Space Race	line_Space Race.txt	1448
任务	Tier 3 Heavy Duty Plates	quest.Space Race	line_Space Race.txt	1453
任务	Tier 3 Lander	quest.Space Race	line_Space Race.txt	1456
任务	Tier 3 Manipulating	quest.Multiblock Goals	line_Multiblock Goals.txt	-5989492425518755855
任务	Tier 3 Runes	quest.Paying the Highest Price	line_Paying the Highest Price.txt	427
任务	Tier 3 Shielding	quest.Multiblock Goals	line_Multiblock Goals.txt	3291
任务	Tier 3 Sigils	quest.Paying the Highest Price	line_Paying the Highest Price.txt	406
任务	Tier 3 Slates	quest.Paying the Highest Price	line_Paying the Highest Price.txt	421
任务	Tier 4 (EV)	quest.Tier 4 - EV	line_Tier 4 - EV.txt	176
任务	Tier 4 Coil	quest.How to Generate Power	line_How to Generate Power.txt	-5155982425555565036
任务	Tier 4 Control Computer	quest.Space Race	line_Space Race.txt	1531
任务	Tier 4 Fence and Walls	quest....Without Dying	line_...Without Dying.txt	211
任务	Tier 4 Heavy Duty Plates	quest.Space Race	line_Space Race.txt	1532
任务	Tier 4 Manipulating	quest.Multiblock Goals	line_Multiblock Goals.txt	-5137376728426304535
任务	Tier 4 QFT Catalysts	quest.Tier 12 - UMV	line_Tier 12 - UMV.txt	-7369799697449707989
任务	Tier 4 Runes	quest.Paying the Highest Price	line_Paying the Highest Price.txt	710
任务	Tier 4 Shielding	quest.Multiblock Goals	line_Multiblock Goals.txt	3292
任务	Tier 4 Sigils	quest.Paying the Highest Price	line_Paying the Highest Price.txt	420
任务	Tier 4 Slates	quest.Paying the Highest Price	line_Paying the Highest Price.txt	704
任务	Tier 5 (IV)	quest.Tier 5 - IV	line_Tier 5 - IV.txt	213
任务	Tier 5 Control Computer	quest.Space Race	line_Space Race.txt	1725
任务	Tier 5 Heavy Duty Plates	quest.Space Race	line_Space Race.txt	1724
任务	Tier 5 Runes	quest.Paying the Highest Price	line_Paying the Highest Price.txt	711
任务	Tier 5 Sigils	quest.Paying the Highest Price	line_Paying the Highest Price.txt	2459
任务	Tier 5 slates	quest.Paying the Highest Price	line_Paying the Highest Price.txt	702
任务	Tier 6 (LuV)	quest.Tier 6 - LuV	line_Tier 6 - LuV.txt	1493
任务	Tier 6 Control Computer	quest.Space Race	line_Space Race.txt	2751
任务	Tier 6 Heavy Duty Plates	quest.Space Race	line_Space Race.txt	2639
任务	Tier 7 (ZPM)	quest.Tier 7 - ZPM	line_Tier 7 - ZPM.txt	2610
任务	Tier 7 Control Computer	quest.Space Race	line_Space Race.txt	2702
任务	Tier 7 Heavy Duty Plates	quest.Space Race	line_Space Race.txt	2641
任务	Tier 8 (UV)	quest.Tier 8 - UV	line_Tier 8 - UV.txt	2613
任务	Tier 8 Control Computer	quest.Space Race	line_Space Race.txt	2710
任务	Tier 8 Heavy Duty Plates	quest.Space Race	line_Space Race.txt	2643
任务	Tier 9 (UHV)	quest.Tier 9 - UHV	line_Tier 9 - UHV.txt	2616
任务	Tile Patterns	quest.Building Better Bases	line_Building Better Bases.txt	1962
任务	Tileworker	quest.Building Better Bases	line_Building Better Bases.txt	1963
任务	Time For Some Logic	quest.Tier 0.5 - Steam	line_Tier 0.5 - Steam.txt	66
任务	Time To Kill (Crimson Knight)	quest.Kill All the Things	line_Kill All the Things.txt	282
任务	Time for Another Reactor	quest.Tier 8 - UV	line_Tier 8 - UV.txt	1203
任务	Time to Drill For Ore!	quest.Multiblock Goals	line_Multiblock Goals.txt	1545
任务	Time to Drill for Oil!	quest.Multiblock Goals	line_Multiblock Goals.txt	765
任务	Time to Dry Out the Nether	quest.Tier 1 - LV	line_Tier 1 - LV.txt	1090
任务	Time to Get Some Steel	quest.Multiblock Goals	line_Multiblock Goals.txt	76
任务	Time to Kill (Bat)	quest.Kill All the Things	line_Kill All the Things.txt	2073
任务	Time to Kill (Bighorn Sheep)	quest.Kill All the Things	line_Kill All the Things.txt	2832
任务	Time to Kill (Blaze)	quest.Kill All the Things	line_Kill All the Things.txt	913
任务	Time to Kill (Chicken)	quest.Kill All the Things	line_Kill All the Things.txt	2443
任务	Time to Kill (Cow)	quest.Kill All the Things	line_Kill All the Things.txt	2441
任务	Time to Kill (Creeper)	quest.Kill All the Things	line_Kill All the Things.txt	909
任务	Time to Kill (Dire Wolf)	quest.Kill All the Things	line_Kill All the Things.txt	2074
任务	Time to Kill (Enderman)	quest.Kill All the Things	line_Kill All the Things.txt	915
任务	Time to Kill (Fire Beetle)	quest.Kill All the Things	line_Kill All the Things.txt	2843
任务	Time to Kill (Fire Golem)	quest.Kill All the Things	line_Kill All the Things.txt	2552
任务	Time to Kill (Forest Bunny)	quest.Kill All the Things	line_Kill All the Things.txt	2835
任务	Time to Kill (Fox)	quest.Kill All the Things	line_Kill All the Things.txt	-9089128153539631833
任务	Time to Kill (Ghast)	quest.Kill All the Things	line_Kill All the Things.txt	985
任务	Time to Kill (Hellhound)	quest.Kill All the Things	line_Kill All the Things.txt	2075
任务	Time to Kill (Husk)	quest.Kill All the Things	line_Kill All the Things.txt	-8406688982659812687
任务	Time to Kill (Imp)	quest.Kill All the Things	line_Kill All the Things.txt	2854
任务	Time to Kill (Kobold)	quest.Kill All the Things	line_Kill All the Things.txt	2841
任务	Time to Kill (Lava Monster)	quest.Kill All the Things	line_Kill All the Things.txt	2851
任务	Time to Kill (Louse)	quest.Kill All the Things	line_Kill All the Things.txt	2554
任务	Time to Kill (Magma Cube)	quest.Kill All the Things	line_Kill All the Things.txt	2076
任务	Time to Kill (Nitro Creeper)	quest.Kill All the Things	line_Kill All the Things.txt	2853
任务	Time to Kill (Penguin)	quest.Kill All the Things	line_Kill All the Things.txt	2837
任务	Time to Kill (Pig)	quest.Kill All the Things	line_Kill All the Things.txt	2442
任务	Time to Kill (Pigman)	quest.Kill All the Things	line_Kill All the Things.txt	910
任务	Time to Kill (Pinch Beetle)	quest.Kill All the Things	line_Kill All the Things.txt	2846
任务	Time to Kill (Rabbit)	quest.Kill All the Things	line_Kill All the Things.txt	-5398881678143504386
任务	Time to Kill (Raven)	quest.Kill All the Things	line_Kill All the Things.txt	2836
任务	Time to Kill (Redcap)	quest.Kill All the Things	line_Kill All the Things.txt	2842
任务	Time to Kill (Scorching Lens)	quest.Kill All the Things	line_Kill All the Things.txt	2551
任务	Time to Kill (Sheep)	quest.Kill All the Things	line_Kill All the Things.txt	2440
任务	Time to Kill (Shulker)	quest.Kill All the Things	line_Kill All the Things.txt	-8580166751420167909
任务	Time to Kill (Silverfish)	quest.Kill All the Things	line_Kill All the Things.txt	2078
任务	Time to Kill (Skeleton Druid)	quest.Kill All the Things	line_Kill All the Things.txt	2840
任务	Time to Kill (Skeleton)	quest.Kill All the Things	line_Kill All the Things.txt	912
任务	Time to Kill (Slime Beetle)	quest.Kill All the Things	line_Kill All the Things.txt	2844
任务	Time to Kill (Slime)	quest.Kill All the Things	line_Kill All the Things.txt	2077
任务	Time to Kill (Spiders)	quest.Kill All the Things	line_Kill All the Things.txt	911
任务	Time to Kill (Squid)	quest.Kill All the Things	line_Kill All the Things.txt	2445
任务	Time to Kill (Squirrel)	quest.Kill All the Things	line_Kill All the Things.txt	2838
任务	Time to Kill (Stray)	quest.Kill All the Things	line_Kill All the Things.txt	-5152503880681494502
任务	Time to Kill (Swarm Spider)	quest.Kill All the Things	line_Kill All the Things.txt	2845
任务	Time to Kill (Tiny Birds)	quest.Kill All the Things	line_Kill All the Things.txt	2839
任务	Time to Kill (Wild Boar)	quest.Kill All the Things	line_Kill All the Things.txt	2834
任务	Time to Kill (Wild Deer)	quest.Kill All the Things	line_Kill All the Things.txt	2833
任务	Time to Kill (Wisp)	quest.Kill All the Things	line_Kill All the Things.txt	2852
任务	Time to Kill (Witch)	quest.Kill All the Things	line_Kill All the Things.txt	537
任务	Time to Kill (Wither Skeleton)	quest.Kill All the Things	line_Kill All the Things.txt	563
任务	Time to Kill (Wither)	quest.Kill All the Things	line_Kill All the Things.txt	916
任务	Time to Kill (Wraith)	quest.Kill All the Things	line_Kill All the Things.txt	2847
任务	Time to Kill (Zombie)	quest.Kill All the Things	line_Kill All the Things.txt	914
任务	Time to Request	quest.Handle Logistics with Pipes	line_Handle Logistics with Pipes.txt	-6086424367920924213
任务	Time to See The Process	quest.Handle Logistics with Pipes	line_Handle Logistics with Pipes.txt	-6955704912784996817
任务	Time to kill (Haunted Miners)	quest.Kill All the Things	line_Kill All the Things.txt	2553
任务	Timewood Tree	quest.Novice Thaumaturgy	line_Novice Thaumaturgy.txt	-8372294931943888805
任务	Tin	quest.Be(e) Breeding	line_Be(e) Breeding.txt	2192
任务	Tin	quest.Tier 0 - Stone Age	line_Tier 0 - Stone Age.txt	31
任务	Tin Berries	quest.The Green Revolution	line_The Green Revolution.txt	-9072284088418881518
任务	Tin Plasma From T2	quest.Powerful Nuclear Physics	line_Powerful Nuclear Physics.txt	3186
任务	Tine	quest.The Green Revolution	line_The Green Revolution.txt	-7369424354394695589
任务	Tinker's Blocks	quest.Building Better Bases	line_Building Better Bases.txt	1937
任务	Tinker-Time	quest.Tier 0 - Stone Age	line_Tier 0 - Stone Age.txt	33
任务	Titanium	quest.Be(e) Breeding	line_Be(e) Breeding.txt	2201
任务	Titanium Chemical Plant	quest.Bio for the Masses	line_Bio for the Masses.txt	3132
任务	Titanium, Finally	quest.Tier 3 - HV	line_Tier 3 - HV.txt	860
任务	To Link P2P Buses	quest.Applied Energistics	line_Applied Energistics.txt	1331
任务	To Play God	quest.How to Be(e)	line_How to Be(e).txt	506
任务	To Scan or Not to Scan	quest.How to Be(e)	line_How to Be(e).txt	504
任务	To Sift, or Not to Sift?	quest.Tier 5 - IV	line_Tier 5 - IV.txt	3059
任务	Toluene's Power	quest.Bio for the Masses	line_Bio for the Masses.txt	3113
任务	Tome of Knowledge	quest.Novice Thaumaturgy	line_Novice Thaumaturgy.txt	231
任务	Too Many Items? Unpossible!	quest.Tier 2 - MV	line_Tier 2 - MV.txt	2414
任务	Too Many Leaves	quest.Tier 0 - Stone Age	line_Tier 0 - Stone Age.txt	2720
任务	Too Much Fluid??	quest.Tier 1 - LV	line_Tier 1 - LV.txt	1918
任务	Too Much Junk??	quest.Tier 0.5 - Steam	line_Tier 0.5 - Steam.txt	1919
任务	Too Much Mercury?	quest.extra_MultipleQuestLine	line_extra_MultipleQuestLine.txt	2253
任务	Too much Indium?	quest.Multiblock Goals	line_Multiblock Goals.txt	3144
任务	Tool Forge	quest.Tier 0.5 - Steam	line_Tier 0.5 - Steam.txt	741
任务	Tool: Never complete	quest.extra_NoQuestLine	line_extra_NoQuestLine.txt	3247
任务	Tools	quest.And So, It Begins	line_And So, It Begins.txt	5
任务	Tools Of The Trade 5 - Electronic Scanning	quest.The Green Revolution	line_The Green Revolution.txt	1794
任务	Tools of the Trade	quest.Applied Energistics	line_Applied Energistics.txt	2537
任务	Tools of the Trade 1 - Less Dirty Hands	quest.The Green Revolution	line_The Green Revolution.txt	1270
任务	Tools of the Trade 2 - Mendelian Identification	quest.The Green Revolution	line_The Green Revolution.txt	1920
任务	Tools of the Trade 3 - Feeding(?) Your Crops	quest.The Green Revolution	line_The Green Revolution.txt	-8681683102750732132
任务	Tools of the Trade 4 - Reinforced Spade	quest.The Green Revolution	line_The Green Revolution.txt	-7980938121407202457
任务	Top-Tier Analyzer	quest.How to Be(e)	line_How to Be(e).txt	505
任务	Tormented Twine	quest.Look to the Edges	line_Look to the Edges.txt	1570
任务	Torture Device	quest.Tier 3 - HV	line_Tier 3 - HV.txt	146
任务	Toss Your Magic Junk in Here HV	quest.How to Generate Power	line_How to Generate Power.txt	2821
任务	Toss Your Magic Junk in Here LV	quest.How to Generate Power	line_How to Generate Power.txt	2819
任务	Toss Your Magic Junk in Here MV	quest.How to Generate Power	line_How to Generate Power.txt	2820
任务	Tower of Babylon	quest.Mass Processing	line_Mass Processing.txt	2320
任务	Trade Offer	quest.Focus on Wand Foci & EMT	line_Focus on Wand Foci & EMT.txt	1375
任务	Trainspotting	quest.Getting Around...	line_Getting Around....txt	667
任务	Transcendent Plasma Mixer	quest.Tier 11 - UIV	line_Tier 11 - UIV.txt	-8023095913103763378
任务	Transference Gem	quest.Hardcore End(er) Expansion	line_Hardcore End(er) Expansion.txt	2364
任务	Transform and...Stay Put Actually	quest.extra_MultipleQuestLine	line_extra_MultipleQuestLine.txt	2731
任务	Transformers, Roll Out!	quest.Storing and Transforming EU	line_Storing and Transforming EU.txt	1922
任务	Transforming Cable Camouflage	quest.SFM and Computers	line_SFM and Computers.txt	2003
任务	Transistor	quest.Tier 2 - MV	line_Tier 2 - MV.txt	785
任务	Traveller's Gear	quest....Without Dying	line_...Without Dying.txt	1781
任务	Traveller's Gloves Upgrades	quest....Without Dying	line_...Without Dying.txt	1785
任务	Traveller's Goggles Upgrades	quest....Without Dying	line_...Without Dying.txt	1782
任务	Traveller's Shoes Upgrades	quest.extra_MultipleQuestLine	line_extra_MultipleQuestLine.txt	1786
任务	Traveller's Vest Upgrades	quest....Without Dying	line_...Without Dying.txt	1783
任务	Traveller's Wings Upgrades	quest....Without Dying	line_...Without Dying.txt	1784
任务	Travelocity!	quest.Getting Around...	line_Getting Around....txt	1509
任务	Travelocity²	quest.Getting Around...	line_Getting Around....txt	3293
任务	Trees Growing Faster	quest.Bio for the Masses	line_Bio for the Masses.txt	3108
任务	Trichlorosilane	quest.Tier 2 - MV	line_Tier 2 - MV.txt	1549
任务	Trichlorosilane - continued	quest.Tier 2 - MV	line_Tier 2 - MV.txt	1492
任务	Tricky Nuclear Fuel II: Naquadria	quest.How to Generate Power	line_How to Generate Power.txt	1897
任务	Tricky Nuclear Fuel: MOX	quest.How to Generate Power	line_How to Generate Power.txt	192
任务	Trigger: Air-Filter	quest.extra_NoQuestLine	line_extra_NoQuestLine.txt	-7149265881728135285
任务	Trigger: Ballthingy	quest.extra_NoQuestLine	line_extra_NoQuestLine.txt	1365
任务	Trigger: Boots of the Traveller Skip	quest.extra_NoQuestLine	line_extra_NoQuestLine.txt	-5702321633427835969
任务	Trigger: CN3H7O3 (Purple) Rocket Fuel Skip	quest.extra_NoQuestLine	line_extra_NoQuestLine.txt	-5146709739534388423
任务	Trigger: Cerium Skip	quest.extra_NoQuestLine	line_extra_NoQuestLine.txt	-4881689924052573016
任务	Trigger: Dense Hydrazine Skip	quest.extra_NoQuestLine	line_extra_NoQuestLine.txt	-5305468486873511794
任务	Trigger: Division Sigil	quest.extra_NoQuestLine	line_extra_NoQuestLine.txt	-7016903441586523099
任务	Trigger: Early Scribing Tools	quest.extra_NoQuestLine	line_extra_NoQuestLine.txt	-7101226382307633970
任务	Trigger: Electric Boots of the Traveller Skip	quest.extra_NoQuestLine	line_extra_NoQuestLine.txt	-5111612769669308238
任务	Trigger: Enriched Naquadah Skip	quest.extra_NoQuestLine	line_extra_NoQuestLine.txt	-7307419019532355732
任务	Trigger: Epoxid Skip	quest.extra_NoQuestLine	line_extra_NoQuestLine.txt	3035
任务	Trigger: Epoxy Board Skip	quest.extra_NoQuestLine	line_extra_NoQuestLine.txt	-5953538534377220743
任务	Trigger: Flippers	quest.extra_NoQuestLine	line_extra_NoQuestLine.txt	2900
任务	Trigger: Graphene Skip	quest.extra_NoQuestLine	line_extra_NoQuestLine.txt	-8654155786800122342
任务	Trigger: H8N4C2O4 (Green) Rocket Fuel Skip	quest.extra_NoQuestLine	line_extra_NoQuestLine.txt	-5544061567531113456
任务	Trigger: Hafnium Skip	quest.extra_NoQuestLine	line_extra_NoQuestLine.txt	-5967676405221798893
任务	Trigger: LV Extruder Skip	quest.extra_NoQuestLine	line_extra_NoQuestLine.txt	-8875537553313490831
任务	Trigger: Life	quest.extra_NoQuestLine	line_extra_NoQuestLine.txt	456
任务	Trigger: Life and Soul Shard	quest.extra_NoQuestLine	line_extra_NoQuestLine.txt	454
任务	Trigger: LoC	quest.extra_NoQuestLine	line_extra_NoQuestLine.txt	451
任务	Trigger: Loot Game	quest.extra_NoQuestLine	line_extra_NoQuestLine.txt	2875
任务	Trigger: Mjolnir	quest.extra_NoQuestLine	line_extra_NoQuestLine.txt	1364
任务	Trigger: NaK Skip	quest.extra_NoQuestLine	line_extra_NoQuestLine.txt	-7894235233105515206
任务	Trigger: Nano Boots of the Traveller Skip	quest.extra_NoQuestLine	line_extra_NoQuestLine.txt	-6860812645522504692
任务	Trigger: Naqline Skip	quest.extra_NoQuestLine	line_extra_NoQuestLine.txt	3036
任务	Trigger: Naquadria Skip	quest.extra_NoQuestLine	line_extra_NoQuestLine.txt	-7942921725442614991
任务	Trigger: Nether Skip	quest.extra_NoQuestLine	line_extra_NoQuestLine.txt	-5649038508759348891
任务	Trigger: Netherite Skip	quest.extra_NoQuestLine	line_extra_NoQuestLine.txt	-4693777620824973844
任务	Trigger: Nightvision Goggle Skip	quest.extra_NoQuestLine	line_extra_NoQuestLine.txt	-5193610363268664517
任务	Trigger: Oblivion Frame	quest.extra_NoQuestLine	line_extra_NoQuestLine.txt	-7803645922650823049
任务	Trigger: Obtain Sunnarium	quest.extra_NoQuestLine	line_extra_NoQuestLine.txt	3078
任务	Trigger: PBI Skip	quest.extra_NoQuestLine	line_extra_NoQuestLine.txt	2903
任务	Trigger: PTFE Skip	quest.extra_NoQuestLine	line_extra_NoQuestLine.txt	3033
任务	Trigger: Platline Iridium Skip	quest.extra_NoQuestLine	line_extra_NoQuestLine.txt	2907
任务	Trigger: Platline Osmium Skip	quest.extra_NoQuestLine	line_extra_NoQuestLine.txt	2908
任务	Trigger: Platline Palladium Skip	quest.extra_NoQuestLine	line_extra_NoQuestLine.txt	2904
任务	Trigger: Platline Platinum Skip	quest.extra_NoQuestLine	line_extra_NoQuestLine.txt	2902
任务	Trigger: Platline Rhodium Skip	quest.extra_NoQuestLine	line_extra_NoQuestLine.txt	2905
任务	Trigger: Platline Ruthenium Skip	quest.extra_NoQuestLine	line_extra_NoQuestLine.txt	2906
任务	Trigger: Polyphenylene Sulfide Skip	quest.extra_NoQuestLine	line_extra_NoQuestLine.txt	-5858179176063986292
任务	Trigger: Polystyrene Skip	quest.extra_NoQuestLine	line_extra_NoQuestLine.txt	3034
任务	Trigger: Prismarine Line Skip	quest.extra_NoQuestLine	line_extra_NoQuestLine.txt	-9181481160617422869
任务	Trigger: Profane Wand	quest.extra_NoQuestLine	line_extra_NoQuestLine.txt	-6309502968054832809
任务	Trigger: Rocket Shuttle Skip	quest.extra_NoQuestLine	line_extra_NoQuestLine.txt	-7882117033435305169
任务	Trigger: Rocket Tier 1 Skip	quest.extra_NoQuestLine	line_extra_NoQuestLine.txt	-8249935204434628871
任务	Trigger: Rocket Tier 2 Skip	quest.extra_NoQuestLine	line_extra_NoQuestLine.txt	-5562501721408103228
任务	Trigger: Rocket Tier 3 Skip	quest.extra_NoQuestLine	line_extra_NoQuestLine.txt	-8070258895445230809
任务	Trigger: Rocket Tier 4 Skip	quest.extra_NoQuestLine	line_extra_NoQuestLine.txt	-6651490154355584711
任务	Trigger: Rocket Tier 5 Skip	quest.extra_NoQuestLine	line_extra_NoQuestLine.txt	-7670507093015451151
任务	Trigger: Rocket Tier 6 Skip	quest.extra_NoQuestLine	line_extra_NoQuestLine.txt	-4815790545779437985
任务	Trigger: Rocket Tier 7 Skip	quest.extra_NoQuestLine	line_extra_NoQuestLine.txt	-6942167828401391465
任务	Trigger: Rocket Tier 8 Skip	quest.extra_NoQuestLine	line_extra_NoQuestLine.txt	-8795362424814095107
任务	Trigger: Runeforged Thaumaturge's Ring	quest.extra_NoQuestLine	line_extra_NoQuestLine.txt	-7602912873087122222
任务	Trigger: SMD Inductor Skip	quest.extra_NoQuestLine	line_extra_NoQuestLine.txt	-8906686811687156040
任务	Trigger: Samarium Skip	quest.extra_NoQuestLine	line_extra_NoQuestLine.txt	-6516261901143125654
任务	Trigger: Shard of Creation	quest.extra_NoQuestLine	line_extra_NoQuestLine.txt	453
任务	Trigger: Silicone Rubber Skip	quest.extra_NoQuestLine	line_extra_NoQuestLine.txt	3032
任务	Trigger: Singularity	quest.extra_NoQuestLine	line_extra_NoQuestLine.txt	452
任务	Trigger: Stonelily Tutorial Skip	quest.extra_NoQuestLine	line_extra_NoQuestLine.txt	-8590661961568913391
任务	Trigger: Styrene-Butadiene Rubber Skip	quest.extra_NoQuestLine	line_extra_NoQuestLine.txt	-5216564544225015108
任务	Trigger: Titanium Moon Skip	quest.extra_NoQuestLine	line_extra_NoQuestLine.txt	2901
任务	Trigger: Tungstensteel Mars Skip	quest.extra_NoQuestLine	line_extra_NoQuestLine.txt	2909
任务	Trigger: Unknown Crystal	quest.extra_NoQuestLine	line_extra_NoQuestLine.txt	455
任务	Trigger: Zirconium Skip	quest.extra_NoQuestLine	line_extra_NoQuestLine.txt	-8522665945290817680
任务	Trinium	quest.Be(e) Breeding	line_Be(e) Breeding.txt	-7088462700756585321
任务	Trinium Coil Upgrade	quest.Multiblock Goals	line_Multiblock Goals.txt	2893
任务	Triple Compressed Solar	quest.How to Generate Power	line_How to Generate Power.txt	1338
任务	Troubleshooting...	quest.Handle Logistics with Pipes	line_Handle Logistics with Pipes.txt	-7141204399473530015
任务	Tube Madness	quest.Novice Thaumaturgy	line_Novice Thaumaturgy.txt	-5271180655444922868
任务	Tungstate Processing - Step 1	quest.Tier 4 - EV	line_Tier 4 - EV.txt	2889
任务	Tungstate Processing - Step 2	quest.Tier 4 - EV	line_Tier 4 - EV.txt	2890
任务	Tungsten	quest.Be(e) Breeding	line_Be(e) Breeding.txt	352
任务	Tungstensteel	quest.Tier 4 - EV	line_Tier 4 - EV.txt	861
任务	Tunnels Of Light	quest.Tier 11 - UIV	line_Tier 11 - UIV.txt	-6207630791095472892
任务	Turbine Housing	quest.How to Generate Power	line_How to Generate Power.txt	-5852276776698153963
任务	Turbine Time	quest.extra_MultipleQuestLine	line_extra_MultipleQuestLine.txt	1201
任务	Turbo Charger	quest.Storing and Transforming EU	line_Storing and Transforming EU.txt	-9053228741363665471
任务	Turning Liquids Into Essentia	quest.Novice Thaumaturgy	line_Novice Thaumaturgy.txt	253
任务	Turret Base	quest....Without Dying	line_...Without Dying.txt	122
任务	Turret Base Tier 4	quest....Without Dying	line_...Without Dying.txt	207
任务	Turret Base Tier 5	quest....Without Dying	line_...Without Dying.txt	221
任务	Two Big Ovens	quest.Bio for the Masses	line_Bio for the Masses.txt	3097
任务	Two Million Turbines	quest.extra_MultipleQuestLine	line_extra_MultipleQuestLine.txt	3187
任务	U-238 Tu-Wait, Seriously?	quest.Forestry and Multifarms	line_Forestry and Multifarms.txt	2771
任务	UEV Energy Hatch	quest.Tier 10 - UEV	line_Tier 10 - UEV.txt	-5753871526049634361
任务	UEV Field Generator	quest.Tier 10 - UEV	line_Tier 10 - UEV.txt	-5115695210744173999
任务	UEV Glass	quest.Multiblock Goals	line_Multiblock Goals.txt	-8743907766268867509
任务	UEV Superconductors	quest.Tier 10 - UEV	line_Tier 10 - UEV.txt	-9196591828784291176
任务	UHT Resistant Mesh	quest.How to Generate Power	line_How to Generate Power.txt	3038
任务	UHV Energy Hatch	quest.Tier 9 - UHV	line_Tier 9 - UHV.txt	2629
任务	UHV Field Generator	quest.Tier 9 - UHV	line_Tier 9 - UHV.txt	2624
任务	UHV Glass	quest.Multiblock Goals	line_Multiblock Goals.txt	-7231203481252809438
任务	UHV Superconductors (2,097,152 EU/t)	quest.Tier 9 - UHV	line_Tier 9 - UHV.txt	2621
任务	UIV Energy Hatch	quest.Tier 11 - UIV	line_Tier 11 - UIV.txt	-7565512237463838538
任务	UIV Field Generator	quest.Tier 11 - UIV	line_Tier 11 - UIV.txt	-8127302345207551228
任务	UIV Glass	quest.Multiblock Goals	line_Multiblock Goals.txt	-6404757342473472628
任务	UIV Superconductors	quest.Tier 11 - UIV	line_Tier 11 - UIV.txt	-6806178318679823136
任务	UMV Circuits	quest.Tier 11 - UIV	line_Tier 11 - UIV.txt	3242
任务	UMV Energy Hatch	quest.Tier 12 - UMV	line_Tier 12 - UMV.txt	-7159553166987312386
任务	UMV Field Generator	quest.Tier 12 - UMV	line_Tier 12 - UMV.txt	-6232511347414889484
任务	UMV Glass	quest.Multiblock Goals	line_Multiblock Goals.txt	-5541872338101410607
任务	UMV Superconductors	quest.Tier 12 - UMV	line_Tier 12 - UMV.txt	-4972516930668425636
任务	UNLIMITED COMPUTATION	quest.Endgame Goals	line_Endgame Goals.txt	-4955703947876357502
任务	UU Berries	quest.The Green Revolution	line_The Green Revolution.txt	-5456341270835760086
任务	UUMatter	quest.Tier 3 - HV	line_Tier 3 - HV.txt	1877
任务	UV Assembling	quest.Tier 8 - UV	line_Tier 8 - UV.txt	2626
任务	UV Energy Hatch	quest.Tier 8 - UV	line_Tier 8 - UV.txt	2628
任务	UV Field Generator	quest.Tier 8 - UV	line_Tier 8 - UV.txt	2623
任务	UV Glass	quest.Multiblock Goals	line_Multiblock Goals.txt	2560
任务	UV Power Per Turbine	quest.extra_MultipleQuestLine	line_extra_MultipleQuestLine.txt	3165
任务	UV Solar	quest.extra_MultipleQuestLine	line_extra_MultipleQuestLine.txt	2587
任务	UV Superconductors (524,288 EU/t)	quest.Tier 8 - UV	line_Tier 8 - UV.txt	2620
任务	UXV Circuits	quest.Tier 12 - UMV	line_Tier 12 - UMV.txt	3244
任务	UXV Energy Hatch	quest.Endgame Goals	line_Endgame Goals.txt	-7040323210494210782
任务	UXV Glass	quest.Multiblock Goals	line_Multiblock Goals.txt	-6292869179710098948
任务	Ultimate Distillation	quest.Working with Oil	line_Working with Oil.txt	3027
任务	Ultimate Parallelization...	quest.Applied Energistics	line_Applied Energistics.txt	-5839827992902048320
任务	Ultimate Voltages Require Ultimate Lubricant™!	quest.Tier 11 - UIV	line_Tier 11 - UIV.txt	-4677630017092864794
任务	Ultra Large Oxygen Tanks	quest.Space Race	line_Space Race.txt	2724
任务	Ultra Low Power IC	quest.Tier 2 - MV	line_Tier 2 - MV.txt	1868
任务	Unbreakable Axe	quest.Kaaami, Haaaami, ... HA!	line_Kaaami, Haaaami, ... HA!.txt	319
任务	Unbreakable Boots	quest.Kaaami, Haaaami, ... HA!	line_Kaaami, Haaaami, ... HA!.txt	318
任务	Unbreakable Cowl	quest.Kaaami, Haaaami, ... HA!	line_Kaaami, Haaaami, ... HA!.txt	311
任务	Unbreakable Leggings	quest.Kaaami, Haaaami, ... HA!	line_Kaaami, Haaaami, ... HA!.txt	313
任务	Unbreakable Pickaxe	quest.Kaaami, Haaaami, ... HA!	line_Kaaami, Haaaami, ... HA!.txt	322
任务	Unbreakable Robe	quest.Kaaami, Haaaami, ... HA!	line_Kaaami, Haaaami, ... HA!.txt	315
任务	Unbreakable Shovel	quest.Kaaami, Haaaami, ... HA!	line_Kaaami, Haaaami, ... HA!.txt	323
任务	Unbreakable Sword	quest.Kaaami, Haaaami, ... HA!	line_Kaaami, Haaaami, ... HA!.txt	321
任务	Uncooked Slush	quest.Feeding Yourself	line_Feeding Yourself.txt	1484
任务	Under Pressure	quest.Mass Processing	line_Mass Processing.txt	-7108514021348170205
任务	Underground Fluids	quest.Tips and Tricks	line_Tips and Tricks.txt	2555
任务	Underground Geodes	quest.Tier 0.5 - Steam	line_Tier 0.5 - Steam.txt	-5451807604278606777
任务	Understanding Wand Progression	quest.Novice Thaumaturgy	line_Novice Thaumaturgy.txt	-8049119362564896392
任务	Unfortunately, There's No Depleted Uranium Bullets	quest.extra_MultipleQuestLine	line_extra_MultipleQuestLine.txt	1900
任务	Universal Collapser	quest.extra_MultipleQuestLine	line_extra_MultipleQuestLine.txt	-7294266854031749810
任务	Universal Fuel Power	quest.Working with Oil	line_Working with Oil.txt	3029
任务	Universal Macerator	quest.Tier 3 - HV	line_Tier 3 - HV.txt	1164
任务	Universal Pickaxe: Vajra	quest.Tier 5 - IV	line_Tier 5 - IV.txt	-6298089791773258108
任务	Universe in a Bottle	quest.Applied Energistics	line_Applied Energistics.txt	-4676551497712001940
任务	Unleashed the Power - Axe	quest.Kaaami, Haaaami, ... HA!	line_Kaaami, Haaaami, ... HA!.txt	326
任务	Unleashed the Power - Boots	quest.Kaaami, Haaaami, ... HA!	line_Kaaami, Haaaami, ... HA!.txt	317
任务	Unleashed the Power - Cowl	quest.Kaaami, Haaaami, ... HA!	line_Kaaami, Haaaami, ... HA!.txt	310
任务	Unleashed the Power - Leggings	quest.Kaaami, Haaaami, ... HA!	line_Kaaami, Haaaami, ... HA!.txt	312
任务	Unleashed the Power - Pickaxe	quest.Kaaami, Haaaami, ... HA!	line_Kaaami, Haaaami, ... HA!.txt	327
任务	Unleashed the Power - Robe	quest.Kaaami, Haaaami, ... HA!	line_Kaaami, Haaaami, ... HA!.txt	314
任务	Unleashed the Power - Shovel	quest.Kaaami, Haaaami, ... HA!	line_Kaaami, Haaaami, ... HA!.txt	325
任务	Unleashed the Power - Sword	quest.Kaaami, Haaaami, ... HA!	line_Kaaami, Haaaami, ... HA!.txt	324
任务	Unlimited LP	quest.extra_MultipleQuestLine	line_extra_MultipleQuestLine.txt	2455
任务	Unweary	quest.Be(e) Breeding	line_Be(e) Breeding.txt	2157
任务	Upgrade 2.0	quest.Tier 0 - Stone Age	line_Tier 0 - Stone Age.txt	474
任务	Upgrade Your Forestry Backpack	quest.How to Be(e)	line_How to Be(e).txt	1367
任务	Upgrade of the Upgrade of the...	quest.Tier 0.5 - Steam	line_Tier 0.5 - Steam.txt	596
任务	Upgrade: A Better Compressor	quest.Tier 0.5 - Steam	line_Tier 0.5 - Steam.txt	55
任务	Upgrade: Better Furnace	quest.Tier 0.5 - Steam	line_Tier 0.5 - Steam.txt	64
任务	Upgrade: Better Macerator	quest.Tier 0.5 - Steam	line_Tier 0.5 - Steam.txt	58
任务	Upgrade: Coal Boiler	quest.Tier 0.5 - Steam	line_Tier 0.5 - Steam.txt	60
任务	Upgrade: Extractor	quest.Tier 0.5 - Steam	line_Tier 0.5 - Steam.txt	57
任务	Upgrade: Forge Hammer	quest.Tier 0.5 - Steam	line_Tier 0.5 - Steam.txt	56
任务	Upgrade: High Speed Alloys	quest.Tier 0.5 - Steam	line_Tier 0.5 - Steam.txt	47
任务	Upgraded Home	quest.How to Be(e)	line_How to Be(e).txt	507
任务	Upgraded RF Batteries	quest.Tier 3 - HV	line_Tier 3 - HV.txt	987
任务	Upgrades	quest.Handle Logistics with Pipes	line_Handle Logistics with Pipes.txt	-6712615400254826381
任务	Upgrading Drawers	quest.Tier 0.5 - Steam	line_Tier 0.5 - Steam.txt	1987
任务	Upgrading Intensifies	quest....Without Dying	line_...Without Dying.txt	125
任务	Upgrading Your Benzene	quest.Bio for the Masses	line_Bio for the Masses.txt	3127
任务	Upgrading Your Mana Pool	quest.Flower Power	line_Flower Power.txt	3224
任务	Upgrading the Alveary	quest.How to Be(e)	line_How to Be(e).txt	2091
任务	Upgrading the Reactor	quest.Tier 8 - UV	line_Tier 8 - UV.txt	1198
任务	Ur-Ghast	quest.Be(e) Breeding	line_Be(e) Breeding.txt	368
任务	Uranium	quest.Be(e) Breeding	line_Be(e) Breeding.txt	2204
任务	Uranium Basic Nukes	quest.Powerful Nuclear Physics	line_Powerful Nuclear Physics.txt	3169
任务	Uranium Filtrate	quest.Tier 5 - IV	line_Tier 5 - IV.txt	3060
任务	Uranium?	quest.Tier 5 - IV	line_Tier 5 - IV.txt	3061
任务	Uranus	quest.Be(e) Breeding	line_Be(e) Breeding.txt	-5951823151670757990
任务	Use Nano Tech to produce Lanthanides	quest.Tier 8 - UV	line_Tier 8 - UV.txt	-5799940466139612122
任务	Use Some Mouthwash of Olympus!	quest.Look to the Edges	line_Look to the Edges.txt	1556
任务	Using All the Fractions	quest.Working with Oil	line_Working with Oil.txt	3001
任务	Using Light to Compute	quest.Tier 10 - UEV	line_Tier 10 - UEV.txt	-8039439592690034003
任务	Using Steam to Cook Things	quest.Tier 0.5 - Steam	line_Tier 0.5 - Steam.txt	63
任务	Using That Algae	quest.Multiblock Goals	line_Multiblock Goals.txt	-8929525966506400783
任务	Using... Goop To Compute?	quest.Tier 10 - UEV	line_Tier 10 - UEV.txt	-9196647558105735406
任务	Vacuum Nukes	quest.Powerful Nuclear Physics	line_Powerful Nuclear Physics.txt	3167
任务	Vanilla Agriculture	quest.The Green Revolution	line_The Green Revolution.txt	-8562078815102132877
任务	Vegan Leather?	quest.The Green Revolution	line_The Green Revolution.txt	1931
任务	Veggie Bait	quest.Feeding Yourself	line_Feeding Yourself.txt	629
任务	Vending Uplink Hatch	quest.Applied Energistics	line_Applied Energistics.txt	-5528882106423578030
任务	Vengeful	quest.Be(e) Breeding	line_Be(e) Breeding.txt	2207
任务	Venting Heat	quest.extra_MultipleQuestLine	line_extra_MultipleQuestLine.txt	197
任务	Venting the Heat	quest.Tier 2 - MV	line_Tier 2 - MV.txt	206
任务	Venus Trip	quest.Tier 5 - IV	line_Tier 5 - IV.txt	1717
任务	Vibrant Alloy	quest.Be(e) Breeding	line_Be(e) Breeding.txt	2186
任务	Vibrant Alloy	quest.Tier 3 - HV	line_Tier 3 - HV.txt	989
任务	Vibrant Crystals	quest.Tier 3 - HV	line_Tier 3 - HV.txt	141
任务	Vindictive	quest.Be(e) Breeding	line_Be(e) Breeding.txt	2208
任务	Vinegar into Acetone	quest.Bio for the Masses	line_Bio for the Masses.txt	3115
任务	Vinyl Acetate	quest.Tier 4 - EV	line_Tier 4 - EV.txt	461
任务	Vinyl Chloride	quest.Tier 2 - MV	line_Tier 2 - MV.txt	1872
任务	Violence Is Blue	quest.Flower Power	line_Flower Power.txt	3260
任务	Vis	quest.Be(e) Breeding	line_Be(e) Breeding.txt	2233
任务	Vis Channels	quest.Adept Thaumaturgy	line_Adept Thaumaturgy.txt	1994
任务	Visit the (Enchanted) Homeland Island	quest.Hardcore End(er) Expansion	line_Hardcore End(er) Expansion.txt	2358
任务	Visit the (Enchanted) Laboratory Island	quest.Hardcore End(er) Expansion	line_Hardcore End(er) Expansion.txt	2356
任务	Visit the Fiery Island	quest.Hardcore End(er) Expansion	line_Hardcore End(er) Expansion.txt	2360
任务	Visit the Infested Island	quest.Hardcore End(er) Expansion	line_Hardcore End(er) Expansion.txt	2359
任务	Visualizing How Much Your Stuff	quest.Applied Energistics	line_Applied Energistics.txt	2522
任务	Vodka	quest.Feeding Yourself	line_Feeding Yourself.txt	1278
任务	Void Berries	quest.The Green Revolution	line_The Green Revolution.txt	1803
任务	Void Buses	quest.Tier 1 - LV	line_Tier 1 - LV.txt	-5158589384328043349
任务	Volcanic	quest.Be(e) Breeding	line_Be(e) Breeding.txt	-8657564700861666675
任务	Vroooooom...	quest.Tier 1 - LV	line_Tier 1 - LV.txt	962
任务	Wafers	quest.Space Race	line_Space Race.txt	832
任务	Wait, PBI wasn't the last plastic?	quest.Tier 9 - UHV	line_Tier 9 - UHV.txt	3249
任务	Wake Me Up Later	quest.Look to the Edges	line_Look to the Edges.txt	1577
任务	Wake Up Early	quest.Look to the Edges	line_Look to the Edges.txt	1567
任务	Walk Through Fire	quest....Without Dying	line_...Without Dying.txt	2115
任务	Walk all over you	quest.Getting Around...	line_Getting Around....txt	2261
任务	Walking across the stars	quest.Getting Around...	line_Getting Around....txt	2262
任务	Walking is Too Hard...	quest.Focus on Wand Foci & EMT	line_Focus on Wand Foci & EMT.txt	1400
任务	Wand Enhancements	quest.Adept Thaumaturgy	line_Adept Thaumaturgy.txt	1992
任务	Wand Focus Shadow Beam	quest.Focus on Wand Foci & EMT	line_Focus on Wand Foci & EMT.txt	1392
任务	Want to Join a Band?	quest.Tier 4 - EV	line_Tier 4 - EV.txt	1474
任务	Warp Warnings	quest.Novice Thaumaturgy	line_Novice Thaumaturgy.txt	1778
任务	Warts!	quest.The Green Revolution	line_The Green Revolution.txt	1605
任务	Wasn't This Only Found in the Center of Neutron Stars?	quest.Tier 7 - ZPM	line_Tier 7 - ZPM.txt	2669
任务	Wasps honey	quest.Feeding Yourself	line_Feeding Yourself.txt	1284
任务	Water, Fast	quest.Tier 4 - EV	line_Tier 4 - EV.txt	2722
任务	Waterproof Tech	quest.extra_MultipleQuestLine	line_extra_MultipleQuestLine.txt	-4618074744092982901
任务	Watery	quest.Be(e) Breeding	line_Be(e) Breeding.txt	2227
任务	Watery Mud	quest.Tier 5 - IV	line_Tier 5 - IV.txt	3044
任务	Way One: Brewery	quest.Tier 2 - MV	line_Tier 2 - MV.txt	735
任务	Way Two: Pyrolyse Oven	quest.Tier 2 - MV	line_Tier 2 - MV.txt	3070
任务	We Ain't Running a Farm!	quest.Tier 5 - IV	line_Tier 5 - IV.txt	3051
任务	We Need Another Oven	quest.Look to the Edges	line_Look to the Edges.txt	1585
任务	We Need Big Toys	quest.How to Generate Power	line_How to Generate Power.txt	783
任务	Weaponized Blight	quest.Focus on Wand Foci & EMT	line_Focus on Wand Foci & EMT.txt	1393
任务	Weed-EX	quest.The Green Revolution	line_The Green Revolution.txt	1543
任务	Weeds	quest.The Green Revolution	line_The Green Revolution.txt	-8242495261997181441
任务	Welcome to Biology Class!	quest.How to Be(e)	line_How to Be(e).txt	2081
任务	Welcome to Forestry	quest.extra_MultipleQuestLine	line_extra_MultipleQuestLine.txt	586
任务	Welcome to Hell!	quest.Tier 10 - UEV	line_Tier 10 - UEV.txt	2593
任务	Welcome to OpenComputers!	quest.SFM and Computers	line_SFM and Computers.txt	1745
任务	Welcome to Tier 0.5, Steam!	quest.Tier 0.5 - Steam	line_Tier 0.5 - Steam.txt	44
任务	Welcome to Tier 1, LV	quest.Tier 1 - LV	line_Tier 1 - LV.txt	88
任务	Welcome to the Church of Benzene	quest.Tier 2 - MV	line_Tier 2 - MV.txt	2141
任务	Welcome to the End!	quest.Hardcore End(er) Expansion	line_Hardcore End(er) Expansion.txt	2350
任务	Welcome to the Plasma Chain	quest.How to Generate Power	line_How to Generate Power.txt	-5758255961960012806
任务	Well This Looks... Shiny?	quest.Tier 10 - UEV	line_Tier 10 - UEV.txt	2588
任务	Well of Suffering	quest.Paying the Highest Price	line_Paying the Highest Price.txt	2454
任务	Well, It Doesn't Produce Any Pollution...	quest.How to Generate Power	line_How to Generate Power.txt	-5247155466511128476
任务	Wenge	quest.Forestry and Multifarms	line_Forestry and Multifarms.txt	2863
任务	Wet Dirt Armor?	quest....Without Dying	line_...Without Dying.txt	683
任务	Wetware Assembly	quest.Tier 8 - UV	line_Tier 8 - UV.txt	2654
任务	Wetware Mainframe	quest.Tier 8 - UV	line_Tier 8 - UV.txt	2656
任务	What Are All These Flowers Even For?	quest.Flower Power	line_Flower Power.txt	3252
任务	What Are You, a Seamstress?	quest.Novice Thaumaturgy	line_Novice Thaumaturgy.txt	1995
任务	What Could Possibly Go Wrong?	quest.Adept Thaumaturgy	line_Adept Thaumaturgy.txt	287
任务	What Did the Data Say to the CPU?	quest.SFM and Computers	line_SFM and Computers.txt	1753
任务	What Engineer Doesn't Want a Portable Workbench?	quest.Tier 0.5 - Steam	line_Tier 0.5 - Steam.txt	2407
任务	What Even is This?	quest.extra_MultipleQuestLine	line_extra_MultipleQuestLine.txt	2760
任务	What Was That? I Can't Hear You Over the Engine!	quest.How to Generate Power	line_How to Generate Power.txt	1481
任务	What is this, Tekxit?	quest.Tier 12 - UMV	line_Tier 12 - UMV.txt	-9151745971379460930
任务	What the Heck...?	quest.Focus on Wand Foci & EMT	line_Focus on Wand Foci & EMT.txt	1361
任务	What's Behind Door #3?	quest.Building Better Bases	line_Building Better Bases.txt	1982
任务	What's That...?	quest.extra_MultipleQuestLine	line_extra_MultipleQuestLine.txt	14
任务	What's in the Box?	quest.Tier 4 - EV	line_Tier 4 - EV.txt	1925
任务	What, How?	quest.Endgame Goals	line_Endgame Goals.txt	2598
任务	Wheat Time	quest.Feeding Yourself	line_Feeding Yourself.txt	634
任务	Wheaty Juice	quest.Feeding Yourself	line_Feeding Yourself.txt	1272
任务	When All You Have is a Hammer...	quest.Tier 0 - Stone Age	line_Tier 0 - Stone Age.txt	1738
任务	Where Can I Put All the Liquids?	quest.Tier 0.5 - Steam	line_Tier 0.5 - Steam.txt	84
任务	Where Do I Build the Dyson Swarm?	quest.extra_MultipleQuestLine	line_extra_MultipleQuestLine.txt	3040
任务	Where Do the Items Go?	quest.Kaaami, Haaaami, ... HA!	line_Kaaami, Haaaami, ... HA!.txt	329
任务	Where Does it All Go?	quest.Tier 1 - LV	line_Tier 1 - LV.txt	2403
任务	Where No One Has Gone Before	quest.Tier 7 - ZPM	line_Tier 7 - ZPM.txt	2646
任务	Where'd I Put That Amber?	quest.Novice Thaumaturgy	line_Novice Thaumaturgy.txt	1369
任务	Where's That Handyman When You Need Him?	quest.Tier 2 - MV	line_Tier 2 - MV.txt	1916
任务	Where's the Flint?	quest.And So, It Begins	line_And So, It Begins.txt	1
任务	Where's the Salt?	quest.Tier 5 - IV	line_Tier 5 - IV.txt	2314
任务	Which Doctor? THE Doctor	quest.Tier 8 - UV	line_Tier 8 - UV.txt	2670
任务	Whiff of Magic	quest.Look to the Edges	line_Look to the Edges.txt	1558
任务	White	quest.Be(e) Breeding	line_Be(e) Breeding.txt	2271
任务	White Dwarf Matter	quest.Tier 12 - UMV	line_Tier 12 - UMV.txt	-5796823047327111175
任务	Who Came Up With This Name??	quest.Adept Thaumaturgy	line_Adept Thaumaturgy.txt	-5351576150087474953
任务	Who Cares About a Little Cancer...	quest.Storing and Transforming EU	line_Storing and Transforming EU.txt	1419
任务	Who Needs Friends?	quest.Adept Thaumaturgy	line_Adept Thaumaturgy.txt	2268
任务	Who Needs That Dirt Anyway	quest....Without Dying	line_...Without Dying.txt	123
任务	Who Needs UV Solars When You Have Magic	quest.How to Generate Power	line_How to Generate Power.txt	2596
任务	Who Ya Gonna Call?	quest.Kill All the Things	line_Kill All the Things.txt	904
任务	Who the Heck is Bob?	quest.The Green Revolution	line_The Green Revolution.txt	1950
任务	Why Does My Plant Bawk Like a Chicken?	quest.The Green Revolution	line_The Green Revolution.txt	1801
任务	Why Grenades...	quest....Without Dying	line_...Without Dying.txt	210
任务	Why No, This is Not Fit For Human Consumption	quest.Forestry and Multifarms	line_Forestry and Multifarms.txt	2052
任务	Why One Coke Oven When You Can Have Ten?	quest.Multiblock Goals	line_Multiblock Goals.txt	699
任务	Why, Bart, Why?	quest.Tier 5 - IV	line_Tier 5 - IV.txt	2883
任务	Wind Meter	quest.extra_MultipleQuestLine	line_extra_MultipleQuestLine.txt	1141
任务	Windy	quest.Be(e) Breeding	line_Be(e) Breeding.txt	2223
任务	Wire-Wrap	quest.Tier 0.5 - Steam	line_Tier 0.5 - Steam.txt	69
任务	Wired, Weird?!	quest.Tier 0.5 - Steam	line_Tier 0.5 - Steam.txt	67
任务	Wireless 2.0	quest.Applied Energistics	line_Applied Energistics.txt	2542
任务	Wireless 3.0	quest.extra_MultipleQuestLine	line_extra_MultipleQuestLine.txt	2543
任务	Wireless Applied Energistics Terminal	quest.Applied Energistics	line_Applied Energistics.txt	1300
任务	Wireless Data for Your Assembly Lines!	quest.Tier 10 - UEV	line_Tier 10 - UEV.txt	-5083942162575521758
任务	Wireless HUBs	quest.Applied Energistics	line_Applied Energistics.txt	-7407242535602196202
任务	Wireless Multi-Amp Hatches	quest.Tier 12 - UMV	line_Tier 12 - UMV.txt	-6794591825239688845
任务	Wireless Power!?	quest.Storing and Transforming EU	line_Storing and Transforming EU.txt	-7126666155324853443
任务	Wiremill v0.2 Alpha	quest.Tier 0.5 - Steam	line_Tier 0.5 - Steam.txt	493
任务	Wispy Cotton	quest.Look to the Edges	line_Look to the Edges.txt	1589
任务	Witchery Seeds	quest.Look to the Edges	line_Look to the Edges.txt	1560
任务	Witchery Seeds	quest.The Green Revolution	line_The Green Revolution.txt	-4936357607339989362
任务	Witchy (Wo)man	quest.Novice Thaumaturgy	line_Novice Thaumaturgy.txt	224
任务	Wither	quest.Be(e) Breeding	line_Be(e) Breeding.txt	2247
任务	Wither Skulls Easy Style	quest.The Green Revolution	line_The Green Revolution.txt	1927
任务	Withering	quest.Be(e) Breeding	line_Be(e) Breeding.txt	2248
任务	Woah, Rad Graphics!	quest.SFM and Computers	line_SFM and Computers.txt	1751
任务	Wolf: Evolved	quest.Kill All the Things	line_Kill All the Things.txt	924
任务	Wood Tar	quest.Bio for the Masses	line_Bio for the Masses.txt	3106
任务	Wooden Armor	quest....Without Dying	line_...Without Dying.txt	684
任务	Wooden Bolts	quest.extra_MultipleQuestLine	line_extra_MultipleQuestLine.txt	1156
任务	Wooden Crossbow	quest.extra_MultipleQuestLine	line_extra_MultipleQuestLine.txt	1151
任务	Wooden Door	quest.Tier 0 - Stone Age	line_Tier 0 - Stone Age.txt	1790
任务	Wooden Rail Variants	quest.Getting Around...	line_Getting Around....txt	674
任务	Working Table 2.0	quest.extra_MultipleQuestLine	line_extra_MultipleQuestLine.txt	576
任务	Working While Flying?	quest.Getting Around...	line_Getting Around....txt	2062
任务	Works like in anime!	quest.Getting Around...	line_Getting Around....txt	1343
任务	Workstations, Your First EV Circuit	quest.Tier 3 - HV	line_Tier 3 - HV.txt	1014
任务	World Breaker	quest.Tier 10 - UEV	line_Tier 10 - UEV.txt	2581
任务	Wormhole Generator	quest.Tier 7 - ZPM	line_Tier 7 - ZPM.txt	-4876820112594069463
任务	Woven Silk	quest.How to Be(e)	line_How to Be(e).txt	995
任务	Wyvern Core	quest.Tier 9 - UHV	line_Tier 9 - UHV.txt	462
任务	X-Men, or Should I Say X-Bee?	quest.How to Be(e)	line_How to Be(e).txt	2094
任务	XL Turbo Gas Turbine	quest.How to Generate Power	line_How to Generate Power.txt	-7393385288067338253
任务	XL Turbo HP Steam Turbine	quest.How to Generate Power	line_How to Generate Power.txt	-4842153805905438157
任务	XL Turbo Plasma Turbine	quest.How to Generate Power	line_How to Generate Power.txt	-7251205103661839761
任务	XL Turbo SC Steam Turbine	quest.How to Generate Power	line_How to Generate Power.txt	-6562319546724824113
任务	XL Turbo Steam Turbine	quest.How to Generate Power	line_How to Generate Power.txt	-4981735154459347867
任务	XP Usage?!	quest.Tier 0 - Stone Age	line_Tier 0 - Stone Age.txt	498
任务	Xenoxene Xenoxsis	quest.Tier 9 - UHV	line_Tier 9 - UHV.txt	2717
任务	Yet Another Brick in the Wall...	quest.Novice Thaumaturgy	line_Novice Thaumaturgy.txt	239
任务	Yet Another Singularity?!?!	quest.Applied Energistics	line_Applied Energistics.txt	-7143266453897023303
任务	Yet Another Space Elevator Upgrade	quest.Tier 12 - UMV	line_Tier 12 - UMV.txt	-9189987553802947566
任务	Yet Another Wrench	quest.Tier 2 - MV	line_Tier 2 - MV.txt	135
任务	Yeti. Alpha, Yeti.	quest.Kill All the Things	line_Kill All the Things.txt	907
任务	You Are Not Prepared!!!	quest.Multiblock Goals	line_Multiblock Goals.txt	3031
任务	You Are Not Prepared... But They Are	quest.Multiblock Goals	line_Multiblock Goals.txt	2985
任务	You Are Now Prepared, Hopefully!	quest.Multiblock Goals	line_Multiblock Goals.txt	74
任务	You Are Worthy	quest.Tier 12 - UMV	line_Tier 12 - UMV.txt	3233
任务	You Can't Be Cerious!	quest.Tier 5 - IV	line_Tier 5 - IV.txt	3079
任务	You Can't Get Enough of This Pt 1 in ZPM	quest.Tier 7 - ZPM	line_Tier 7 - ZPM.txt	2611
任务	You Can't Get Enough of This Pt 2 in ZPM	quest.Tier 7 - ZPM	line_Tier 7 - ZPM.txt	2612
任务	You Haven't Learned How to Separate Fluids Yet? Seriously?	quest.How to Generate Power	line_How to Generate Power.txt	2791
任务	You Know the Drill	quest.Tier 10 - UEV	line_Tier 10 - UEV.txt	2590
任务	You Know the Drill pt.2	quest.Tier 11 - UIV	line_Tier 11 - UIV.txt	3237
任务	You Made It!	quest.Endgame Goals	line_Endgame Goals.txt	3296
任务	You Need MOOOOOOORE Wood	quest.Tier 0 - Stone Age	line_Tier 0 - Stone Age.txt	485
任务	You Need Them All!	quest.Tier 0 - Stone Age	line_Tier 0 - Stone Age.txt	488
任务	You Reap...	quest.And So, It Begins	line_And So, It Begins.txt	6
任务	You Shall Proceed	quest.Tier 0 - Stone Age	line_Tier 0 - Stone Age.txt	40
任务	You Smell Like a Distillery!	quest.Mass Processing	line_Mass Processing.txt	768
任务	You'll Only Need a Few of These	quest.Endgame Goals	line_Endgame Goals.txt	2594
任务	You're Gonna Hate This #1	quest.Tier 1 - LV	line_Tier 1 - LV.txt	91
任务	You're Gonna Hate This #2	quest.Tier 1 - LV	line_Tier 1 - LV.txt	93
任务	You're Gonna Hate This #3	quest.Tier 1 - LV	line_Tier 1 - LV.txt	95
任务	You're Gonna Hate This #4	quest.Tier 1 - LV	line_Tier 1 - LV.txt	92
任务	You're Gonna Hate This #5	quest.Tier 1 - LV	line_Tier 1 - LV.txt	529
任务	You're Gonna Hate This #6	quest.Tier 1 - LV	line_Tier 1 - LV.txt	530
任务	You're Gonna Hate This 1-4 in EV	quest.Tier 4 - EV	line_Tier 4 - EV.txt	1245
任务	You're Gonna Hate This 1-4 in HV	quest.Tier 3 - HV	line_Tier 3 - HV.txt	1231
任务	You're Gonna Hate This 1-4 in IV	quest.Tier 5 - IV	line_Tier 5 - IV.txt	1413
任务	You're Gonna Hate This 5 and 6 in EV	quest.Tier 4 - EV	line_Tier 4 - EV.txt	1246
任务	You're Gonna Hate This 5 and 6 in HV	quest.Tier 3 - HV	line_Tier 3 - HV.txt	1232
任务	You're Gonna Hate This 5 and 6 in IV	quest.Tier 5 - IV	line_Tier 5 - IV.txt	1414
任务	You're Gonna Hate This in MV Too #1	quest.Tier 2 - MV	line_Tier 2 - MV.txt	895
任务	You're Gonna Hate This in MV Too #2	quest.Tier 2 - MV	line_Tier 2 - MV.txt	893
任务	You're Gonna Hate This in MV Too #3	quest.Tier 2 - MV	line_Tier 2 - MV.txt	896
任务	You're Gonna Hate This in MV Too #4	quest.Tier 2 - MV	line_Tier 2 - MV.txt	897
任务	You're Gonna Hate This in MV Too #5	quest.Tier 2 - MV	line_Tier 2 - MV.txt	1478
任务	You're Gonna Hate This in MV Too #6	quest.Tier 2 - MV	line_Tier 2 - MV.txt	1477
任务	You've Gotta Keep 'Em Separated	quest.Mass Processing	line_Mass Processing.txt	-9064898237805017210
任务	Your First 'Long Range' Weapon	quest.extra_MultipleQuestLine	line_extra_MultipleQuestLine.txt	450
任务	Your First Automation	quest.Basic Automation	line_Basic Automation.txt	106
任务	Your First Bow	quest.extra_MultipleQuestLine	line_extra_MultipleQuestLine.txt	862
任务	Your First Computer	quest.SFM and Computers	line_SFM and Computers.txt	1747
任务	Your First Deterministic Cross	quest.The Green Revolution	line_The Green Revolution.txt	-5430924456326445571
任务	Your First Electronic Circuit	quest.Tier 0.5 - Steam	line_Tier 0.5 - Steam.txt	68
任务	Your First Flint Sword	quest.Tier 0 - Stone Age	line_Tier 0 - Stone Age.txt	-9128088765873917748
任务	Your First Flint Throwing Knife	quest.extra_MultipleQuestLine	line_extra_MultipleQuestLine.txt	864
任务	Your First Mana Pool	quest.Flower Power	line_Flower Power.txt	3223
任务	Your First Microchip	quest.SFM and Computers	line_SFM and Computers.txt	1746
任务	Your First Naquadah Ingot	quest.Tier 5 - IV	line_Tier 5 - IV.txt	1667
任务	Your First Night	quest.And So, It Begins	line_And So, It Begins.txt	0
任务	Your First SpaceTime	quest.Tier 11 - UIV	line_Tier 11 - UIV.txt	-6861911456329097050
任务	Your First Tool	quest.Tier 0 - Stone Age	line_Tier 0 - Stone Age.txt	472
任务	Your First Wand	quest.Novice Thaumaturgy	line_Novice Thaumaturgy.txt	230
任务	Your First Wetware Circuit	quest.Tier 8 - UV	line_Tier 8 - UV.txt	2653
任务	Your Lord and Saviour, UXV CoAL	quest.Endgame Goals	line_Endgame Goals.txt	-8646551172440344443
任务	Your Magic Progression	quest.Tier 1 - LV	line_Tier 1 - LV.txt	104
任务	Your Mom Says to Upgrade Your Drawers	quest.extra_MultipleQuestLine	line_extra_MultipleQuestLine.txt	1988
任务	Your Oil is Too Crude? Refine it!	quest.Tier 1 - LV	line_Tier 1 - LV.txt	547
任务	Yttrium Barium Cuprate	quest.Tier 5 - IV	line_Tier 5 - IV.txt	1718
任务	ZPM Assembler	quest.Tier 7 - ZPM	line_Tier 7 - ZPM.txt	2625
任务	ZPM Energy Hatch	quest.Tier 7 - ZPM	line_Tier 7 - ZPM.txt	2627
任务	ZPM Field Generator	quest.Tier 7 - ZPM	line_Tier 7 - ZPM.txt	2622
任务	ZPM Glass	quest.Multiblock Goals	line_Multiblock Goals.txt	2559
任务	ZPM Superconductors (131,072 EU/t)	quest.Tier 7 - ZPM	line_Tier 7 - ZPM.txt	2619
任务	Zepto Power IC	quest.Tier 12 - UMV	line_Tier 12 - UMV.txt	-7085580672393101304
任务	Zinc	quest.Be(e) Breeding	line_Be(e) Breeding.txt	2195
任务	Zirconia-Hafnia Blend	quest.Tier 5 - IV	line_Tier 5 - IV.txt	3045
任务	Zirconium Ingots	quest.Tier 5 - IV	line_Tier 5 - IV.txt	3050
任务	Zirconium Line	quest.Tier 5 - IV	line_Tier 5 - IV.txt	3048
任务	Zooming with Nitrous	quest.Working with Oil	line_Working with Oil.txt	3016
任务	ZzzZZZzzzZtt	quest.Mass Processing	line_Mass Processing.txt	2034
任务	Zzzincing...	quest.How to Generate Power	line_How to Generate Power.txt	-7026708278772253011
任务	iTNT	quest.Multiblock Goals	line_Multiblock Goals.txt	763
任务	pH Neutralization	quest.extra_MultipleQuestLine	line_extra_MultipleQuestLine.txt	-8868495820464237601
任务	steve@mothership:~$	quest.Space Race	line_Space Race.txt	-7583790943377787116
任务模板	Bees Template	quest.extra_NoQuestLine	line_extra_NoQuestLine.txt	2159
任务模板	Genetic Template	quest.How to Be(e)	line_How to Be(e).txt	515
任务模板	「 」	quest.extra_MultipleQuestLine	line_extra_MultipleQuestLine.txt	2888
参考数据	GTNH_CustomToolTips	ref.GTNH_CustomToolTips	GTNH_CustomToolTips.xml	
参考数据	GTNH_HazardousItems	ref.GTNH_HazardousItems	GTNH_HazardousItems.xml	
参考数据	GTNH_dreamcraft	ref.GTNH_dreamcraft	GTNH_dreamcraft.cfg	
参考数据	GT_MachineStats	ref.GT_MachineStats	GT_MachineStats.cfg	
参考数据	GT_Pollution	ref.GT_Pollution	GT_Pollution.cfg	
参考数据	GT_WorldGeneration	ref.GT_WorldGeneration	GT_WorldGeneration.cfg	
参考数据	changelog_703_to_704	ref.changelog_703_to_704	changelog_703_to_704.md	
维基	-ULV-真空管	wiki.main	-ULV-真空管.html	
维基	1,4-丁二醇	wiki.main	1,4-丁二醇.html	
维基	1.0.6.0	wiki.main	1.0.6.0.html	
维基	1.0.7.0	wiki.main	1.0.7.0.html	
维基	1.0.7.1	wiki.main	1.0.7.1.html	
维基	1.0.7.2	wiki.main	1.0.7.2.html	
维基	1.0.7.3	wiki.main	1.0.7.3.html	
维基	1.0.7.4	wiki.main	1.0.7.4.html	
维基	1.0.7.4a	wiki.main	1.0.7.4a.html	
维基	1.0.7.5	wiki.main	1.0.7.5.html	
维基	1.0.7.6	wiki.main	1.0.7.6.html	
维基	1.0.7.7	wiki.main	1.0.7.7.html	
维基	1.0.7.8	wiki.main	1.0.7.8.html	
维基	1.0.7.9	wiki.main	1.0.7.9.html	
维基	1.0.8.0	wiki.main	1.0.8.0.html	
维基	1.0.8.1	wiki.main	1.0.8.1.html	
维基	1.0.8.2	wiki.main	1.0.8.2.html	
维基	1.0.8.3	wiki.main	1.0.8.3.html	
维基	1.0.8.4	wiki.main	1.0.8.4.html	
维基	1.0.8.5	wiki.main	1.0.8.5.html	
维基	1.0.8.6	wiki.main	1.0.8.6.html	
维基	1.0.8.7	wiki.main	1.0.8.7.html	
维基	1.0.8.8	wiki.main	1.0.8.8.html	
维基	1.0.8.9	wiki.main	1.0.8.9.html	
维基	1.0.9.0	wiki.main	1.0.9.0.html	
维基	1.0.9.1	wiki.main	1.0.9.1.html	
维基	1.0.9.2	wiki.main	1.0.9.2.html	
维基	1.1.0.0	wiki.main	1.1.0.0.html	
维基	1.1.0.4	wiki.main	1.1.0.4.html	
维基	1.2.0.0	wiki.main	1.2.0.0.html	
维基	1.2.1.0	wiki.main	1.2.1.0.html	
维基	1.3.0.1	wiki.main	1.3.0.1.html	
维基	1.3.0.5	wiki.main	1.3.0.5.html	
维基	1.4.0.1	wiki.main	1.4.0.1.html	
维基	1.4.1.0	wiki.main	1.4.1.0.html	
维基	1.4.1.1	wiki.main	1.4.1.1.html	
维基	1.5.0.0	wiki.main	1.5.0.0.html	
维基	1.5.0.1	wiki.main	1.5.0.1.html	
维基	1.5.0.2	wiki.main	1.5.0.2.html	
维基	1.5.0.3	wiki.main	1.5.0.3.html	
维基	1.5.0.4	wiki.main	1.5.0.4.html	
维基	1.5.0.5	wiki.main	1.5.0.5.html	
维基	1.5.0.6	wiki.main	1.5.0.6.html	
维基	1.5.0.7	wiki.main	1.5.0.7.html	
维基	1.5.1.0	wiki.main	1.5.1.0.html	
维基	1.5.1.1	wiki.main	1.5.1.1.html	
维基	1.5.1.2	wiki.main	1.5.1.2.html	
维基	100电路基板	wiki.main	100电路基板.html	
维基	1024k-ME存储元件	wiki.main	1024k-ME存储元件.html	
维基	1024k-ME流体存储元件	wiki.main	1024k-ME流体存储元件.html	
维基	1024k-ME流体存储组件	wiki.main	1024k-ME流体存储组件.html	
维基	123T_123Technology	wiki.main	123T_123Technology.html	
维基	123t	wiki.main	123t.html	
维基	12xEV超导导线	wiki.main	12xEV超导导线.html	
维基	12xHV超导导线	wiki.main	12xHV超导导线.html	
维基	12xIV超导导线	wiki.main	12xIV超导导线.html	
维基	12xLuV超导导线	wiki.main	12xLuV超导导线.html	
维基	12xMV超导导线	wiki.main	12xMV超导导线.html	
维基	12xUEV超导导线	wiki.main	12xUEV超导导线.html	
维基	12xUHV超导导线	wiki.main	12xUHV超导导线.html	
维基	12xUIV超导导线	wiki.main	12xUIV超导导线.html	
维基	12xUMV超导导线	wiki.main	12xUMV超导导线.html	
维基	12xUV超导导线	wiki.main	12xUV超导导线.html	
维基	12xZPM超导导线	wiki.main	12xZPM超导导线.html	
维基	16384k-ME存储元件	wiki.main	16384k-ME存储元件.html	
维基	16384k-ME流体存储元件	wiki.main	16384k-ME流体存储元件.html	
维基	16384k-ME流体存储组件	wiki.main	16384k-ME流体存储组件.html	
维基	16k-ME存储元件	wiki.main	16k-ME存储元件.html	
维基	16k-ME流体存储元件	wiki.main	16k-ME流体存储元件.html	
维基	16k-ME流体存储组件	wiki.main	16k-ME流体存储组件.html	
维基	16xEV超导导线	wiki.main	16xEV超导导线.html	
维基	16xHV超导导线	wiki.main	16xHV超导导线.html	
维基	16xIV超导导线	wiki.main	16xIV超导导线.html	
维基	16xLuV超导导线	wiki.main	16xLuV超导导线.html	
维基	16xMV超导导线	wiki.main	16xMV超导导线.html	
维基	16xUEV超导导线	wiki.main	16xUEV超导导线.html	
维基	16xUHV超导导线	wiki.main	16xUHV超导导线.html	
维基	16xUIV超导导线	wiki.main	16xUIV超导导线.html	
维基	16xUMV超导导线	wiki.main	16xUMV超导导线.html	
维基	16xUV超导导线	wiki.main	16xUV超导导线.html	
维基	16xZPM超导导线	wiki.main	16xZPM超导导线.html	
维基	1k-ME多流体存储元件	wiki.main	1k-ME多流体存储元件.html	
维基	1k-ME存储元件	wiki.main	1k-ME存储元件.html	
维基	1k-ME流体存储元件	wiki.main	1k-ME流体存储元件.html	
维基	1k-ME流体存储组件	wiki.main	1k-ME流体存储组件.html	
维基	1k合成存储器	wiki.main	1k合成存储器.html	
维基	1tOC	wiki.main	1tOC.html	
维基	1xEV超导导线	wiki.main	1xEV超导导线.html	
维基	1xHV超导导线	wiki.main	1xHV超导导线.html	
维基	1xIV超导导线	wiki.main	1xIV超导导线.html	
维基	1xLuV超导导线	wiki.main	1xLuV超导导线.html	
维基	1xMV超导导线	wiki.main	1xMV超导导线.html	
维基	1xUEV超导导线	wiki.main	1xUEV超导导线.html	
维基	1xUHV超导导线	wiki.main	1xUHV超导导线.html	
维基	1xUIV超导导线	wiki.main	1xUIV超导导线.html	
维基	1xUMV超导导线	wiki.main	1xUMV超导导线.html	
维基	1xUV超导导线	wiki.main	1xUV超导导线.html	
维基	1xZPM超导导线	wiki.main	1xZPM超导导线.html	
维基	1x锡线缆	wiki.main	1x锡线缆.html	
维基	1阶火箭	wiki.main	1阶火箭.html	
维基	2-丁炔-1,4-二醇	wiki.main	2-丁炔-1,4-二醇.html	
维基	2-乙基己醇	wiki.main	2-乙基己醇.html	
维基	2-硝基氯苯	wiki.main	2-硝基氯苯.html	
维基	2.0.0.0	wiki.main	2.0.0.0.html	
维基	2.0.1.0	wiki.main	2.0.1.0.html	
维基	2.0.1.1	wiki.main	2.0.1.1.html	
维基	2.0.1.2	wiki.main	2.0.1.2.html	
维基	2.0.1.3	wiki.main	2.0.1.3.html	
维基	2.0.2.0	wiki.main	2.0.2.0.html	
维基	2.0.2.3	wiki.main	2.0.2.3.html	
维基	2.0.2.4	wiki.main	2.0.2.4.html	
维基	2.0.2.5	wiki.main	2.0.2.5.html	
维基	2.0.2.6	wiki.main	2.0.2.6.html	
维基	2.0.2.7	wiki.main	2.0.2.7.html	
维基	2.0.3.0	wiki.main	2.0.3.0.html	
维基	2.0.4.0	wiki.main	2.0.4.0.html	
维基	2.0.4.1	wiki.main	2.0.4.1.html	
维基	2.0.4.2	wiki.main	2.0.4.2.html	
维基	2.0.4.3	wiki.main	2.0.4.3.html	
维基	2.0.4.4	wiki.main	2.0.4.4.html	
维基	2.0.4.5	wiki.main	2.0.4.5.html	
维基	2.0.4.6	wiki.main	2.0.4.6.html	
维基	2.0.4.7	wiki.main	2.0.4.7.html	
维基	2.0.4.8	wiki.main	2.0.4.8.html	
维基	2.0.4.9	wiki.main	2.0.4.9.html	
维基	2.0.5.0	wiki.main	2.0.5.0.html	
维基	2.0.5.1	wiki.main	2.0.5.1.html	
维基	2.0.6.0	wiki.main	2.0.6.0.html	
维基	2.0.6.2	wiki.main	2.0.6.2.html	
维基	2.0.6.8	wiki.main	2.0.6.8.html	
维基	2.0.7.0	wiki.main	2.0.7.0.html	
维基	2.0.7.5	wiki.main	2.0.7.5.html	
维基	2.0.8.0pre	wiki.main	2.0.8.0pre.html	
维基	2.0.8.1	wiki.main	2.0.8.1.html	
维基	2.0.8.3	wiki.main	2.0.8.3.html	
维基	2.0.8.4	wiki.main	2.0.8.4.html	
维基	2.0.8.5&6	wiki.main	2.0.8.5&6.html	
维基	2.0.8.7	wiki.main	2.0.8.7.html	
维基	2.0.8.8	wiki.main	2.0.8.8.html	
维基	2.0.9.0	wiki.main	2.0.9.0.html	
维基	2.1.0.0	wiki.main	2.1.0.0.html	
维基	2.1.1.0	wiki.main	2.1.1.0.html	
维基	2.1.2.0	wiki.main	2.1.2.0.html	
维基	2.2.0.0	wiki.main	2.2.0.0.html	
维基	2.2.3	wiki.main	2.2.3.html	
维基	2.2.7	wiki.main	2.2.7.html	
维基	2.2.8	wiki.main	2.2.8.html	
维基	2.3.0	wiki.main	2.3.0.html	
维基	2.3.1	wiki.main	2.3.1.html	
维基	2.3.2	wiki.main	2.3.2.html	
维基	2.3.3	wiki.main	2.3.3.html	
维基	2.3.4	wiki.main	2.3.4.html	
维基	2.3.5	wiki.main	2.3.5.html	
维基	2.3.6	wiki.main	2.3.6.html	
维基	2.3.7	wiki.main	2.3.7.html	
维基	2.4.0	wiki.main	2.4.0.html	
维基	2.5.0	wiki.main	2.5.0.html	
维基	2.5.1	wiki.main	2.5.1.html	
维基	2.6.0	wiki.main	2.6.0.html	
维基	2.6.1	wiki.main	2.6.1.html	
维基	2.6.2	wiki.main	2.6.2.html	
维基	2.7.0	wiki.main	2.7.0.html	
维基	2.7.1	wiki.main	2.7.1.html	
维基	2.7.2	wiki.main	2.7.2.html	
维基	2.7.3	wiki.main	2.7.3.html	
维基	2.7.4	wiki.main	2.7.4.html	
维基	2.8.0	wiki.main	2.8.0.html	
维基	2.8.1	wiki.main	2.8.1.html	
维基	2.8.2	wiki.main	2.8.2.html	
维基	2.8.3	wiki.main	2.8.3.html	
维基	2.8.4	wiki.main	2.8.4.html	
维基	256k-ME存储元件	wiki.main	256k-ME存储元件.html	
维基	256k-ME流体存储元件	wiki.main	256k-ME流体存储元件.html	
维基	256k-ME流体存储组件	wiki.main	256k-ME流体存储组件.html	
维基	2xEV超导导线	wiki.main	2xEV超导导线.html	
维基	2xHV超导导线	wiki.main	2xHV超导导线.html	
维基	2xIV超导导线	wiki.main	2xIV超导导线.html	
维基	2xLuV超导导线	wiki.main	2xLuV超导导线.html	
维基	2xMV超导导线	wiki.main	2xMV超导导线.html	
维基	2xUEV超导导线	wiki.main	2xUEV超导导线.html	
维基	2xUHV超导导线	wiki.main	2xUHV超导导线.html	
维基	2xUIV超导导线	wiki.main	2xUIV超导导线.html	
维基	2xUMV超导导线	wiki.main	2xUMV超导导线.html	
维基	2xUV超导导线	wiki.main	2xUV超导导线.html	
维基	2xZPM超导导线	wiki.main	2xZPM超导导线.html	
维基	2x白铜导线	wiki.main	2x白铜导线.html	
维基	2阶火箭	wiki.main	2阶火箭.html	
维基	3,3'-二氨基联苯胺	wiki.main	3,3'-二氨基联苯胺.html	
维基	3,3'-二氯联苯胺	wiki.main	3,3'-二氯联苯胺.html	
维基	3阶火箭	wiki.main	3阶火箭.html	
维基	4,4'-二苯基甲烷二异氰酸酯	wiki.main	4,4'-二苯基甲烷二异氰酸酯.html	
维基	4-硝基苯胺	wiki.main	4-硝基苯胺.html	
维基	4096k-ME存储元件	wiki.main	4096k-ME存储元件.html	
维基	4096k-ME流体存储元件	wiki.main	4096k-ME流体存储元件.html	
维基	4096k-ME流体存储组件	wiki.main	4096k-ME流体存储组件.html	
维基	4k-ME存储元件	wiki.main	4k-ME存储元件.html	
维基	4k-ME流体存储元件	wiki.main	4k-ME流体存储元件.html	
维基	4k-ME流体存储组件	wiki.main	4k-ME流体存储组件.html	
维基	4xEV超导导线	wiki.main	4xEV超导导线.html	
维基	4xHV超导导线	wiki.main	4xHV超导导线.html	
维基	4xIV超导导线	wiki.main	4xIV超导导线.html	
维基	4xLuV超导导线	wiki.main	4xLuV超导导线.html	
维基	4xMV超导导线	wiki.main	4xMV超导导线.html	
维基	4xUEV超导导线	wiki.main	4xUEV超导导线.html	
维基	4xUHV超导导线	wiki.main	4xUHV超导导线.html	
维基	4xUIV超导导线	wiki.main	4xUIV超导导线.html	
维基	4xUMV超导导线	wiki.main	4xUMV超导导线.html	
维基	4xUV超导导线	wiki.main	4xUV超导导线.html	
维基	4xZPM超导导线	wiki.main	4xZPM超导导线.html	
维基	4阶火箭	wiki.main	4阶火箭.html	
维基	5阶火箭	wiki.main	5阶火箭.html	
维基	64k-ME存储元件	wiki.main	64k-ME存储元件.html	
维基	64k-ME流体存储元件	wiki.main	64k-ME流体存储元件.html	
维基	64k-ME流体存储组件	wiki.main	64k-ME流体存储组件.html	
维基	6阶火箭	wiki.main	6阶火箭.html	
维基	7阶火箭	wiki.main	7阶火箭.html	
维基	8xEV超导导线	wiki.main	8xEV超导导线.html	
维基	8xHV超导导线	wiki.main	8xHV超导导线.html	
维基	8xIV超导导线	wiki.main	8xIV超导导线.html	
维基	8xLuV超导导线	wiki.main	8xLuV超导导线.html	
维基	8xMV超导导线	wiki.main	8xMV超导导线.html	
维基	8xUEV超导导线	wiki.main	8xUEV超导导线.html	
维基	8xUHV超导导线	wiki.main	8xUHV超导导线.html	
维基	8xUIV超导导线	wiki.main	8xUIV超导导线.html	
维基	8xUMV超导导线	wiki.main	8xUMV超导导线.html	
维基	8xUV超导导线	wiki.main	8xUV超导导线.html	
维基	8xZPM超导导线	wiki.main	8xZPM超导导线.html	
维基	8阶火箭	wiki.main	8阶火箭.html	
维基	ABS	wiki.main	ABS.html	
维基	AE	wiki.main	AE.html	
维基	AE2	wiki.main	AE2.html	
维基	AE2一些良好的使用习惯	wiki.main	AE2一些良好的使用习惯.html	
维基	AE2处理器	wiki.main	AE2处理器.html	
维基	AE2电路板	wiki.main	AE2电路板.html	
维基	AE系统的能源	wiki.main	AE系统的能源.html	
维基	AE网络转输芯片	wiki.main	AE网络转输芯片.html	
维基	ASoC	wiki.main	ASoC.html	
维基	ASoC晶圆	wiki.main	ASoC晶圆.html	
维基	Aequalitas	wiki.main	Aequalitas.html	
维基	Aer	wiki.main	Aer.html	
维基	Ag	wiki.main	Ag.html	
维基	Al	wiki.main	Al.html	
维基	Alienis	wiki.main	Alienis.html	
维基	Alkalus圆盘-激活-	wiki.main	Alkalus圆盘-激活-.html	
维基	Am	wiki.main	Am.html	
维基	Applied_Energistics_2	wiki.main	Applied_Energistics_2.html	
维基	April_Fools_2025	wiki.main	April_Fools_2025.html	
维基	Aqua	wiki.main	Aqua.html	
维基	Ar	wiki.main	Ar.html	
维基	Arbor	wiki.main	Arbor.html	
维基	As	wiki.main	As.html	
维基	Astrum	wiki.main	Astrum.html	
维基	Au	wiki.main	Au.html	
维基	Auram	wiki.main	Auram.html	
维基	Avaritia	wiki.main	Avaritia.html	
维基	B	wiki.main	B.html	
维基	BArTiMaEuSNeK	wiki.main	BArTiMaEuSNeK.html	
维基	BBF	wiki.main	BBF.html	
维基	BEC	wiki.main	BEC.html	
维基	BEC自动化	wiki.main	BEC自动化.html	
维基	Ba	wiki.main	Ba.html	
维基	Be	wiki.main	Be.html	
维基	Bestia	wiki.main	Bestia.html	
维基	Bi	wiki.main	Bi.html	
维基	BiblioCraft	wiki.main	BiblioCraft.html	
维基	Bio	wiki.main	Bio.html	
维基	Biocatalyzed_Propulsion_Fluid	wiki.main	Biocatalyzed_Propulsion_Fluid.html	
维基	Bjzpx	wiki.main	Bjzpx.html	
维基	Blood_Magic	wiki.main	Blood_Magic.html	
维基	Br	wiki.main	Br.html	
维基	Bright_Lumipod_Extract	wiki.main	Bright_Lumipod_Extract.html	
维基	Bukkit插件	wiki.main	Bukkit插件.html	
维基	C	wiki.main	C.html	
维基	CAL	wiki.main	CAL.html	
维基	CBD	wiki.main	CBD.html	
维基	CN3H7O3火箭燃料	wiki.main	CN3H7O3火箭燃料.html	
维基	COMET-紧凑式回旋加速器	wiki.main	COMET-紧凑式回旋加速器.html	
维基	CPU	wiki.main	CPU.html	
维基	Ca	wiki.main	Ca.html	
维基	Caelum	wiki.main	Caelum.html	
维基	Cd	wiki.main	Cd.html	
维基	Ce	wiki.main	Ce.html	
维基	Cf	wiki.main	Cf.html	
维基	Changelog_1.1.0.0	wiki.main	Changelog_1.1.0.0.html	
维基	Changelog_1.1.0.4	wiki.main	Changelog_1.1.0.4.html	
维基	Changelog_1.2.0.0	wiki.main	Changelog_1.2.0.0.html	
维基	Changelog_1.2.1.0	wiki.main	Changelog_1.2.1.0.html	
维基	Changelog_1.3.0.5	wiki.main	Changelog_1.3.0.5.html	
维基	Changelog_1.4.0.1	wiki.main	Changelog_1.4.0.1.html	
维基	Changelog_1.4.1.0	wiki.main	Changelog_1.4.1.0.html	
维基	Changelog_1.4.1.1	wiki.main	Changelog_1.4.1.1.html	
维基	Changelog_1.5.0.0	wiki.main	Changelog_1.5.0.0.html	
维基	Changelog_1.5.0.1	wiki.main	Changelog_1.5.0.1.html	
维基	Changelog_1.5.0.2	wiki.main	Changelog_1.5.0.2.html	
维基	Changelog_1.5.0.3	wiki.main	Changelog_1.5.0.3.html	
维基	Changelog_1.5.0.4	wiki.main	Changelog_1.5.0.4.html	
维基	Changelog_1.5.0.5	wiki.main	Changelog_1.5.0.5.html	
维基	Changelog_1.5.0.6	wiki.main	Changelog_1.5.0.6.html	
维基	Changelog_1.5.0.7	wiki.main	Changelog_1.5.0.7.html	
维基	Changelog_1.5.1.0	wiki.main	Changelog_1.5.1.0.html	
维基	Changelog_1.5.1.1	wiki.main	Changelog_1.5.1.1.html	
维基	Changelog_1.5.1.2	wiki.main	Changelog_1.5.1.2.html	
维基	Changelog_2.0.0.0	wiki.main	Changelog_2.0.0.0.html	
维基	Changelog_2.1.0.0	wiki.main	Changelog_2.1.0.0.html	
维基	Changelog_2.1.1.0	wiki.main	Changelog_2.1.1.0.html	
维基	Changelog_2.3.0	wiki.main	Changelog_2.3.0.html	
维基	Changelog_2.3.1	wiki.main	Changelog_2.3.1.html	
维基	Changelog_2.3.2	wiki.main	Changelog_2.3.2.html	
维基	Changelog_2.3.3	wiki.main	Changelog_2.3.3.html	
维基	Changelog_2.3.4	wiki.main	Changelog_2.3.4.html	
维基	Changelog_2.3.5	wiki.main	Changelog_2.3.5.html	
维基	Changelog_2.3.6	wiki.main	Changelog_2.3.6.html	
维基	Changelog_2.3.7	wiki.main	Changelog_2.3.7.html	
维基	Changelog_2.4.0	wiki.main	Changelog_2.4.0.html	
维基	Changelog_2.4.1	wiki.main	Changelog_2.4.1.html	
维基	Changelog_2.5.0	wiki.main	Changelog_2.5.0.html	
维基	Changelog_2.5.1	wiki.main	Changelog_2.5.1.html	
维基	Cl	wiki.main	Cl.html	
维基	Cm	wiki.main	Cm.html	
维基	Co	wiki.main	Co.html	
维基	Cognitio	wiki.main	Cognitio.html	
维基	Corpus	wiki.main	Corpus.html	
维基	Cr	wiki.main	Cr.html	
维基	CropsNH	wiki.main	CropsNH.html	
维基	CropsNH_简介	wiki.main	CropsNH_简介.html	
维基	Cs	wiki.main	Cs.html	
维基	Cu	wiki.main	Cu.html	
维基	CustomSearch	wiki.main	CustomSearch.html	
维基	DD	wiki.main	DD.html	
维基	DTPF	wiki.main	DTPF.html	
维基	Debug发电机	wiki.main	Debug发电机.html	
维基	Debug数据仓	wiki.main	Debug数据仓.html	
维基	Debug未定元解析器	wiki.main	Debug未定元解析器.html	
维基	Debug维护仓	wiki.main	Debug维护仓.html	
维基	Desidia	wiki.main	Desidia.html	
维基	Dy	wiki.main	Dy.html	
维基	EBF	wiki.main	EBF.html	
维基	EEC	wiki.main	EEC.html	
维基	EOH	wiki.main	EOH.html	
维基	EU能量转输芯片	wiki.main	EU能量转输芯片.html	
维基	EV	wiki.main	EV.html	
维基	EV中子加速器	wiki.main	EV中子加速器.html	
维基	EV变压器	wiki.main	EV变压器.html	
维基	EV微波能量发射机	wiki.main	EV微波能量发射机.html	
维基	EV机器外壳	wiki.main	EV机器外壳.html	
维基	EV机械方块	wiki.main	EV机械方块.html	
维基	EV电路板	wiki.main	EV电路板.html	
维基	EV级电路板	wiki.main	EV级电路板.html	
维基	EV能源仓	wiki.main	EV能源仓.html	
维基	EV超导	wiki.main	EV超导.html	
维基	EV超导导线	wiki.main	EV超导导线.html	
维基	EV超导粗胚	wiki.main	EV超导粗胚.html	
维基	EV阶段	wiki.main	EV阶段.html	
维基	EV高电流变压器	wiki.main	EV高电流变压器.html	
维基	EV高能变压器	wiki.main	EV高能变压器.html	
维基	Eio	wiki.main	Eio.html	
维基	Electrum	wiki.main	Electrum.html	
维基	Ender_IO	wiki.main	Ender_IO.html	
维基	Ender_IO_护甲	wiki.main	Ender_IO_护甲.html	
维基	Er	wiki.main	Er.html	
维基	Eu	wiki.main	Eu.html	
维基	Ev核电铀的刷取	wiki.main	Ev核电铀的刷取.html	
维基	Exanimis	wiki.main	Exanimis.html	
维基	Exo-Foundry	wiki.main	Exo-Foundry.html	
维基	Extra_Utilities	wiki.main	Extra_Utilities.html	
维基	F	wiki.main	F.html	
维基	FOG	wiki.main	FOG.html	
维基	FTB	wiki.main	FTB.html	
维基	FTBUtilities	wiki.main	FTBUtilities.html	
维基	Fabrico	wiki.main	Fabrico.html	
维基	Fames	wiki.main	Fames.html	
维基	Fe	wiki.main	Fe.html	
维基	Fether	wiki.main	Fether.html	
维基	Fm	wiki.main	Fm.html	
维基	Forge_Microblocks	wiki.main	Forge_Microblocks.html	
维基	FreeCam	wiki.main	FreeCam.html	
维基	GT++	wiki.main	GT++.html	
维基	GTIT_GT-Interesting-Thing	wiki.main	GTIT_GT-Interesting-Thing.html	
维基	GTNH_team	wiki.main	GTNH_team.html	
维基	GTNH团队系统	wiki.main	GTNH团队系统.html	
维基	GTNH行为准则	wiki.main	GTNH行为准则.html	
维基	GTNH队伍系统	wiki.main	GTNH队伍系统.html	
维基	GTNL_128M量子计算机合成存储器	wiki.main	GTNL_128M量子计算机合成存储器.html	
维基	GTNL_256M量子计算机合成存储器	wiki.main	GTNL_256M量子计算机合成存储器.html	
维基	GTNL_GT-Not-Leisure	wiki.main	GTNL_GT-Not-Leisure.html	
维基	GTNL_PCB工厂	wiki.main	GTNL_PCB工厂.html	
维基	GTNL_“伊甸”生态奇点	wiki.main	GTNL_“伊甸”生态奇点.html	
维基	GTNL_世界生成	wiki.main	GTNL_世界生成.html	
维基	GTNL_中子丝线切割机	wiki.main	GTNL_中子丝线切割机.html	
维基	GTNL_兑奖机	wiki.main	GTNL_兑奖机.html	
维基	GTNL_兰波顿工厂	wiki.main	GTNL_兰波顿工厂.html	
维基	GTNL_初代目行星发动机	wiki.main	GTNL_初代目行星发动机.html	
维基	GTNL_压缩熔炉机械方块	wiki.main	GTNL_压缩熔炉机械方块.html	
维基	GTNL_原始蒸馏塔	wiki.main	GTNL_原始蒸馏塔.html	
维基	GTNL_原子能激发工厂	wiki.main	GTNL_原子能激发工厂.html	
维基	GTNL_处理阵列：重生	wiki.main	GTNL_处理阵列：重生.html	
维基	GTNL_大型硅岩反应堆	wiki.main	GTNL_大型硅岩反应堆.html	
维基	GTNL_大型蒸汽破碎机	wiki.main	GTNL_大型蒸汽破碎机.html	
维基	GTNL_大型蒸汽铸形炉	wiki.main	GTNL_大型蒸汽铸形炉.html	
维基	GTNL_寒冰冷冻机	wiki.main	GTNL_寒冰冷冻机.html	
维基	GTNL_巨型工业高炉	wiki.main	GTNL_巨型工业高炉.html	
维基	GTNL_巨型红砖树苗	wiki.main	GTNL_巨型红砖树苗.html	
维基	GTNL_并行控制仓系列	wiki.main	GTNL_并行控制仓系列.html	
维基	GTNL_幸运马掌	wiki.main	GTNL_幸运马掌.html	
维基	GTNL_微光	wiki.main	GTNL_微光.html	
维基	GTNL_排斥指环	wiki.main	GTNL_排斥指环.html	
维基	GTNL_控制电路系列电路板	wiki.main	GTNL_控制电路系列电路板.html	
维基	GTNL_液压部件	wiki.main	GTNL_液压部件.html	
维基	GTNL_炽骨立方	wiki.main	GTNL_炽骨立方.html	
维基	GTNL_烈焰输入仓	wiki.main	GTNL_烈焰输入仓.html	
维基	GTNL_烈焰高炉	wiki.main	GTNL_烈焰高炉.html	
维基	GTNL_熔炉组	wiki.main	GTNL_熔炉组.html	
维基	GTNL_物理学披风	wiki.main	GTNL_物理学披风.html	
维基	GTNL_电力工业高炉	wiki.main	GTNL_电力工业高炉.html	
维基	GTNL_电化学电池发电机	wiki.main	GTNL_电化学电池发电机.html	
维基	GTNL_电压奖励	wiki.main	GTNL_电压奖励.html	
维基	GTNL_皇家凝胶	wiki.main	GTNL_皇家凝胶.html	
维基	GTNL_直焰窑	wiki.main	GTNL_直焰窑.html	
维基	GTNL_真·湮灭发电机	wiki.main	GTNL_真·湮灭发电机.html	
维基	GTNL_石化工厂	wiki.main	GTNL_石化工厂.html	
维基	GTNL_矿脉挖掘镐	wiki.main	GTNL_矿脉挖掘镐.html	
维基	GTNL_砖砌钢外壳	wiki.main	GTNL_砖砌钢外壳.html	
维基	GTNL_砖砌青铜外壳	wiki.main	GTNL_砖砌青铜外壳.html	
维基	GTNL_砖高炉	wiki.main	GTNL_砖高炉.html	
维基	GTNL_破碎奇点	wiki.main	GTNL_破碎奇点.html	
维基	GTNL_硝苯氮	wiki.main	GTNL_硝苯氮.html	
维基	GTNL_精密蒸汽构件	wiki.main	GTNL_精密蒸汽构件.html	
维基	GTNL_精灵传送法阵	wiki.main	GTNL_精灵传送法阵.html	
维基	GTNL_终极样板编码台	wiki.main	GTNL_终极样板编码台.html	
维基	GTNL_蒸汽木匠	wiki.main	GTNL_蒸汽木匠.html	
维基	GTNL_蜂蜜	wiki.main	GTNL_蜂蜜.html	
维基	GTNL_血魂祭祀阵	wiki.main	GTNL_血魂祭祀阵.html	
维基	GTNL_装配矩阵	wiki.main	GTNL_装配矩阵.html	
维基	GTNL_装配矩阵Debug合成核心	wiki.main	GTNL_装配矩阵Debug合成核心.html	
维基	GTNL_装配矩阵合成核心	wiki.main	GTNL_装配矩阵合成核心.html	
维基	GTNL_装配矩阵墙壁	wiki.main	GTNL_装配矩阵墙壁.html	
维基	GTNL_装配矩阵奇点合成核心	wiki.main	GTNL_装配矩阵奇点合成核心.html	
维基	GTNL_装配矩阵样板核心	wiki.main	GTNL_装配矩阵样板核心.html	
维基	GTNL_装配矩阵框架	wiki.main	GTNL_装配矩阵框架.html	
维基	GTNL_装配矩阵速度核心	wiki.main	GTNL_装配矩阵速度核心.html	
维基	GTNL_超强吸收棉	wiki.main	GTNL_超强吸收棉.html	
维基	GTNL_超突变活性焊料	wiki.main	GTNL_超突变活性焊料.html	
维基	GTNL_超级太空电梯	wiki.main	GTNL_超级太空电梯.html	
维基	GTNL_超能硅岩反应堆	wiki.main	GTNL_超能硅岩反应堆.html	
维基	GTNL_进阶超能硅岩反应堆	wiki.main	GTNL_进阶超能硅岩反应堆.html	
维基	GTNL_避雷针增强	wiki.main	GTNL_避雷针增强.html	
维基	GTNL_部件组装机	wiki.main	GTNL_部件组装机.html	
维基	GTNL_量子合成单元	wiki.main	GTNL_量子合成单元.html	
维基	GTNL_量子数据纠缠器	wiki.main	GTNL_量子数据纠缠器.html	
维基	GTNL_量子灌输液	wiki.main	GTNL_量子灌输液.html	
维基	GTNL_量子计算机	wiki.main	GTNL_量子计算机.html	
维基	GTNL_量子计算机加速器	wiki.main	GTNL_量子计算机加速器.html	
维基	GTNL_量子计算机外壳	wiki.main	GTNL_量子计算机外壳.html	
维基	GTNL_量子计算机多线程处理器	wiki.main	GTNL_量子计算机多线程处理器.html	
维基	GTNL_量子计算机奇点核心	wiki.main	GTNL_量子计算机奇点核心.html	
维基	GTNL_量子计算机核心	wiki.main	GTNL_量子计算机核心.html	
维基	GTNL_铁涡轮	wiki.main	GTNL_铁涡轮.html	
维基	GTNL_集成矿石处理厂	wiki.main	GTNL_集成矿石处理厂.html	
维基	GTNL_青钢	wiki.main	GTNL_青钢.html	
维基	GTNL_青铁	wiki.main	GTNL_青铁.html	
维基	GTNL_青铜涡轮	wiki.main	GTNL_青铜涡轮.html	
维基	GTNL_饱食指环	wiki.main	GTNL_饱食指环.html	
维基	GTNL仓室	wiki.main	GTNL仓室.html	
维基	GTNL：世界生成	wiki.main	GTNL：世界生成.html	
维基	GTNL：微光	wiki.main	GTNL：微光.html	
维基	GTNL：蜂蜜	wiki.main	GTNL：蜂蜜.html	
维基	GTNL：青铜涡轮	wiki.main	GTNL：青铜涡轮.html	
维基	GTSR_GT-Steam-Reborn	wiki.main	GTSR_GT-Steam-Reborn.html	
维基	GTSWN_GT-Simple-Wireless-Network	wiki.main	GTSWN_GT-Simple-Wireless-Network.html	
维基	GT_EU电表	wiki.main	GT_EU电表.html	
维基	GT九宫格	wiki.main	GT九宫格.html	
维基	GT单方块机器	wiki.main	GT单方块机器.html	
维基	GT工具	wiki.main	GT工具.html	
维基	GT流体管道	wiki.main	GT流体管道.html	
维基	GT物品管道	wiki.main	GT物品管道.html	
维基	GT电脑主机	wiki.main	GT电脑主机.html	
维基	GT管道	wiki.main	GT管道.html	
维基	GT线缆	wiki.main	GT线缆.html	
维基	Ga	wiki.main	Ga.html	
维基	Gd	wiki.main	Gd.html	
维基	Ge	wiki.main	Ge.html	
维基	Gelum	wiki.main	Gelum.html	
维基	Gloria	wiki.main	Gloria.html	
维基	Gorge	wiki.main	Gorge.html	
维基	GotG	wiki.main	GotG.html	
维基	Gotg全流程经验分享	wiki.main	Gotg全流程经验分享.html	
维基	Gregtech	wiki.main	Gregtech.html	
维基	Gtnl	wiki.main	Gtnl.html	
维基	Gtpp	wiki.main	Gtpp.html	
维基	Gula	wiki.main	Gula.html	
维基	H	wiki.main	H.html	
维基	H8N4C2O4火箭燃料	wiki.main	H8N4C2O4火箭燃料.html	
维基	HEE	wiki.main	HEE.html	
维基	HG-1223	wiki.main	HG-1223.html	
维基	HIP	wiki.main	HIP.html	
维基	HIP“主动冷却”装置	wiki.main	HIP“主动冷却”装置.html	
维基	HS188-A	wiki.main	HS188-A.html	
维基	HSLA钢	wiki.main	HSLA钢.html	
维基	HSS-E	wiki.main	HSS-E.html	
维基	HV	wiki.main	HV.html	
维基	HV中子加速器	wiki.main	HV中子加速器.html	
维基	HV变压器	wiki.main	HV变压器.html	
维基	HV微波能量发射机	wiki.main	HV微波能量发射机.html	
维基	HV机器外壳	wiki.main	HV机器外壳.html	
维基	HV机械方块	wiki.main	HV机械方块.html	
维基	HV级电路板	wiki.main	HV级电路板.html	
维基	HV能源仓	wiki.main	HV能源仓.html	
维基	HV超导	wiki.main	HV超导.html	
维基	HV超导导线	wiki.main	HV超导导线.html	
维基	HV超导粗胚	wiki.main	HV超导粗胚.html	
维基	HV阶段	wiki.main	HV阶段.html	
维基	HV高电流变压器	wiki.main	HV高电流变压器.html	
维基	HV高能变压器	wiki.main	HV高能变压器.html	
维基	He	wiki.main	He.html	
维基	He-3	wiki.main	He-3.html	
维基	HeLiCoPtEr	wiki.main	HeLiCoPtEr.html	
维基	Herba	wiki.main	Herba.html	
维基	Hf	wiki.main	Hf.html	
维基	Hg	wiki.main	Hg.html	
维基	Ho	wiki.main	Ho.html	
维基	Hog	wiki.main	Hog.html	
维基	Homo	wiki.main	Homo.html	
维基	Humanus	wiki.main	Humanus.html	
维基	I	wiki.main	I.html	
维基	IC2作物列表	wiki.main	IC2作物列表.html	
维基	IC杂交	wiki.main	IC杂交.html	
维基	IC门教程	wiki.main	IC门教程.html	
维基	IGI	wiki.main	IGI.html	
维基	IN_GAME_INFO	wiki.main	IN_GAME_INFO.html	
维基	IV	wiki.main	IV.html	
维基	IV中子加速器	wiki.main	IV中子加速器.html	
维基	IV变压器	wiki.main	IV变压器.html	
维基	IV微波能量发射机	wiki.main	IV微波能量发射机.html	
维基	IV机器外壳	wiki.main	IV机器外壳.html	
维基	IV机械方块	wiki.main	IV机械方块.html	
维基	IV级电路板	wiki.main	IV级电路板.html	
维基	IV能源仓	wiki.main	IV能源仓.html	
维基	IV超导导线	wiki.main	IV超导导线.html	
维基	IV超导粗胚	wiki.main	IV超导粗胚.html	
维基	IV阶段	wiki.main	IV阶段.html	
维基	IV高电流变压器	wiki.main	IV高电流变压器.html	
维基	IV高能变压器	wiki.main	IV高能变压器.html	
维基	Ignis	wiki.main	Ignis.html	
维基	In	wiki.main	In.html	
维基	InGame_Info_XML	wiki.main	InGame_Info_XML.html	
维基	Infernus	wiki.main	Infernus.html	
维基	Instrumentum	wiki.main	Instrumentum.html	
维基	Invidia	wiki.main	Invidia.html	
维基	Ir	wiki.main	Ir.html	
维基	Ira	wiki.main	Ira.html	
维基	ItemSearch	wiki.main	ItemSearch.html	
维基	Iter	wiki.main	Iter.html	
维基	JUBENLIUMI	wiki.main	JUBENLIUMI.html	
维基	JourneyMap	wiki.main	JourneyMap.html	
维基	Jψ介子_(Jψ)	wiki.main	Jψ介子_(Jψ).html	
维基	K	wiki.main	K.html	
维基	Kr	wiki.main	Kr.html	
维基	KubaULTIMATE_茶	wiki.main	KubaULTIMATE_茶.html	
维基	L.A.T.E.X.	wiki.main	L.A.T.E.X..html	
维基	LATEX	wiki.main	LATEX.html	
维基	LCR	wiki.main	LCR.html	
维基	LESU	wiki.main	LESU.html	
维基	LHC	wiki.main	LHC.html	
维基	LP	wiki.main	LP.html	
维基	LSC	wiki.main	LSC.html	
维基	LV	wiki.main	LV.html	
维基	LV中子加速器	wiki.main	LV中子加速器.html	
维基	LV变压器	wiki.main	LV变压器.html	
维基	LV机器外壳	wiki.main	LV机器外壳.html	
维基	LV机械方块	wiki.main	LV机械方块.html	
维基	LV级电路板	wiki.main	LV级电路板.html	
维基	LV能源仓	wiki.main	LV能源仓.html	
维基	LV阶段	wiki.main	LV阶段.html	
维基	LV高电流变压器	wiki.main	LV高电流变压器.html	
维基	LV高能变压器	wiki.main	LV高能变压器.html	
维基	La	wiki.main	La.html	
维基	Li	wiki.main	Li.html	
维基	Limus	wiki.main	Limus.html	
维基	Logistics_Pipes	wiki.main	Logistics_Pipes.html	
维基	LootGames	wiki.main	LootGames.html	
维基	Lu	wiki.main	Lu.html	
维基	LuV	wiki.main	LuV.html	
维基	LuV中子加速器	wiki.main	LuV中子加速器.html	
维基	LuV变压器	wiki.main	LuV变压器.html	
维基	LuV后UHV前多方块机器通用下单结构	wiki.main	LuV后UHV前多方块机器通用下单结构.html	
维基	LuV微波能量发射机	wiki.main	LuV微波能量发射机.html	
维基	LuV机器外壳	wiki.main	LuV机器外壳.html	
维基	LuV机械方块	wiki.main	LuV机械方块.html	
维基	LuV电路板	wiki.main	LuV电路板.html	
维基	LuV级电路板	wiki.main	LuV级电路板.html	
维基	LuV超导导线	wiki.main	LuV超导导线.html	
维基	LuV超导粗胚	wiki.main	LuV超导粗胚.html	
维基	LuV阶段	wiki.main	LuV阶段.html	
维基	LuV阶段适用的百万级岩浆发电产线	wiki.main	LuV阶段适用的百万级岩浆发电产线.html	
维基	LuV高电流变压器	wiki.main	LuV高电流变压器.html	
维基	LuV高能变压器	wiki.main	LuV高能变压器.html	
维基	Lucrum	wiki.main	Lucrum.html	
维基	Lux	wiki.main	Lux.html	
维基	Luxuria	wiki.main	Luxuria.html	
维基	Lv机器	wiki.main	Lv机器.html	
维基	MABS	wiki.main	MABS.html	
维基	MAR-Ce-M200特种钢	wiki.main	MAR-Ce-M200特种钢.html	
维基	MAR-M200特种钢	wiki.main	MAR-M200特种钢.html	
维基	MAX	wiki.main	MAX.html	
维基	MAX机器外壳	wiki.main	MAX机器外壳.html	
维基	MAX机械方块	wiki.main	MAX机械方块.html	
维基	MAX电路组装机	wiki.main	MAX电路组装机.html	
维基	MAX级电路板	wiki.main	MAX级电路板.html	
维基	MBF	wiki.main	MBF.html	
维基	MCR	wiki.main	MCR.html	
维基	ME-IO端口	wiki.main	ME-IO端口.html	
维基	MEBF	wiki.main	MEBF.html	
维基	ME中子注入控制器	wiki.main	ME中子注入控制器.html	
维基	ME二合一接口	wiki.main	ME二合一接口.html	
维基	ME交换监控器	wiki.main	ME交换监控器.html	
维基	ME人造宇宙流体存储元件	wiki.main	ME人造宇宙流体存储元件.html	
维基	ME包层线缆	wiki.main	ME包层线缆.html	
维基	ME反相触发总线	wiki.main	ME反相触发总线.html	
维基	ME合成终端	wiki.main	ME合成终端.html	
维基	ME吞吐量监控器	wiki.main	ME吞吐量监控器.html	
维基	ME增广样板终端	wiki.main	ME增广样板终端.html	
维基	ME增广流体样板终端	wiki.main	ME增广流体样板终端.html	
维基	ME多流体存储外壳	wiki.main	ME多流体存储外壳.html	
维基	ME存储元件	wiki.main	ME存储元件.html	
维基	ME存储外壳	wiki.main	ME存储外壳.html	
维基	ME存储总线	wiki.main	ME存储总线.html	
维基	ME存储监控器	wiki.main	ME存储监控器.html	
维基	ME安全终端	wiki.main	ME安全终端.html	
维基	ME导管	wiki.main	ME导管.html	
维基	ME成型面板	wiki.main	ME成型面板.html	
维基	ME接口	wiki.main	ME接口.html	
维基	ME控制器	wiki.main	ME控制器.html	
维基	ME无线访问点	wiki.main	ME无线访问点.html	
维基	ME无限水流体存储元件	wiki.main	ME无限水流体存储元件.html	
维基	ME智能线缆	wiki.main	ME智能线缆.html	
维基	ME标准发信器	wiki.main	ME标准发信器.html	
维基	ME样板中继器	wiki.main	ME样板中继器.html	
维基	ME样板终端	wiki.main	ME样板终端.html	
维基	ME流体交互监控器	wiki.main	ME流体交互监控器.html	
维基	ME流体存储外壳	wiki.main	ME流体存储外壳.html	
维基	ME流体存储总线	wiki.main	ME流体存储总线.html	
维基	ME流体存储监控器	wiki.main	ME流体存储监控器.html	
维基	ME流体封包解码器	wiki.main	ME流体封包解码器.html	
维基	ME流体数字奇点元件	wiki.main	ME流体数字奇点元件.html	
维基	ME流体样板终端	wiki.main	ME流体样板终端.html	
维基	ME流体离散器	wiki.main	ME流体离散器.html	
维基	ME流体终端	wiki.main	ME流体终端.html	
维基	ME流体缓存器	wiki.main	ME流体缓存器.html	
维基	ME流体自动装填器	wiki.main	ME流体自动装填器.html	
维基	ME流体虚空元件	wiki.main	ME流体虚空元件.html	
维基	ME流体虚空存储元件	wiki.main	ME流体虚空存储元件.html	
维基	ME流体输入总线	wiki.main	ME流体输入总线.html	
维基	ME流体输出总线	wiki.main	ME流体输出总线.html	
维基	ME源质输入总线	wiki.main	ME源质输入总线.html	
维基	ME源质输出总线	wiki.main	ME源质输出总线.html	
维基	ME玻璃线缆	wiki.main	ME玻璃线缆.html	
维基	ME破坏面板	wiki.main	ME破坏面板.html	
维基	ME箱子	wiki.main	ME箱子.html	
维基	ME精准破坏面板	wiki.main	ME精准破坏面板.html	
维基	ME线缆	wiki.main	ME线缆.html	
维基	ME终端	wiki.main	ME终端.html	
维基	ME致密包层线缆	wiki.main	ME致密包层线缆.html	
维基	ME致密智能线缆	wiki.main	ME致密智能线缆.html	
维基	ME虚空存储元件	wiki.main	ME虚空存储元件.html	
维基	ME触发总线	wiki.main	ME触发总线.html	
维基	ME请求器	wiki.main	ME请求器.html	
维基	ME请求终端	wiki.main	ME请求终端.html	
维基	ME输入总线	wiki.main	ME输入总线.html	
维基	ME输出仓室	wiki.main	ME输出仓室.html	
维基	ME输出总线	wiki.main	ME输出总线.html	
维基	ME量子流体存储元件	wiki.main	ME量子流体存储元件.html	
维基	ME量子环	wiki.main	ME量子环.html	
维基	ME量子链接仓	wiki.main	ME量子链接仓.html	
维基	ME驱动器	wiki.main	ME驱动器.html	
维基	ME高级多流体存储外壳	wiki.main	ME高级多流体存储外壳.html	
维基	ME高级存储外壳	wiki.main	ME高级存储外壳.html	
维基	ME高级流体存储外壳	wiki.main	ME高级流体存储外壳.html	
维基	MM	wiki.main	MM.html	
维基	MOD列表	wiki.main	MOD列表.html	
维基	MTBE反应混合物(丁烯)	wiki.main	MTBE反应混合物(丁烯).html	
维基	MTBE反应混合物(丁烷)	wiki.main	MTBE反应混合物(丁烷).html	
维基	MV	wiki.main	MV.html	
维基	MV中子加速器	wiki.main	MV中子加速器.html	
维基	MV变压器	wiki.main	MV变压器.html	
维基	MV机器外壳	wiki.main	MV机器外壳.html	
维基	MV机械方块	wiki.main	MV机械方块.html	
维基	MV级电路板	wiki.main	MV级电路板.html	
维基	MV能源仓	wiki.main	MV能源仓.html	
维基	MV超导导线	wiki.main	MV超导导线.html	
维基	MV超导粗胚	wiki.main	MV超导粗胚.html	
维基	MV阶段	wiki.main	MV阶段.html	
维基	MV高电流变压器	wiki.main	MV高电流变压器.html	
维基	MV高能变压器	wiki.main	MV高能变压器.html	
维基	Machina	wiki.main	Machina.html	
维基	Magneto	wiki.main	Magneto.html	
维基	Manifest_Ihover.css	wiki.main	Manifest_Ihover.css.html	
维基	Manifest_Ihover.css_doc	wiki.main	Manifest_Ihover.css_doc.html	
维基	MatterManipulator	wiki.main	MatterManipulator.html	
维基	Matter_Manipulator_使用教程	wiki.main	Matter_Manipulator_使用教程.html	
维基	Matter_Manipulator_（MM）使用教程	wiki.main	Matter_Manipulator_（MM）使用教程.html	
维基	Messis	wiki.main	Messis.html	
维基	Metallum	wiki.main	Metallum.html	
维基	Meto	wiki.main	Meto.html	
维基	Mg	wiki.main	Mg.html	
维基	Mn	wiki.main	Mn.html	
维基	Mo	wiki.main	Mo.html	
维基	Mortuus	wiki.main	Mortuus.html	
维基	Motus	wiki.main	Motus.html	
维基	N	wiki.main	N.html	
维基	N-甲基吡咯烷酮	wiki.main	N-甲基吡咯烷酮.html	
维基	NAC	wiki.main	NAC.html	
维基	NAND存储器芯片（晶圆）	wiki.main	NAND存储器芯片（晶圆）.html	
维基	NAND芯片	wiki.main	NAND芯片.html	
维基	NAND芯片阵列	wiki.main	NAND芯片阵列.html	
维基	NASA工作台	wiki.main	NASA工作台.html	
维基	NEI	wiki.main	NEI.html	
维基	NIDAS	wiki.main	NIDAS.html	
维基	NOR存储器芯片（晶圆）	wiki.main	NOR存储器芯片（晶圆）.html	
维基	Na	wiki.main	Na.html	
维基	Nb	wiki.main	Nb.html	
维基	Nd	wiki.main	Nd.html	
维基	Ne	wiki.main	Ne.html	
维基	Nebrisum	wiki.main	Nebrisum.html	
维基	Ni	wiki.main	Ni.html	
维基	Nightly_builds	wiki.main	Nightly_builds.html	
维基	Not_Enough_Items	wiki.main	Not_Enough_Items.html	
维基	Np	wiki.main	Np.html	
维基	O	wiki.main	O.html	
维基	OC	wiki.main	OC.html	
维基	OC常用API介绍	wiki.main	OC常用API介绍.html	
维基	OC电子装配器批量组装	wiki.main	OC电子装配器批量组装.html	
维基	OC请求器	wiki.main	OC请求器.html	
维基	OP	wiki.main	OP.html	
维基	Og	wiki.main	Og.html	
维基	OpenBlocks	wiki.main	OpenBlocks.html	
维基	OpenComputers	wiki.main	OpenComputers.html	
维基	OpenComputers电子装配器批量组装	wiki.main	OpenComputers电子装配器批量组装.html	
维基	OpenOS	wiki.main	OpenOS.html	
维基	OpenOS操作系统	wiki.main	OpenOS操作系统.html	
维基	OpenOS操作系统详解	wiki.main	OpenOS操作系统详解.html	
维基	Opis	wiki.main	Opis.html	
维基	Ordo	wiki.main	Ordo.html	
维基	Os	wiki.main	Os.html	
维基	P	wiki.main	P.html	
维基	P-507	wiki.main	P-507.html	
维基	P2P	wiki.main	P2P.html	
维基	P2P通道	wiki.main	P2P通道.html	
维基	P2P通道_-_GT_EU	wiki.main	P2P通道_-_GT_EU.html	
维基	P2P通道_-_ME	wiki.main	P2P通道_-_ME.html	
维基	P2P通道_-_ME二合一接口	wiki.main	P2P通道_-_ME二合一接口.html	
维基	P2P通道_-_ME接口	wiki.main	P2P通道_-_ME接口.html	
维基	P2P通道_-_OC	wiki.main	P2P通道_-_OC.html	
维基	P2P通道_-_RF	wiki.main	P2P通道_-_RF.html	
维基	P2P通道_-_光	wiki.main	P2P通道_-_光.html	
维基	P2P通道_-_声音	wiki.main	P2P通道_-_声音.html	
维基	P2P通道_-_接口	wiki.main	P2P通道_-_接口.html	
维基	P2P通道_-_流体	wiki.main	P2P通道_-_流体.html	
维基	P2P通道_-_物品	wiki.main	P2P通道_-_物品.html	
维基	P2P通道_-_红石	wiki.main	P2P通道_-_红石.html	
维基	PA6	wiki.main	PA6.html	
维基	PBI	wiki.main	PBI.html	
维基	PCB工厂	wiki.main	PCB工厂.html	
维基	PCB工厂_2.8.4	wiki.main	PCB工厂_2.8.4.html	
维基	PE	wiki.main	PE.html	
维基	PH_CPU提取请求拦截器	wiki.main	PH_CPU提取请求拦截器.html	
维基	PH_GT高级无线红石卡	wiki.main	PH_GT高级无线红石卡.html	
维基	PH_IO枢纽	wiki.main	PH_IO枢纽.html	
维基	PH_ME二合一接口覆盖板	wiki.main	PH_ME二合一接口覆盖板.html	
维基	PH_ME存储代理	wiki.main	PH_ME存储代理.html	
维基	PH_ME库存流体输出总线	wiki.main	PH_ME库存流体输出总线.html	
维基	PH_ME库存输出总线	wiki.main	PH_ME库存输出总线.html	
维基	PH_ME接口覆盖板	wiki.main	PH_ME接口覆盖板.html	
维基	PH_ME搋子	wiki.main	PH_ME搋子.html	
维基	PH_ME流体存储代理	wiki.main	PH_ME流体存储代理.html	
维基	PH_ME流体库存升级	wiki.main	PH_ME流体库存升级.html	
维基	PH_ME物品库存升级	wiki.main	PH_ME物品库存升级.html	
维基	PH_ME覆盖板	wiki.main	PH_ME覆盖板.html	
维基	PH_ME超级箱	wiki.main	PH_ME超级箱.html	
维基	PH_ME超级缸	wiki.main	PH_ME超级缸.html	
维基	PH_P2P-ME二合一接口覆盖板	wiki.main	PH_P2P-ME二合一接口覆盖板.html	
维基	PH_P2P-ME接口覆盖板	wiki.main	PH_P2P-ME接口覆盖板.html	
维基	PH_P2P通道_-_分子装配	wiki.main	PH_P2P通道_-_分子装配.html	
维基	PH_二合一输入区映射镜像	wiki.main	PH_二合一输入区映射镜像.html	
维基	PH_二合一输入区映射镜像(ME)	wiki.main	PH_二合一输入区映射镜像(ME).html	
维基	PH_二合一输入镜像	wiki.main	PH_二合一输入镜像.html	
维基	PH_优先级过滤存储输入仓	wiki.main	PH_优先级过滤存储输入仓.html	
维基	PH_优先级过滤存储输入总线	wiki.main	PH_优先级过滤存储输入总线.html	
维基	PH_传感器卡片读卡器	wiki.main	PH_传感器卡片读卡器.html	
维基	PH_傀儡核心__维护	wiki.main	PH_傀儡核心__维护.html	
维基	PH_共享输入总线镜像覆盖板	wiki.main	PH_共享输入总线镜像覆盖板.html	
维基	PH_分子装配导管	wiki.main	PH_分子装配导管.html	
维基	PH_分子装配接口	wiki.main	PH_分子装配接口.html	
维基	PH_原材料缓存仓	wiki.main	PH_原材料缓存仓.html	
维基	PH_反应堆更新同步器	wiki.main	PH_反应堆更新同步器.html	
维基	PH_发信控制覆盖板	wiki.main	PH_发信控制覆盖板.html	
维基	PH_发信编码样板	wiki.main	PH_发信编码样板.html	
维基	PH_可编程二合一输入枢纽	wiki.main	PH_可编程二合一输入枢纽.html	
维基	PH_可编程仓室	wiki.main	PH_可编程仓室.html	
维基	PH_可编程仓室_输入仓详细数据	wiki.main	PH_可编程仓室_输入仓详细数据.html	
维基	PH_合成CPU	wiki.main	PH_合成CPU.html	
维基	PH_合成请求隧道	wiki.main	PH_合成请求隧道.html	
维基	PH_合成转储器	wiki.main	PH_合成转储器.html	
维基	PH_吝物输出总线	wiki.main	PH_吝物输出总线.html	
维基	PH_多电路输入总线	wiki.main	PH_多电路输入总线.html	
维基	PH_大型编程器电路提供器	wiki.main	PH_大型编程器电路提供器.html	
维基	PH_存储输出仓(ME)	wiki.main	PH_存储输出仓(ME).html	
维基	PH_存储输出总线(ME)	wiki.main	PH_存储输出总线(ME).html	
维基	PH_库存二合一输入仓(ME)	wiki.main	PH_库存二合一输入仓(ME).html	
维基	PH_循环样板提交器	wiki.main	PH_循环样板提交器.html	
维基	PH_提供器升级芯片	wiki.main	PH_提供器升级芯片.html	
维基	PH_提供器访问仓	wiki.main	PH_提供器访问仓.html	
维基	PH_数据访问仓(ME)	wiki.main	PH_数据访问仓(ME).html	
维基	PH_数量维持总线	wiki.main	PH_数量维持总线.html	
维基	PH_无线外设桥接卡	wiki.main	PH_无线外设桥接卡.html	
维基	PH_无线外设驱动站	wiki.main	PH_无线外设驱动站.html	
维基	PH_无线控制覆盖板	wiki.main	PH_无线控制覆盖板.html	
维基	PH_智能机械臂	wiki.main	PH_智能机械臂.html	
维基	PH_水提供器	wiki.main	PH_水提供器.html	
维基	PH_流体输入镜像	wiki.main	PH_流体输入镜像.html	
维基	PH_物品API卡	wiki.main	PH_物品API卡.html	
维基	PH_物品输入镜像	wiki.main	PH_物品输入镜像.html	
维基	PH_电力原料分配器	wiki.main	PH_电力原料分配器.html	
维基	PH_电路拓展	wiki.main	PH_电路拓展.html	
维基	PH_线传频道面板	wiki.main	PH_线传频道面板.html	
维基	PH_编程二合一输入仓	wiki.main	PH_编程二合一输入仓.html	
维基	PH_编程器电路	wiki.main	PH_编程器电路.html	
维基	PH_编程器电路提供器	wiki.main	PH_编程器电路提供器.html	
维基	PH_编程器覆盖板	wiki.main	PH_编程器覆盖板.html	
维基	PH_编程多流体二合一输入仓	wiki.main	PH_编程多流体二合一输入仓.html	
维基	PH_编程工具箱_MK.II	wiki.main	PH_编程工具箱_MK.II.html	
维基	PH_编程样板输入总成	wiki.main	PH_编程样板输入总成.html	
维基	PH_编程样板输入总成_MK.II	wiki.main	PH_编程样板输入总成_MK.II.html	
维基	PH_编程样板输入总线	wiki.main	PH_编程样板输入总线.html	
维基	PH_编程缓冲二合一输入仓	wiki.main	PH_编程缓冲二合一输入仓.html	
维基	PH_编程缓冲多流体二合一输入仓	wiki.main	PH_编程缓冲多流体二合一输入仓.html	
维基	PH_自动化催化剂仓(ME)	wiki.main	PH_自动化催化剂仓(ME).html	
维基	PH_自动化数据球仓	wiki.main	PH_自动化数据球仓.html	
维基	PH_自动化焦点输入总线(ME)	wiki.main	PH_自动化焦点输入总线(ME).html	
维基	PH_虚拟电路槽升级	wiki.main	PH_虚拟电路槽升级.html	
维基	PH_虚拟输入总线	wiki.main	PH_虚拟输入总线.html	
维基	PH_装配线诱骗存储输入仓	wiki.main	PH_装配线诱骗存储输入仓.html	
维基	PH_装配线诱骗存储输入总线	wiki.main	PH_装配线诱骗存储输入总线.html	
维基	PH_超级流体二合一输入仓	wiki.main	PH_超级流体二合一输入仓.html	
维基	PH_过滤输出总线	wiki.main	PH_过滤输出总线.html	
维基	PH_进阶库存二合一输入仓(ME)	wiki.main	PH_进阶库存二合一输入仓(ME).html	
维基	PH_进阶流体自动装填机	wiki.main	PH_进阶流体自动装填机.html	
维基	PH_进阶编程缓冲多流体二合一输入仓	wiki.main	PH_进阶编程缓冲多流体二合一输入仓.html	
维基	PH_远程输入仓	wiki.main	PH_远程输入仓.html	
维基	PH_远程输入总线	wiki.main	PH_远程输入总线.html	
维基	PH_销毁输出仓	wiki.main	PH_销毁输出仓.html	
维基	PH_销毁输出总线	wiki.main	PH_销毁输出总线.html	
维基	PH_镜像	wiki.main	PH_镜像.html	
维基	PH_限制存储输入仓	wiki.main	PH_限制存储输入仓.html	
维基	PH_限制存储输入总线	wiki.main	PH_限制存储输入总线.html	
维基	PH_预构电路提供器	wiki.main	PH_预构电路提供器.html	
维基	PH中和净化单元	wiki.main	PH中和净化单元.html	
维基	PH传感器仓	wiki.main	PH传感器仓.html	
维基	PPS	wiki.main	PPS.html	
维基	PS	wiki.main	PS.html	
维基	PTFE	wiki.main	PTFE.html	
维基	PTMEG橡胶	wiki.main	PTMEG橡胶.html	
维基	PTMEG橡胶粗胚	wiki.main	PTMEG橡胶粗胚.html	
维基	PVC	wiki.main	PVC.html	
维基	Pa	wiki.main	Pa.html	
维基	Pannus	wiki.main	Pannus.html	
维基	Paratranz	wiki.main	Paratranz.html	
维基	Pb	wiki.main	Pb.html	
维基	Pd	wiki.main	Pd.html	
维基	Perditio	wiki.main	Perditio.html	
维基	Perfodio	wiki.main	Perfodio.html	
维基	Permutatio	wiki.main	Permutatio.html	
维基	Ph	wiki.main	Ph.html	
维基	Piko电路	wiki.main	Piko电路.html	
维基	Pm	wiki.main	Pm.html	
维基	Po	wiki.main	Po.html	
维基	Potentia	wiki.main	Potentia.html	
维基	Pr	wiki.main	Pr.html	
维基	Praecantatio	wiki.main	Praecantatio.html	
维基	Primordium	wiki.main	Primordium.html	
维基	Pt	wiki.main	Pt.html	
维基	Pu-238	wiki.main	Pu-238.html	
维基	Pu-239	wiki.main	Pu-239.html	
维基	Pu-241	wiki.main	Pu-241.html	
维基	QED	wiki.main	QED.html	
维基	QED（量子实体设备Quantum_Entity_Device）	wiki.main	QED（量子实体设备Quantum_Entity_Device）.html	
维基	QFT	wiki.main	QFT.html	
维基	QoS加权网络交换机	wiki.main	QoS加权网络交换机.html	
维基	QoS网络交换机	wiki.main	QoS网络交换机.html	
维基	QoS静态网络交换机	wiki.main	QoS静态网络交换机.html	
维基	Qos	wiki.main	Qos.html	
维基	Quest0	wiki.main	Quest0.html	
维基	Quest1	wiki.main	Quest1.html	
维基	Quest1204	wiki.main	Quest1204.html	
维基	Quest1500	wiki.main	Quest1500.html	
维基	Quest1501	wiki.main	Quest1501.html	
维基	Quest1834	wiki.main	Quest1834.html	
维基	Quest2	wiki.main	Quest2.html	
维基	RAM芯片（晶圆）	wiki.main	RAM芯片（晶圆）.html	
维基	RC锅炉	wiki.main	RC锅炉.html	
维基	RF星门能量单元	wiki.main	RF星门能量单元.html	
维基	RF能量转输芯片	wiki.main	RF能量转输芯片.html	
维基	RP-1火箭燃料	wiki.main	RP-1火箭燃料.html	
维基	RS锁存器	wiki.main	RS锁存器.html	
维基	Ra	wiki.main	Ra.html	
维基	Radio	wiki.main	Radio.html	
维基	Railcraft	wiki.main	Railcraft.html	
维基	Rb	wiki.main	Rb.html	
维基	Re	wiki.main	Re.html	
维基	RecipeCalculator_中子	wiki.main	RecipeCalculator_中子.html	
维基	Remote_IO	wiki.main	Remote_IO.html	
维基	Rh	wiki.main	Rh.html	
维基	Rn	wiki.main	Rn.html	
维基	Ru	wiki.main	Ru.html	
维基	S	wiki.main	S.html	
维基	SAG磨粉机	wiki.main	SAG磨粉机.html	
维基	SSASS	wiki.main	SSASS.html	
维基	Sano	wiki.main	Sano.html	
维基	Sb	wiki.main	Sb.html	
维基	Sc	wiki.main	Sc.html	
维基	Schematica	wiki.main	Schematica.html	
维基	Se	wiki.main	Se.html	
维基	Sensus	wiki.main	Sensus.html	
维基	ServerUtilities	wiki.main	ServerUtilities.html	
维基	Sfm	wiki.main	Sfm.html	
维基	Si	wiki.main	Si.html	
维基	Sm	wiki.main	Sm.html	
维基	Sn	wiki.main	Sn.html	
维基	SoC晶圆	wiki.main	SoC晶圆.html	
维基	Spinmatron-2737	wiki.main	Spinmatron-2737.html	
维基	Spiritus	wiki.main	Spiritus.html	
维基	Sr	wiki.main	Sr.html	
维基	Strontio	wiki.main	Strontio.html	
维基	Su	wiki.main	Su.html	
维基	Superbia	wiki.main	Superbia.html	
维基	T.F.F.T	wiki.main	T.F.F.T.html	
维基	T.F.F.T多重输入_输出仓	wiki.main	T.F.F.T多重输入_输出仓.html	
维基	T1_月球	wiki.main	T1_月球.html	
维基	T2_火卫一	wiki.main	T2_火卫一.html	
维基	T2_火卫二	wiki.main	T2_火卫二.html	
维基	T2_火星	wiki.main	T2_火星.html	
维基	T3_木卫二	wiki.main	T3_木卫二.html	
维基	T3_木卫四	wiki.main	T3_木卫四.html	
维基	T3_罗斯128b	wiki.main	T3_罗斯128b.html	
维基	T3加速处理器（APU）	wiki.main	T3加速处理器（APU）.html	
维基	T4_木卫一	wiki.main	T4_木卫一.html	
维基	T4_金星	wiki.main	T4_金星.html	
维基	T4纳米锻炉自动化	wiki.main	T4纳米锻炉自动化.html	
维基	T5_天卫五	wiki.main	T5_天卫五.html	
维基	T5_天卫四	wiki.main	T5_天卫四.html	
维基	T5_罗斯128ba	wiki.main	T5_罗斯128ba.html	
维基	T6_海卫一	wiki.main	T6_海卫一.html	
维基	T7_冥王星	wiki.main	T7_冥王星.html	
维基	T7_妊神星	wiki.main	T7_妊神星.html	
维基	T7_鸟神星	wiki.main	T7_鸟神星.html	
维基	T8_半人马Bb	wiki.main	T8_半人马Bb.html	
维基	T8_巴纳德C	wiki.main	T8_巴纳德C.html	
维基	T8_巴纳德E	wiki.main	T8_巴纳德E.html	
维基	T8_巴纳德F	wiki.main	T8_巴纳德F.html	
维基	T8_织女B	wiki.main	T8_织女B.html	
维基	T8_织女一B	wiki.main	T8_织女一B.html	
维基	T8_鲸鱼座T星E	wiki.main	T8_鲸鱼座T星E.html	
维基	T9_迈罕带	wiki.main	T9_迈罕带.html	
维基	TFFT	wiki.main	TFFT.html	
维基	TNT	wiki.main	TNT.html	
维基	TPS优化	wiki.main	TPS优化.html	
维基	TST	wiki.main	TST.html	
维基	TST_PULSAR_-_非紧凑式回旋加速器	wiki.main	TST_PULSAR_-_非紧凑式回旋加速器.html	
维基	TST_TST仓室	wiki.main	TST_TST仓室.html	
维基	TST_TST处理阵列	wiki.main	TST_TST处理阵列.html	
维基	TST_TST超净间	wiki.main	TST_TST超净间.html	
维基	TST__小型_家用破壁机	wiki.main	TST__小型_家用破壁机.html	
维基	TST__小型_磁力搅拌机	wiki.main	TST__小型_磁力搅拌机.html	
维基	TST_不可视之触	wiki.main	TST_不可视之触.html	
维基	TST_丝之歌	wiki.main	TST_丝之歌.html	
维基	TST_人类能源设施的核心装置	wiki.main	TST_人类能源设施的核心装置.html	
维基	TST_人造恒星	wiki.main	TST_人造恒星.html	
维基	TST_分子解构器	wiki.main	TST_分子解构器.html	
维基	TST_加工中心	wiki.main	TST_加工中心.html	
维基	TST_地狱接口	wiki.main	TST_地狱接口.html	
维基	TST_大哥阵列	wiki.main	TST_大哥阵列.html	
维基	TST_大型工业炼焦厂	wiki.main	TST_大型工业炼焦厂.html	
维基	TST_大型蒸汽合金炉	wiki.main	TST_大型蒸汽合金炉.html	
维基	TST_大型蒸汽锻造锤	wiki.main	TST_大型蒸汽锻造锤.html	
维基	TST_大型装罐机	wiki.main	TST_大型装罐机.html	
维基	TST_奇迹之门	wiki.main	TST_奇迹之门.html	
维基	TST_奇迹顶点	wiki.main	TST_奇迹顶点.html	
维基	TST_展开的纳米核心	wiki.main	TST_展开的纳米核心.html	
维基	TST_工业电磁离析机	wiki.main	TST_工业电磁离析机.html	
维基	TST_巨型砖高炉	wiki.main	TST_巨型砖高炉.html	
维基	TST_戴森球射线接收站	wiki.main	TST_戴森球射线接收站.html	
维基	TST_戴森球模块发射场	wiki.main	TST_戴森球模块发射场.html	
维基	TST_扭曲空间科技	wiki.main	TST_扭曲空间科技.html	
维基	TST_拟似生态圈	wiki.main	TST_拟似生态圈.html	
维基	TST_拾荒者	wiki.main	TST_拾荒者.html	
维基	TST_无限晶胞	wiki.main	TST_无限晶胞.html	
维基	TST_星核钻机	wiki.main	TST_星核钻机.html	
维基	TST_星规阵列	wiki.main	TST_星规阵列.html	
维基	TST_梦魇工业合成中心	wiki.main	TST_梦魇工业合成中心.html	
维基	TST_武德之眼	wiki.main	TST_武德之眼.html	
维基	TST_注魔分配器	wiki.main	TST_注魔分配器.html	
维基	TST_深度化学扭曲仪	wiki.main	TST_深度化学扭曲仪.html	
维基	TST_热能饕餮	wiki.main	TST_热能饕餮.html	
维基	TST_熯焱高炉	wiki.main	TST_熯焱高炉.html	
维基	TST_物质形态转换器	wiki.main	TST_物质形态转换器.html	
维基	TST_球状闪电	wiki.main	TST_球状闪电.html	
维基	TST_生物圈III号	wiki.main	TST_生物圈III号.html	
维基	TST_真空抽滤器	wiki.main	TST_真空抽滤器.html	
维基	TST_磁畴构建器	wiki.main	TST_磁畴构建器.html	
维基	TST_磁驱压力成型机	wiki.main	TST_磁驱压力成型机.html	
维基	TST_神圣分离者	wiki.main	TST_神圣分离者.html	
维基	TST_空间缩放仪	wiki.main	TST_空间缩放仪.html	
维基	TST_穿云尖塔	wiki.main	TST_穿云尖塔.html	
维基	TST_精密高能光量子掌控者	wiki.main	TST_精密高能光量子掌控者.html	
维基	TST_蜜蜂操纵者_(Prototype)	wiki.main	TST_蜜蜂操纵者_(Prototype).html	
维基	TST_赫菲斯托斯的工坊	wiki.main	TST_赫菲斯托斯的工坊.html	
维基	TST_进阶巨型石油裂化机	wiki.main	TST_进阶巨型石油裂化机.html	
维基	TST_进阶电路装配线	wiki.main	TST_进阶电路装配线.html	
维基	TST_通用发电机	wiki.main	TST_通用发电机.html	
维基	TST_通用电路板转换器	wiki.main	TST_通用电路板转换器.html	
维基	TST_通用矿物处理厂TST	wiki.main	TST_通用矿物处理厂TST.html	
维基	TST_闪电尖塔	wiki.main	TST_闪电尖塔.html	
维基	TST_集成装配矩阵	wiki.main	TST_集成装配矩阵.html	
维基	TST仓室	wiki.main	TST仓室.html	
维基	TST闪电尖塔自动化	wiki.main	TST闪电尖塔自动化.html	
维基	Ta	wiki.main	Ta.html	
维基	Tabernus	wiki.main	Tabernus.html	
维基	Tb	wiki.main	Tb.html	
维基	Tc	wiki.main	Tc.html	
维基	Te	wiki.main	Te.html	
维基	TecTech	wiki.main	TecTech.html	
维基	Telum	wiki.main	Telum.html	
维基	Tempestas	wiki.main	Tempestas.html	
维基	Tempus	wiki.main	Tempus.html	
维基	Tenebrae	wiki.main	Tenebrae.html	
维基	Terminus	wiki.main	Terminus.html	
维基	Terra	wiki.main	Terra.html	
维基	Th	wiki.main	Th.html	
维基	Ti	wiki.main	Ti.html	
维基	Tl	wiki.main	Tl.html	
维基	Tm	wiki.main	Tm.html	
维基	Tutamen	wiki.main	Tutamen.html	
维基	Twist_Space_Technology	wiki.main	Twist_Space_Technology.html	
维基	T触发器	wiki.main	T触发器.html	
维基	U-232	wiki.main	U-232.html	
维基	U-233	wiki.main	U-233.html	
维基	U-235	wiki.main	U-235.html	
维基	U-238	wiki.main	U-238.html	
维基	UEV	wiki.main	UEV.html	
维基	UEV中子加速器	wiki.main	UEV中子加速器.html	
维基	UEV变压器	wiki.main	UEV变压器.html	
维基	UEV机器外壳	wiki.main	UEV机器外壳.html	
维基	UEV机械方块	wiki.main	UEV机械方块.html	
维基	UEV级电路板	wiki.main	UEV级电路板.html	
维基	UEV超导导线	wiki.main	UEV超导导线.html	
维基	UEV超导粗胚	wiki.main	UEV超导粗胚.html	
维基	UEV阶段	wiki.main	UEV阶段.html	
维基	UEV高电流变压器	wiki.main	UEV高电流变压器.html	
维基	UEV高能变压器	wiki.main	UEV高能变压器.html	
维基	UHV	wiki.main	UHV.html	
维基	UHV中子加速器	wiki.main	UHV中子加速器.html	
维基	UHV变压器	wiki.main	UHV变压器.html	
维基	UHV机器外壳	wiki.main	UHV机器外壳.html	
维基	UHV机械方块	wiki.main	UHV机械方块.html	
维基	UHV级电路板	wiki.main	UHV级电路板.html	
维基	UHV超导导线	wiki.main	UHV超导导线.html	
维基	UHV超导粗胚	wiki.main	UHV超导粗胚.html	
维基	UHV阶段	wiki.main	UHV阶段.html	
维基	UHV高电流变压器	wiki.main	UHV高电流变压器.html	
维基	UHV高能变压器	wiki.main	UHV高能变压器.html	
维基	UIV	wiki.main	UIV.html	
维基	UIV中子加速器	wiki.main	UIV中子加速器.html	
维基	UIV变压器	wiki.main	UIV变压器.html	
维基	UIV机器外壳	wiki.main	UIV机器外壳.html	
维基	UIV机械方块	wiki.main	UIV机械方块.html	
维基	UIV级电路板	wiki.main	UIV级电路板.html	
维基	UIV能源仓	wiki.main	UIV能源仓.html	
维基	UIV超导导线	wiki.main	UIV超导导线.html	
维基	UIV超导粗胚	wiki.main	UIV超导粗胚.html	
维基	UIV阶段	wiki.main	UIV阶段.html	
维基	UIV高电流变压器	wiki.main	UIV高电流变压器.html	
维基	UIV高能变压器	wiki.main	UIV高能变压器.html	
维基	ULV	wiki.main	ULV.html	
维基	ULV中子加速器	wiki.main	ULV中子加速器.html	
维基	ULV变压器	wiki.main	ULV变压器.html	
维基	ULV机器外壳	wiki.main	ULV机器外壳.html	
维基	ULV机械方块	wiki.main	ULV机械方块.html	
维基	ULV级电路板	wiki.main	ULV级电路板.html	
维基	ULV能源仓	wiki.main	ULV能源仓.html	
维基	ULV高电流变压器	wiki.main	ULV高电流变压器.html	
维基	ULV高能变压器	wiki.main	ULV高能变压器.html	
维基	UMV	wiki.main	UMV.html	
维基	UMV中子加速器	wiki.main	UMV中子加速器.html	
维基	UMV变压器	wiki.main	UMV变压器.html	
维基	UMV机器外壳	wiki.main	UMV机器外壳.html	
维基	UMV机械方块	wiki.main	UMV机械方块.html	
维基	UMV级电路板	wiki.main	UMV级电路板.html	
维基	UMV超导导线	wiki.main	UMV超导导线.html	
维基	UMV超导粗胚	wiki.main	UMV超导粗胚.html	
维基	UMV阶段	wiki.main	UMV阶段.html	
维基	UMV高电流变压器	wiki.main	UMV高电流变压器.html	
维基	UMV高能变压器	wiki.main	UMV高能变压器.html	
维基	UU增幅液体	wiki.main	UU增幅液体.html	
维基	UU增幅液生产器	wiki.main	UU增幅液生产器.html	
维基	UU物质	wiki.main	UU物质.html	
维基	UV	wiki.main	UV.html	
维基	UV中子加速器	wiki.main	UV中子加速器.html	
维基	UV变压器	wiki.main	UV变压器.html	
维基	UV微波能量发射机	wiki.main	UV微波能量发射机.html	
维基	UV机器外壳	wiki.main	UV机器外壳.html	
维基	UV机械方块	wiki.main	UV机械方块.html	
维基	UV级电路板	wiki.main	UV级电路板.html	
维基	UV超导导线	wiki.main	UV超导导线.html	
维基	UV超导粗胚	wiki.main	UV超导粗胚.html	
维基	UV阶段	wiki.main	UV阶段.html	
维基	UV高电流变压器	wiki.main	UV高电流变压器.html	
维基	UV高能变压器	wiki.main	UV高能变压器.html	
维基	UXV	wiki.main	UXV.html	
维基	UXV_16,777,216A_t_激光源仓	wiki.main	UXV_16,777,216A_t_激光源仓.html	
维基	UXV变压器	wiki.main	UXV变压器.html	
维基	UXV机器外壳	wiki.main	UXV机器外壳.html	
维基	UXV机械方块	wiki.main	UXV机械方块.html	
维基	UXV级电路板	wiki.main	UXV级电路板.html	
维基	UXV能源仓	wiki.main	UXV能源仓.html	
维基	UXV阶段	wiki.main	UXV阶段.html	
维基	UXV高电流变压器	wiki.main	UXV高电流变压器.html	
维基	UXV高能变压器	wiki.main	UXV高能变压器.html	
维基	V	wiki.main	V.html	
维基	Vacuos	wiki.main	Vacuos.html	
维基	Venenum	wiki.main	Venenum.html	
维基	Vesania	wiki.main	Vesania.html	
维基	Victus	wiki.main	Victus.html	
维基	Vinculum	wiki.main	Vinculum.html	
维基	Vis自动维护仓	wiki.main	Vis自动维护仓.html	
维基	Vitium	wiki.main	Vitium.html	
维基	Vitreus	wiki.main	Vitreus.html	
维基	Volatus	wiki.main	Volatus.html	
维基	W	wiki.main	W.html	
维基	WAILA	wiki.main	WAILA.html	
维基	W玻色子_(W⁺)	wiki.main	W玻色子_(W⁺).html	
维基	W玻色子_(W⁻)	wiki.main	W玻色子_(W⁻).html	
维基	W玻色子（W⁺）	wiki.main	W玻色子（W⁺）.html	
维基	Xe	wiki.main	Xe.html	
维基	Xingzhen	wiki.main	Xingzhen.html	
维基	Y	wiki.main	Y.html	
维基	YOTTank	wiki.main	YOTTank.html	
维基	YOT仓	wiki.main	YOT仓.html	
维基	YOT储罐	wiki.main	YOT储罐.html	
维基	Yb	wiki.main	Yb.html	
维基	Y粒子_(Υ)	wiki.main	Y粒子_(Υ).html	
维基	ZPM	wiki.main	ZPM.html	
维基	ZPM中子加速器	wiki.main	ZPM中子加速器.html	
维基	ZPM变压器	wiki.main	ZPM变压器.html	
维基	ZPM微波能量发射机	wiki.main	ZPM微波能量发射机.html	
维基	ZPM机器外壳	wiki.main	ZPM机器外壳.html	
维基	ZPM机械方块	wiki.main	ZPM机械方块.html	
维基	ZPM级电路板	wiki.main	ZPM级电路板.html	
维基	ZPM超导导线	wiki.main	ZPM超导导线.html	
维基	ZPM超导粗胚	wiki.main	ZPM超导粗胚.html	
维基	ZPM阶段	wiki.main	ZPM阶段.html	
维基	ZPM高电流变压器	wiki.main	ZPM高电流变压器.html	
维基	ZPM高能变压器	wiki.main	ZPM高能变压器.html	
维基	Zn	wiki.main	Zn.html	
维基	Zr	wiki.main	Zr.html	
维基	Z玻色子_(Z⁰)	wiki.main	Z玻色子_(Z⁰).html	
维基	Α粒子_(α)	wiki.main	Α粒子_(α).html	
维基	Γ-丁内酯	wiki.main	Γ-丁内酯.html	
维基	Η介子_(η)	wiki.main	Η介子_(η).html	
维基	Λ粒子	wiki.main	Λ粒子.html	
维基	Λ粒子_(Λ_⁰)	wiki.main	Λ粒子_(Λ_⁰).html	
维基	Μ合金	wiki.main	Μ合金.html	
维基	Μ子	wiki.main	Μ子.html	
维基	Μ子_(μ_⁻)	wiki.main	Μ子_(μ_⁻).html	
维基	Μ子中微子_(ν_μ)	wiki.main	Μ子中微子_(ν_μ).html	
维基	Τ子	wiki.main	Τ子.html	
维基	Τ子_(τ_⁻)	wiki.main	Τ子_(τ_⁻).html	
维基	Τ子中微子_(ν_τ)	wiki.main	Τ子中微子_(ν_τ).html	
维基	Ω粒子	wiki.main	Ω粒子.html	
维基	Ω粒子_(Ω_⁻)	wiki.main	Ω粒子_(Ω_⁻).html	
维基	…摆脱死亡	wiki.main	…摆脱死亡.html	
维基	一氧化二氮	wiki.main	一氧化二氮.html	
维基	一氧化氮	wiki.main	一氧化氮.html	
维基	一氧化碳	wiki.main	一氧化碳.html	
维基	一氯乙酸	wiki.main	一氯乙酸.html	
维基	一种基于EnderIO和覆盖版的简易不停堆换冷核电方案	wiki.main	一种基于EnderIO和覆盖版的简易不停堆换冷核电方案.html	
维基	一种基于OC的自动AE库存维持器	wiki.main	一种基于OC的自动AE库存维持器.html	
维基	一篇神奇的未来科技风建筑教学？	wiki.main	一篇神奇的未来科技风建筑教学？.html	
维基	一级净化水	wiki.main	一级净化水.html	
维基	一级水线	wiki.main	一级水线.html	
维基	一般扭曲	wiki.main	一般扭曲.html	
维基	丁二烯	wiki.main	丁二烯.html	
维基	丁烯	wiki.main	丁烯.html	
维基	丁烷	wiki.main	丁烷.html	
维基	丁苯橡胶	wiki.main	丁苯橡胶.html	
维基	丁苯橡胶片	wiki.main	丁苯橡胶片.html	
维基	丁苯橡胶（SBR）	wiki.main	丁苯橡胶（SBR）.html	
维基	丁醇	wiki.main	丁醇.html	
维基	丁醛	wiki.main	丁醛.html	
维基	七级净化水	wiki.main	七级净化水.html	
维基	七级水线	wiki.main	七级水线.html	
维基	万用无尽注能玻璃	wiki.main	万用无尽注能玻璃.html	
维基	三元硅岩合金	wiki.main	三元硅岩合金.html	
维基	三元金属	wiki.main	三元金属.html	
维基	三元金属线圈	wiki.main	三元金属线圈.html	
维基	三元金属线圈方块	wiki.main	三元金属线圈方块.html	
维基	三元钛合金	wiki.main	三元钛合金.html	
维基	三录仪	wiki.main	三录仪.html	
维基	三氟化钛	wiki.main	三氟化钛.html	
维基	三氧化二锑	wiki.main	三氧化二锑.html	
维基	三氧化硫	wiki.main	三氧化硫.html	
维基	三氧化硼	wiki.main	三氧化硼.html	
维基	三氧化钨	wiki.main	三氧化钨.html	
维基	三氧化钼	wiki.main	三氧化钼.html	
维基	三氧化铬	wiki.main	三氧化铬.html	
维基	三氯乙酸	wiki.main	三氯乙酸.html	
维基	三氯化硼	wiki.main	三氯化硼.html	
维基	三氯化磷	wiki.main	三氯化磷.html	
维基	三氯化铁	wiki.main	三氯化铁.html	
维基	三氯化锑溶液	wiki.main	三氯化锑溶液.html	
维基	三氯硅烷	wiki.main	三氯硅烷.html	
维基	三甲胺	wiki.main	三甲胺.html	
维基	三级净化水	wiki.main	三级净化水.html	
维基	三级水线	wiki.main	三级水线.html	
维基	三苯基膦	wiki.main	三苯基膦.html	
维基	三钛	wiki.main	三钛.html	
维基	三钛电极	wiki.main	三钛电极.html	
维基	下单	wiki.main	下单.html	
维基	下单产线	wiki.main	下单产线.html	
维基	下沉	wiki.main	下沉.html	
维基	下界	wiki.main	下界.html	
维基	下界之星	wiki.main	下界之星.html	
维基	下界合金	wiki.main	下界合金.html	
维基	下界合金桶	wiki.main	下界合金桶.html	
维基	下界合金电极	wiki.main	下界合金电极.html	
维基	下界合金碎片	wiki.main	下界合金碎片.html	
维基	下界合金线	wiki.main	下界合金线.html	
维基	下界熔炉	wiki.main	下界熔炉.html	
维基	下界石英	wiki.main	下界石英.html	
维基	下界石英切割刀	wiki.main	下界石英切割刀.html	
维基	下界石英扳手	wiki.main	下界石英扳手.html	
维基	下界空气	wiki.main	下界空气.html	
维基	不上天挑战	wiki.main	不上天挑战.html	
维基	不合身	wiki.main	不合身.html	
维基	不明液体	wiki.main	不明液体.html	
维基	不死图腾电容	wiki.main	不死图腾电容.html	
维基	不流动的废水	wiki.main	不流动的废水.html	
维基	不稳定	wiki.main	不稳定.html	
维基	不稳定金属	wiki.main	不稳定金属.html	
维基	不稳定金属方块	wiki.main	不稳定金属方块.html	
维基	不锈钢	wiki.main	不锈钢.html	
维基	不错的集成电路	wiki.main	不错的集成电路.html	
维基	与门	wiki.main	与门.html	
维基	世界加速器	wiki.main	世界加速器.html	
维基	世界崩解之镐	wiki.main	世界崩解之镐.html	
维基	世界探索	wiki.main	世界探索.html	
维基	丙烯	wiki.main	丙烯.html	
维基	丙烷	wiki.main	丙烷.html	
维基	丙酮	wiki.main	丙酮.html	
维基	丙酸	wiki.main	丙酸.html	
维基	两极磁化机	wiki.main	两极磁化机.html	
维基	两栖视觉	wiki.main	两栖视觉.html	
维基	个人纳米治疗加速器	wiki.main	个人纳米治疗加速器.html	
维基	中压合成表过滤器	wiki.main	中压合成表过滤器.html	
维基	中压时代	wiki.main	中压时代.html	
维基	中压校准器	wiki.main	中压校准器.html	
维基	中压流体储罐	wiki.main	中压流体储罐.html	
维基	中压涡轮充电器	wiki.main	中压涡轮充电器.html	
维基	中压物品分配器	wiki.main	中压物品分配器.html	
维基	中压物品过滤器	wiki.main	中压物品过滤器.html	
维基	中压电池充电器	wiki.main	中压电池充电器.html	
维基	中压类型过滤器	wiki.main	中压类型过滤器.html	
维基	中压缓存器	wiki.main	中压缓存器.html	
维基	中压能量缓冲器	wiki.main	中压能量缓冲器.html	
维基	中压超级缓存器	wiki.main	中压超级缓存器.html	
维基	中和独居石稀土滤渣	wiki.main	中和独居石稀土滤渣.html	
维基	中和铀滤渣	wiki.main	中和铀滤渣.html	
维基	中央处理器（晶圆）	wiki.main	中央处理器（晶圆）.html	
维基	中子	wiki.main	中子.html	
维基	中子_(n⁰)	wiki.main	中子_(n⁰).html	
维基	中子传感器	wiki.main	中子传感器.html	
维基	中子加速器	wiki.main	中子加速器.html	
维基	中子强化硼玻璃方块	wiki.main	中子强化硼玻璃方块.html	
维基	中子态素压缩机	wiki.main	中子态素压缩机.html	
维基	中子活化器	wiki.main	中子活化器.html	
维基	中子纳米蜂群电极	wiki.main	中子纳米蜂群电极.html	
维基	中子能源元件	wiki.main	中子能源元件.html	
维基	中子能源锚	wiki.main	中子能源锚.html	
维基	中子计算器	wiki.main	中子计算器.html	
维基	中子锭	wiki.main	中子锭.html	
维基	中毒	wiki.main	中毒.html	
维基	中立合金	wiki.main	中立合金.html	
维基	中级污染清洗机	wiki.main	中级污染清洗机.html	
维基	中继器	wiki.main	中继器.html	
维基	中阶动能发电机	wiki.main	中阶动能发电机.html	
维基	中阶水力动能发生机	wiki.main	中阶水力动能发生机.html	
维基	中阶风力动能发生机	wiki.main	中阶风力动能发生机.html	
维基	临时扭曲	wiki.main	临时扭曲.html	
维基	丹哥	wiki.main	丹哥.html	
维基	丹格特蒸馏厂	wiki.main	丹格特蒸馏厂.html	
维基	丹格特蒸馏厂_2.8.4	wiki.main	丹格特蒸馏厂_2.8.4.html	
维基	主世界	wiki.main	主世界.html	
维基	主机	wiki.main	主机.html	
维基	主机方块	wiki.main	主机方块.html	
维基	主线外的实用道具	wiki.main	主线外的实用道具.html	
维基	主要开发者列表	wiki.main	主要开发者列表.html	
维基	久辉铜	wiki.main	久辉铜.html	
维基	乙二醇	wiki.main	乙二醇.html	
维基	乙基黄原酸钠	wiki.main	乙基黄原酸钠.html	
维基	乙基黄原酸钾	wiki.main	乙基黄原酸钾.html	
维基	乙炔	wiki.main	乙炔.html	
维基	乙烯	wiki.main	乙烯.html	
维基	乙烯酮	wiki.main	乙烯酮.html	
维基	乙烷	wiki.main	乙烷.html	
维基	乙苯	wiki.main	乙苯.html	
维基	乙酸	wiki.main	乙酸.html	
维基	乙酸乙烯酯	wiki.main	乙酸乙烯酯.html	
维基	乙酸甲酯	wiki.main	乙酸甲酯.html	
维基	乙酸酐	wiki.main	乙酸酐.html	
维基	乙酸钙溶液	wiki.main	乙酸钙溶液.html	
维基	乙酸钴	wiki.main	乙酸钴.html	
维基	乙醇	wiki.main	乙醇.html	
维基	乙醇汽油	wiki.main	乙醇汽油.html	
维基	乙醚	wiki.main	乙醚.html	
维基	乙醛	wiki.main	乙醛.html	
维基	九合一	wiki.main	九合一.html	
维基	二乙胺	wiki.main	二乙胺.html	
维基	二极管	wiki.main	二极管.html	
维基	二段跳	wiki.main	二段跳.html	
维基	二氧化氮	wiki.main	二氧化氮.html	
维基	二氧化硅	wiki.main	二氧化硅.html	
维基	二氧化硒	wiki.main	二氧化硒.html	
维基	二氧化硫	wiki.main	二氧化硫.html	
维基	二氧化碳	wiki.main	二氧化碳.html	
维基	二氧化铈	wiki.main	二氧化铈.html	
维基	二氧化铬	wiki.main	二氧化铬.html	
维基	二氧化铱	wiki.main	二氧化铱.html	
维基	二氨基二苯甲烷混合物	wiki.main	二氨基二苯甲烷混合物.html	
维基	二氨基甲苯	wiki.main	二氨基甲苯.html	
维基	二氯乙酸	wiki.main	二氯乙酸.html	
维基	二氯化硫	wiki.main	二氯化硫.html	
维基	二氯硅烷	wiki.main	二氯硅烷.html	
维基	二甲基氯硅烷	wiki.main	二甲基氯硅烷.html	
维基	二甲胺	wiki.main	二甲胺.html	
维基	二硅化钙	wiki.main	二硅化钙.html	
维基	二硝基甲苯	wiki.main	二硝基甲苯.html	
维基	二级冷却塔	wiki.main	二级冷却塔.html	
维基	二级净化水	wiki.main	二级净化水.html	
维基	二级水冷塔	wiki.main	二级水冷塔.html	
维基	二级水线	wiki.main	二级水线.html	
维基	二苯基甲烷二异氰酸酯混合物	wiki.main	二苯基甲烷二异氰酸酯混合物.html	
维基	二茂铁	wiki.main	二茂铁.html	
维基	二茂铁废水	wiki.main	二茂铁废水.html	
维基	二茂铁溶液	wiki.main	二茂铁溶液.html	
维基	二阶冷却塔	wiki.main	二阶冷却塔.html	
维基	二阶水冷塔	wiki.main	二阶水冷塔.html	
维基	云母	wiki.main	云母.html	
维基	云算力数据客户仓	wiki.main	云算力数据客户仓.html	
维基	云算力数据服务仓	wiki.main	云算力数据服务仓.html	
维基	五氟化锑	wiki.main	五氟化锑.html	
维基	五氟化锑溶液	wiki.main	五氟化锑溶液.html	
维基	五氧化二磷	wiki.main	五氧化二磷.html	
维基	五氧化二钒	wiki.main	五氧化二钒.html	
维基	五氯化锑	wiki.main	五氯化锑.html	
维基	五氯化锑溶液	wiki.main	五氯化锑溶液.html	
维基	五水合硫酸铜(II)	wiki.main	五水合硫酸铜(II).html	
维基	五级净化水	wiki.main	五级净化水.html	
维基	五级水线	wiki.main	五级水线.html	
维基	亚硒酸	wiki.main	亚硒酸.html	
维基	亚稳态黑洞遏制场	wiki.main	亚稳态黑洞遏制场.html	
维基	亚稳态黑洞遏制场自动化	wiki.main	亚稳态黑洞遏制场自动化.html	
维基	亚稳态黑洞遏制场自动化_历史	wiki.main	亚稳态黑洞遏制场自动化_历史.html	
维基	亚稳态黑洞遏制场自动维持教程	wiki.main	亚稳态黑洞遏制场自动维持教程.html	
维基	亚稳态黑洞遏制者	wiki.main	亚稳态黑洞遏制者.html	
维基	亚稳态鿫	wiki.main	亚稳态鿫.html	
维基	亚马逊仓库	wiki.main	亚马逊仓库.html	
维基	亚马逊仓库_2.8.4	wiki.main	亚马逊仓库_2.8.4.html	
维基	亚麻籽油	wiki.main	亚麻籽油.html	
维基	产线	wiki.main	产线.html	
维基	产能花	wiki.main	产能花.html	
维基	人来疯（蜂）	wiki.main	人来疯（蜂）.html	
维基	人造僵尸发电机	wiki.main	人造僵尸发电机.html	
维基	人造宇宙ME存储元件	wiki.main	人造宇宙ME存储元件.html	
维基	人造精灵门	wiki.main	人造精灵门.html	
维基	亿级高辛烷值汽油产线	wiki.main	亿级高辛烷值汽油产线.html	
维基	仄米功率IC	wiki.main	仄米功率IC.html	
维基	仄米功率IC晶圆	wiki.main	仄米功率IC晶圆.html	
维基	仅用覆盖板与流体P2P的反物质锻炉自动化	wiki.main	仅用覆盖板与流体P2P的反物质锻炉自动化.html	
维基	仓储系统	wiki.main	仓储系统.html	
维基	仓室	wiki.main	仓室.html	
维基	仓室最大化利用	wiki.main	仓室最大化利用.html	
维基	付出最高的代价	wiki.main	付出最高的代价.html	
维基	代码风格	wiki.main	代码风格.html	
维基	以太扳手	wiki.main	以太扳手.html	
维基	任务	wiki.main	任务.html	
维基	任务_【0】你的第一个夜晚	wiki.main	任务_【0】你的第一个夜晚.html	
维基	任务_【1204】合成时间	wiki.main	任务_【1204】合成时间.html	
维基	任务_【1500】更好的任务	wiki.main	任务_【1500】更好的任务.html	
维基	任务_【1501】备份你的存档	wiki.main	任务_【1501】备份你的存档.html	
维基	任务_【1834】蘑菇岛？为什么有这么多蘑菇岛	wiki.main	任务_【1834】蘑菇岛？为什么有这么多蘑菇岛.html	
维基	任务_【1】燧石在哪儿？	wiki.main	任务_【1】燧石在哪儿？.html	
维基	任务_【2】木棍与石头	wiki.main	任务_【2】木棍与石头.html	
维基	任务书	wiki.main	任务书.html	
维基	任意EV电路板	wiki.main	任意EV电路板.html	
维基	任意HV电路板	wiki.main	任意HV电路板.html	
维基	任意IV电路板	wiki.main	任意IV电路板.html	
维基	任意LV电路板	wiki.main	任意LV电路板.html	
维基	任意LuV电路板	wiki.main	任意LuV电路板.html	
维基	任意MAX电路板	wiki.main	任意MAX电路板.html	
维基	任意MV电路板	wiki.main	任意MV电路板.html	
维基	任意UEV电路板	wiki.main	任意UEV电路板.html	
维基	任意UHV电路板	wiki.main	任意UHV电路板.html	
维基	任意UIV电路板	wiki.main	任意UIV电路板.html	
维基	任意ULV电路板	wiki.main	任意ULV电路板.html	
维基	任意UMV电路板	wiki.main	任意UMV电路板.html	
维基	任意UV电路板	wiki.main	任意UV电路板.html	
维基	任意UXV电路板	wiki.main	任意UXV电路板.html	
维基	任意ZPM电路板	wiki.main	任意ZPM电路板.html	
维基	伊恩钢	wiki.main	伊恩钢.html	
维基	伍德玻璃	wiki.main	伍德玻璃.html	
维基	伐木斧	wiki.main	伐木斧.html	
维基	优先卡	wiki.main	优先卡.html	
维基	优先级	wiki.main	优先级.html	
维基	优良采矿机	wiki.main	优良采矿机.html	
维基	优质泵	wiki.main	优质泵.html	
维基	优质电子电路板	wiki.main	优质电子电路板.html	
维基	优质集成电路板	wiki.main	优质集成电路板.html	
维基	传动部件	wiki.main	传动部件.html	
维基	传感器	wiki.main	传感器.html	
维基	传感器(EV)	wiki.main	传感器(EV).html	
维基	传感器(HV)	wiki.main	传感器(HV).html	
维基	传感器(IV)	wiki.main	传感器(IV).html	
维基	传感器(LV)	wiki.main	传感器(LV).html	
维基	传感器(LuV)	wiki.main	传感器(LuV).html	
维基	传感器(MAX)	wiki.main	传感器(MAX).html	
维基	传感器(MV)	wiki.main	传感器(MV).html	
维基	传感器(UEV)	wiki.main	传感器(UEV).html	
维基	传感器(UHV)	wiki.main	传感器(UHV).html	
维基	传感器(UIV)	wiki.main	传感器(UIV).html	
维基	传感器(UMV)	wiki.main	传感器(UMV).html	
维基	传感器(UV)	wiki.main	传感器(UV).html	
维基	传感器(UXV)	wiki.main	传感器(UXV).html	
维基	传感器(ZPM)	wiki.main	传感器(ZPM).html	
维基	传送台	wiki.main	传送台.html	
维基	传送带	wiki.main	传送带.html	
维基	传送带(EV)	wiki.main	传送带(EV).html	
维基	传送带(HV)	wiki.main	传送带(HV).html	
维基	传送带(IV)	wiki.main	传送带(IV).html	
维基	传送带(LV)	wiki.main	传送带(LV).html	
维基	传送带(LuV)	wiki.main	传送带(LuV).html	
维基	传送带(MAX)	wiki.main	传送带(MAX).html	
维基	传送带(MV)	wiki.main	传送带(MV).html	
维基	传送带(UEV)	wiki.main	传送带(UEV).html	
维基	传送带(UHV)	wiki.main	传送带(UHV).html	
维基	传送带(UIV)	wiki.main	传送带(UIV).html	
维基	传送带(UMV)	wiki.main	传送带(UMV).html	
维基	传送带(UV)	wiki.main	传送带(UV).html	
维基	传送带(UXV)	wiki.main	传送带(UXV).html	
维基	传送带(ZPM)	wiki.main	传送带(ZPM).html	
维基	传送权杖	wiki.main	传送权杖.html	
维基	传送符咒	wiki.main	传送符咒.html	
维基	传送门：深渊世界	wiki.main	传送门：深渊世界.html	
维基	伤害反射	wiki.main	伤害反射.html	
维基	伤害吸收	wiki.main	伤害吸收.html	
维基	伪合成卡	wiki.main	伪合成卡.html	
维基	伪逆徽章	wiki.main	伪逆徽章.html	
维基	低功率IC	wiki.main	低功率IC.html	
维基	低功率IC晶圆	wiki.main	低功率IC晶圆.html	
维基	低功率配方的超频	wiki.main	低功率配方的超频.html	
维基	低压合成表过滤器	wiki.main	低压合成表过滤器.html	
维基	低压时代	wiki.main	低压时代.html	
维基	低压时代教程	wiki.main	低压时代教程.html	
维基	低压校准器	wiki.main	低压校准器.html	
维基	低压流体储罐	wiki.main	低压流体储罐.html	
维基	低压涡轮充电器	wiki.main	低压涡轮充电器.html	
维基	低压物品分配器	wiki.main	低压物品分配器.html	
维基	低压物品过滤器	wiki.main	低压物品过滤器.html	
维基	低压电池充电器	wiki.main	低压电池充电器.html	
维基	低压电池箱	wiki.main	低压电池箱.html	
维基	低压类型过滤器	wiki.main	低压类型过滤器.html	
维基	低压缓存器	wiki.main	低压缓存器.html	
维基	低压能量缓冲器	wiki.main	低压能量缓冲器.html	
维基	低压超级缓存器	wiki.main	低压超级缓存器.html	
维基	低压锅炉	wiki.main	低压锅炉.html	
维基	低温岩浆固化者R-10200	wiki.main	低温岩浆固化者R-10200.html	
维基	低温岩浆固化者R-11200	wiki.main	低温岩浆固化者R-11200.html	
维基	低温岩浆固化者R-12200	wiki.main	低温岩浆固化者R-12200.html	
维基	低温岩浆固化者R-13200	wiki.main	低温岩浆固化者R-13200.html	
维基	低温岩浆固化者R-14200	wiki.main	低温岩浆固化者R-14200.html	
维基	低温岩浆固化者R-15200	wiki.main	低温岩浆固化者R-15200.html	
维基	低温岩浆固化者R-8200	wiki.main	低温岩浆固化者R-8200.html	
维基	低温岩浆固化者R-9200	wiki.main	低温岩浆固化者R-9200.html	
维基	低纯硅岩乳液	wiki.main	低纯硅岩乳液.html	
维基	低纯硅岩溶液	wiki.main	低纯硅岩溶液.html	
维基	低纯硫酸超能硅岩	wiki.main	低纯硫酸超能硅岩.html	
维基	低纯磷酸超能硅岩	wiki.main	低纯磷酸超能硅岩.html	
维基	低纯铪	wiki.main	低纯铪.html	
维基	低配电脑优化	wiki.main	低配电脑优化.html	
维基	低阶动能发电机	wiki.main	低阶动能发电机.html	
维基	低阶水力动能发生机	wiki.main	低阶水力动能发生机.html	
维基	低阶风力动能发生机	wiki.main	低阶风力动能发生机.html	
维基	体型变化	wiki.main	体型变化.html	
维基	作物合成机	wiki.main	作物合成机.html	
维基	作物培育机	wiki.main	作物培育机.html	
维基	作物基因提取器	wiki.main	作物基因提取器.html	
维基	作物基因提取机	wiki.main	作物基因提取机.html	
维基	作物复制机	wiki.main	作物复制机.html	
维基	作物管理器	wiki.main	作物管理器.html	
维基	作物管理器(EV)	wiki.main	作物管理器(EV).html	
维基	作物管理器(HV)	wiki.main	作物管理器(HV).html	
维基	作物管理器(IV)	wiki.main	作物管理器(IV).html	
维基	作物管理器(LV)	wiki.main	作物管理器(LV).html	
维基	作物管理器(LuV)	wiki.main	作物管理器(LuV).html	
维基	作物管理器(MV)	wiki.main	作物管理器(MV).html	
维基	作物管理器(UV)	wiki.main	作物管理器(UV).html	
维基	作物管理器(ZPM)	wiki.main	作物管理器(ZPM).html	
维基	使用OC播放视频	wiki.main	使用OC播放视频.html	
维基	使用OC机器人进行IC杂交自动化	wiki.main	使用OC机器人进行IC杂交自动化.html	
维基	使用神龙反应堆高速生产混沌片段	wiki.main	使用神龙反应堆高速生产混沌片段.html	
维基	侵蚀之扳手	wiki.main	侵蚀之扳手.html	
维基	便携元件	wiki.main	便携元件.html	
维基	便携式扫描仪	wiki.main	便携式扫描仪.html	
维基	保留物品栏	wiki.main	保留物品栏.html	
维基	信素	wiki.main	信素.html	
维基	偏二甲肼	wiki.main	偏二甲肼.html	
维基	傀儡增益	wiki.main	傀儡增益.html	
维基	储罐	wiki.main	储罐.html	
维基	催化剂	wiki.main	催化剂.html	
维基	催化剂仓	wiki.main	催化剂仓.html	
维基	傲慢碎片	wiki.main	傲慢碎片.html	
维基	僵尸发电机	wiki.main	僵尸发电机.html	
维基	元件工作台	wiki.main	元件工作台.html	
维基	元件散热片	wiki.main	元件散热片.html	
维基	元件预处理装置	wiki.main	元件预处理装置.html	
维基	元始套装	wiki.main	元始套装.html	
维基	元始手套使用教程	wiki.main	元始手套使用教程.html	
维基	元始物质	wiki.main	元始物质.html	
维基	元始珍珠	wiki.main	元始珍珠.html	
维基	元物质扫描仪	wiki.main	元物质扫描仪.html	
维基	元物质稳定器	wiki.main	元物质稳定器.html	
维基	充能合金	wiki.main	充能合金.html	
维基	充能器	wiki.main	充能器.html	
维基	充能无线动力仓	wiki.main	充能无线动力仓.html	
维基	充能物品过滤器	wiki.main	充能物品过滤器.html	
维基	充能赛特斯石英	wiki.main	充能赛特斯石英.html	
维基	充能超立方体	wiki.main	充能超立方体.html	
维基	充能银	wiki.main	充能银.html	
维基	充能银电容	wiki.main	充能银电容.html	
维基	充能银能量导管	wiki.main	充能银能量导管.html	
维基	充能龙块	wiki.main	充能龙块.html	
维基	先进电子元件	wiki.main	先进电子元件.html	
维基	光伏	wiki.main	光伏.html	
维基	光伏板	wiki.main	光伏板.html	
维基	光合作用	wiki.main	光合作用.html	
维基	光子_(γ)	wiki.main	光子_(γ).html	
维基	光学主机	wiki.main	光学主机.html	
维基	光学优化组织器	wiki.main	光学优化组织器.html	
维基	光学发送接口	wiki.main	光学发送接口.html	
维基	光学处理器	wiki.main	光学处理器.html	
维基	光学富集单晶硅	wiki.main	光学富集单晶硅.html	
维基	光学富集晶棒	wiki.main	光学富集晶棒.html	
维基	光学接收接口	wiki.main	光学接收接口.html	
维基	光学电子元件	wiki.main	光学电子元件.html	
维基	光学电路基板	wiki.main	光学电路基板.html	
维基	光学系列电路板	wiki.main	光学系列电路板.html	
维基	光学系列电路板_2.8.4	wiki.main	光学系列电路板_2.8.4.html	
维基	光学贴片二极管	wiki.main	光学贴片二极管.html	
维基	光学贴片元件	wiki.main	光学贴片元件.html	
维基	光学贴片晶体管	wiki.main	光学贴片晶体管.html	
维基	光学贴片电子元件	wiki.main	光学贴片电子元件.html	
维基	光学贴片电容	wiki.main	光学贴片电容.html	
维基	光学贴片电感	wiki.main	光学贴片电感.html	
维基	光学贴片电阻	wiki.main	光学贴片电阻.html	
维基	光学超级计算机	wiki.main	光学超级计算机.html	
维基	光学集群	wiki.main	光学集群.html	
维基	光影	wiki.main	光影.html	
维基	光素	wiki.main	光素.html	
维基	光缆	wiki.main	光缆.html	
维基	光辉超维度催化剂	wiki.main	光辉超维度催化剂.html	
维基	克莱因瓶	wiki.main	克莱因瓶.html	
维基	全太阳能挑战	wiki.main	全太阳能挑战.html	
维基	全板浸没设备	wiki.main	全板浸没设备.html	
维基	全程化学燃料挑战	wiki.main	全程化学燃料挑战.html	
维基	八位电容	wiki.main	八位电容.html	
维基	八级净化水	wiki.main	八级净化水.html	
维基	八级水	wiki.main	八级水.html	
维基	八级水线	wiki.main	八级水线.html	
维基	八角铁	wiki.main	八角铁.html	
维基	六氟化硒	wiki.main	六氟化硒.html	
维基	六氟化钍	wiki.main	六氟化钍.html	
维基	六氟化铀	wiki.main	六氟化铀.html	
维基	六氟化锝	wiki.main	六氟化锝.html	
维基	六氟化镎	wiki.main	六氟化镎.html	
维基	六氯乙硅烷	wiki.main	六氯乙硅烷.html	
维基	六水合钴	wiki.main	六水合钴.html	
维基	六相铜	wiki.main	六相铜.html	
维基	六硼化镧	wiki.main	六硼化镧.html	
维基	六级净化水	wiki.main	六级净化水.html	
维基	六级水线	wiki.main	六级水线.html	
维基	兰波顿电池背包	wiki.main	兰波顿电池背包.html	
维基	兰波顿超级电容库	wiki.main	兰波顿超级电容库.html	
维基	共享输入总线	wiki.main	共享输入总线.html	
维基	关于使用废料生产UUM	wiki.main	关于使用废料生产UUM.html	
维基	养蜂	wiki.main	养蜂.html	
维基	养蜂员手册	wiki.main	养蜂员手册.html	
维基	内存卡	wiki.main	内存卡.html	
维基	内燃发电机	wiki.main	内燃发电机.html	
维基	再沉淀钯	wiki.main	再沉淀钯.html	
维基	再沉淀铂	wiki.main	再沉淀铂.html	
维基	再沉淀铑	wiki.main	再沉淀铑.html	
维基	冒险地牢	wiki.main	冒险地牢.html	
维基	写入	wiki.main	写入.html	
维基	农业	wiki.main	农业.html	
维基	冥王星	wiki.main	冥王星.html	
维基	冰	wiki.main	冰.html	
维基	冰冷	wiki.main	冰冷.html	
维基	冰晶石	wiki.main	冰晶石.html	
维基	冰晶石(F)	wiki.main	冰晶石(F).html	
维基	冰流星之靴	wiki.main	冰流星之靴.html	
维基	冰霜斗篷	wiki.main	冰霜斗篷.html	
维基	冲压机床	wiki.main	冲压机床.html	
维基	冶炼炉	wiki.main	冶炼炉.html	
维基	冷却塔	wiki.main	冷却塔.html	
维基	冷却核心	wiki.main	冷却核心.html	
维基	冷却浓缩硝酸独居石稀土	wiki.main	冷却浓缩硝酸独居石稀土.html	
维基	冷却液	wiki.main	冷却液.html	
维基	冷阱	wiki.main	冷阱.html	
维基	净化水	wiki.main	净化水.html	
维基	净化水产线	wiki.main	净化水产线.html	
维基	净化水产线_AE自动化	wiki.main	净化水产线_AE自动化.html	
维基	净化水厂总控	wiki.main	净化水厂总控.html	
维基	净化水线	wiki.main	净化水线.html	
维基	净化水线_pH中和净化单元	wiki.main	净化水线_pH中和净化单元.html	
维基	净化水线_极端温度波动净化单元	wiki.main	净化水线_极端温度波动净化单元.html	
维基	净化水线_极端温度波动净化单元_历史	wiki.main	净化水线_极端温度波动净化单元_历史.html	
维基	净化水线_残留净化剂除气机净化单元	wiki.main	净化水线_残留净化剂除气机净化单元.html	
维基	净化水线_残留净化剂除气机净化单元_历史	wiki.main	净化水线_残留净化剂除气机净化单元_历史.html	
维基	净化水线_澄清净化单元	wiki.main	净化水线_澄清净化单元.html	
维基	净化水线_絮凝净化单元	wiki.main	净化水线_絮凝净化单元.html	
维基	净化水线_絮凝净化单元_历史	wiki.main	净化水线_絮凝净化单元_历史.html	
维基	净化水线_绝对重子完美净化单元	wiki.main	净化水线_绝对重子完美净化单元.html	
维基	净化水线_绝对重子完美净化单元_历史	wiki.main	净化水线_绝对重子完美净化单元_历史.html	
维基	净化水线_臭氧净化单元	wiki.main	净化水线_臭氧净化单元.html	
维基	净化水线_高能激光净化单元	wiki.main	净化水线_高能激光净化单元.html	
维基	净化水线总控	wiki.main	净化水线总控.html	
维基	净化水线总控_历史	wiki.main	净化水线总控_历史.html	
维基	净水厂	wiki.main	净水厂.html	
维基	凋零	wiki.main	凋零.html	
维基	凛冰冷冻机	wiki.main	凛冰冷冻机.html	
维基	凛冰冷冻机_2.8.4	wiki.main	凛冰冷冻机_2.8.4.html	
维基	凛冰输入仓	wiki.main	凛冰输入仓.html	
维基	凝胶	wiki.main	凝胶.html	
维基	凤晶	wiki.main	凤晶.html	
维基	凯芙拉	wiki.main	凯芙拉.html	
维基	凿子总线	wiki.main	凿子总线.html	
维基	凿子总线_I	wiki.main	凿子总线_I.html	
维基	凿子总线_II	wiki.main	凿子总线_II.html	
维基	凿子总线_III	wiki.main	凿子总线_III.html	
维基	凿子输入总线	wiki.main	凿子输入总线.html	
维基	分子离心机	wiki.main	分子离心机.html	
维基	分子装配室	wiki.main	分子装配室.html	
维基	分流网络	wiki.main	分流网络.html	
维基	分类树	wiki.main	分类树.html	
维基	切割机	wiki.main	切割机.html	
维基	创律合金	wiki.main	创律合金.html	
维基	创造模式建筑之杖	wiki.main	创造模式建筑之杖.html	
维基	利用阻挡模式避免接口的发配阻塞	wiki.main	利用阻挡模式避免接口的发配阻塞.html	
维基	制作机器的顺序	wiki.main	制作机器的顺序.html	
维基	前期探矿	wiki.main	前期探矿.html	
维基	剖析提取装置	wiki.main	剖析提取装置.html	
维基	剧压差合成表过滤器	wiki.main	剧压差合成表过滤器.html	
维基	剧压差校准器	wiki.main	剧压差校准器.html	
维基	剧压差涡轮充电器	wiki.main	剧压差涡轮充电器.html	
维基	剧压差物品分配器	wiki.main	剧压差物品分配器.html	
维基	剧压差物品过滤器	wiki.main	剧压差物品过滤器.html	
维基	剧压差电池充电器	wiki.main	剧压差电池充电器.html	
维基	剧压差类型过滤器	wiki.main	剧压差类型过滤器.html	
维基	剧压差缓存器	wiki.main	剧压差缓存器.html	
维基	剧压差能量缓冲器	wiki.main	剧压差能量缓冲器.html	
维基	剧压差超级缓存器	wiki.main	剧压差超级缓存器.html	
维基	剧差压合成表过滤器	wiki.main	剧差压合成表过滤器.html	
维基	剧差压时代	wiki.main	剧差压时代.html	
维基	剧差压校准器	wiki.main	剧差压校准器.html	
维基	剧差压涡轮充电器	wiki.main	剧差压涡轮充电器.html	
维基	剧差压物品分配器	wiki.main	剧差压物品分配器.html	
维基	剧差压物品过滤器	wiki.main	剧差压物品过滤器.html	
维基	剧差压电池充电器	wiki.main	剧差压电池充电器.html	
维基	剧差压类型过滤器	wiki.main	剧差压类型过滤器.html	
维基	剧差压缓存器	wiki.main	剧差压缓存器.html	
维基	剧差压能量缓冲器	wiki.main	剧差压能量缓冲器.html	
维基	剧差压超级缓存器	wiki.main	剧差压超级缓存器.html	
维基	剪枝器	wiki.main	剪枝器.html	
维基	剪线钳	wiki.main	剪线钳.html	
维基	力之宝石	wiki.main	力之宝石.html	
维基	力场发生器	wiki.main	力场发生器.html	
维基	力场发生器(EV)	wiki.main	力场发生器(EV).html	
维基	力场发生器(HV)	wiki.main	力场发生器(HV).html	
维基	力场发生器(IV)	wiki.main	力场发生器(IV).html	
维基	力场发生器(LV)	wiki.main	力场发生器(LV).html	
维基	力场发生器(LuV)	wiki.main	力场发生器(LuV).html	
维基	力场发生器(MAX)	wiki.main	力场发生器(MAX).html	
维基	力场发生器(MV)	wiki.main	力场发生器(MV).html	
维基	力场发生器(UEV)	wiki.main	力场发生器(UEV).html	
维基	力场发生器(UHV)	wiki.main	力场发生器(UHV).html	
维基	力场发生器(UIV)	wiki.main	力场发生器(UIV).html	
维基	力场发生器(UMV)	wiki.main	力场发生器(UMV).html	
维基	力场发生器(UV)	wiki.main	力场发生器(UV).html	
维基	力场发生器(UXV)	wiki.main	力场发生器(UXV).html	
维基	力场发生器(ZPM)	wiki.main	力场发生器(ZPM).html	
维基	力场发生器（UEV）	wiki.main	力场发生器（UEV）.html	
维基	力场宝石	wiki.main	力场宝石.html	
维基	力量	wiki.main	力量.html	
维基	功率IC	wiki.main	功率IC.html	
维基	功率IC晶圆	wiki.main	功率IC晶圆.html	
维基	功能性仓室	wiki.main	功能性仓室.html	
维基	加速卡	wiki.main	加速卡.html	
维基	加速生物调谐器	wiki.main	加速生物调谐器.html	
维基	动力仓	wiki.main	动力仓.html	
维基	动力仓(缓冲)	wiki.main	动力仓(缓冲).html	
维基	动能发电机	wiki.main	动能发电机.html	
维基	劳伦姆合金	wiki.main	劳伦姆合金.html	
维基	包皮机	wiki.main	包皮机.html	
维基	包线机	wiki.main	包线机.html	
维基	化学反应釜	wiki.main	化学反应釜.html	
维基	化学浸洗器	wiki.main	化学浸洗器.html	
维基	化学浸洗机	wiki.main	化学浸洗机.html	
维基	化学级玻璃	wiki.main	化学级玻璃.html	
维基	化学脱水机_I	wiki.main	化学脱水机_I.html	
维基	化学脱水机_II	wiki.main	化学脱水机_II.html	
维基	化学脱水机_III	wiki.main	化学脱水机_III.html	
维基	化学脱水机_IV	wiki.main	化学脱水机_IV.html	
维基	化工厂	wiki.main	化工厂.html	
维基	匠魂	wiki.main	匠魂.html	
维基	匠魂工具	wiki.main	匠魂工具.html	
维基	匠魂炉	wiki.main	匠魂炉.html	
维基	区块加载	wiki.main	区块加载.html	
维基	十万级高辛烷值汽油产线	wiki.main	十万级高辛烷值汽油产线.html	
维基	十字石	wiki.main	十字石.html	
维基	升压	wiki.main	升压.html	
维基	升压、超频与并行	wiki.main	升压、超频与并行.html	
维基	升级卡	wiki.main	升级卡.html	
维基	升级调整器	wiki.main	升级调整器.html	
维基	半人马Bb	wiki.main	半人马Bb.html	
维基	半流质下界空气	wiki.main	半流质下界空气.html	
维基	半流质发电机	wiki.main	半流质发电机.html	
维基	半稳定反物质	wiki.main	半稳定反物质.html	
维基	半稳定反物质数据研究及路线指导	wiki.main	半稳定反物质数据研究及路线指导.html	
维基	半稳定反物质生产及发电数据研究	wiki.main	半稳定反物质生产及发电数据研究.html	
维基	半稳定反物质稳定序列器	wiki.main	半稳定反物质稳定序列器.html	
维基	半羊人之罐	wiki.main	半羊人之罐.html	
维基	卓越气血宝珠	wiki.main	卓越气血宝珠.html	
维基	单方块发电机	wiki.main	单方块发电机.html	
维基	单方块机器	wiki.main	单方块机器.html	
维基	单方块电力机器	wiki.main	单方块电力机器.html	
维基	单方块蒸汽机器	wiki.main	单方块蒸汽机器.html	
维基	单晶硅	wiki.main	单晶硅.html	
维基	单祭品四倍坠星	wiki.main	单祭品四倍坠星.html	
维基	博特姆合金	wiki.main	博特姆合金.html	
维基	卤水	wiki.main	卤水.html	
维基	卷板机	wiki.main	卷板机.html	
维基	卷板机_配方	wiki.main	卷板机_配方.html	
维基	压印器	wiki.main	压印器.html	
维基	压印模板	wiki.main	压印模板.html	
维基	压印电路	wiki.main	压印电路.html	
维基	压模总线	wiki.main	压模总线.html	
维基	压模机	wiki.main	压模机.html	
维基	压缩太阳能(1级)	wiki.main	压缩太阳能(1级).html	
维基	压缩太阳能(2级)	wiki.main	压缩太阳能(2级).html	
维基	压缩太阳能(3级)	wiki.main	压缩太阳能(3级).html	
维基	压缩太阳能(4级)	wiki.main	压缩太阳能(4级).html	
维基	压缩太阳能(5级)	wiki.main	压缩太阳能(5级).html	
维基	压缩太阳能(6级)	wiki.main	压缩太阳能(6级).html	
维基	压缩太阳能(7级)	wiki.main	压缩太阳能(7级).html	
维基	压缩太阳能(8级)	wiki.main	压缩太阳能(8级).html	
维基	压缩机	wiki.main	压缩机.html	
维基	压缩核聚变反应堆	wiki.main	压缩核聚变反应堆.html	
维基	压缩核聚变反应堆控制电脑MK-I	wiki.main	压缩核聚变反应堆控制电脑MK-I.html	
维基	压缩核聚变反应堆控制电脑MK-II	wiki.main	压缩核聚变反应堆控制电脑MK-II.html	
维基	压缩核聚变反应堆控制电脑MK-III	wiki.main	压缩核聚变反应堆控制电脑MK-III.html	
维基	压缩核聚变反应堆控制电脑MK-IV	wiki.main	压缩核聚变反应堆控制电脑MK-IV.html	
维基	压缩核聚变反应堆控制电脑MK-V	wiki.main	压缩核聚变反应堆控制电脑MK-V.html	
维基	压缩核聚变反应堆控制电脑_MK-I	wiki.main	压缩核聚变反应堆控制电脑_MK-I.html	
维基	压缩核聚变反应堆控制电脑_MK-II	wiki.main	压缩核聚变反应堆控制电脑_MK-II.html	
维基	压缩核聚变反应堆控制电脑_MK-III	wiki.main	压缩核聚变反应堆控制电脑_MK-III.html	
维基	压缩核聚变反应堆控制电脑_MK-IV	wiki.main	压缩核聚变反应堆控制电脑_MK-IV.html	
维基	压缩核聚变反应堆控制电脑_MK-IV_原型	wiki.main	压缩核聚变反应堆控制电脑_MK-IV_原型.html	
维基	压缩核聚变反应堆控制电脑_MK-I_原型	wiki.main	压缩核聚变反应堆控制电脑_MK-I_原型.html	
维基	压缩核聚变反应堆控制电脑_MK-V	wiki.main	压缩核聚变反应堆控制电脑_MK-V.html	
维基	压缩箱子	wiki.main	压缩箱子.html	
维基	压缩输入总线	wiki.main	压缩输入总线.html	
维基	压缩输出总线	wiki.main	压缩输出总线.html	
维基	压聚	wiki.main	压聚.html	
维基	厕所	wiki.main	厕所.html	
维基	厚腹	wiki.main	厚腹.html	
维基	原初恒坚钢	wiki.main	原初恒坚钢.html	
维基	原初恒坚钢基底	wiki.main	原初恒坚钢基底.html	
维基	原型物质操纵者	wiki.main	原型物质操纵者.html	
维基	原型电压稳定机械方块	wiki.main	原型电压稳定机械方块.html	
维基	原子分离催化剂	wiki.main	原子分离催化剂.html	
维基	原木	wiki.main	原木.html	
维基	原木拟生场	wiki.main	原木拟生场.html	
维基	原木拟生场_2.8.4	wiki.main	原木拟生场_2.8.4.html	
维基	原材料缓存仓	wiki.main	原材料缓存仓.html	
维基	原油	wiki.main	原油.html	
维基	去命名器	wiki.main	去命名器.html	
维基	去杂脱气水(七级净化水)	wiki.main	去杂脱气水(七级净化水).html	
维基	去杂脱气水（七级净化水）	wiki.main	去杂脱气水（七级净化水）.html	
维基	参数仪	wiki.main	参数仪.html	
维基	双仓升压	wiki.main	双仓升压.html	
维基	双层电容	wiki.main	双层电容.html	
维基	双足飞龙剑	wiki.main	双足飞龙剑.html	
维基	双足飞龙头盔	wiki.main	双足飞龙头盔.html	
维基	双足飞龙套装	wiki.main	双足飞龙套装.html	
维基	双足飞龙弓	wiki.main	双足飞龙弓.html	
维基	双足飞龙护腿	wiki.main	双足飞龙护腿.html	
维基	双足飞龙核心	wiki.main	双足飞龙核心.html	
维基	双足飞龙胸甲	wiki.main	双足飞龙胸甲.html	
维基	双足飞龙铲	wiki.main	双足飞龙铲.html	
维基	双足飞龙镐	wiki.main	双足飞龙镐.html	
维基	双足飞龙靴	wiki.main	双足飞龙靴.html	
维基	双酚A	wiki.main	双酚A.html	
维基	双锂	wiki.main	双锂.html	
维基	反伤	wiki.main	反伤.html	
维基	反射弹射物	wiki.main	反射弹射物.html	
维基	反常之饥	wiki.main	反常之饥.html	
维基	反应堆散热片	wiki.main	反应堆散热片.html	
维基	反应堆熔盐加工厂	wiki.main	反应堆熔盐加工厂.html	
维基	反应堆燃料加工厂	wiki.main	反应堆燃料加工厂.html	
维基	反应性离子刻蚀混合物	wiki.main	反应性离子刻蚀混合物.html	
维基	反物质	wiki.main	反物质.html	
维基	反物质仓	wiki.main	反物质仓.html	
维基	反物质锻炉	wiki.main	反物质锻炉.html	
维基	反物质隔离机械方块	wiki.main	反物质隔离机械方块.html	
维基	反相卡	wiki.main	反相卡.html	
维基	反胃	wiki.main	反胃.html	
维基	发射器	wiki.main	发射器.html	
维基	发射器(EV)	wiki.main	发射器(EV).html	
维基	发射器(HV)	wiki.main	发射器(HV).html	
维基	发射器(IV)	wiki.main	发射器(IV).html	
维基	发射器(LV)	wiki.main	发射器(LV).html	
维基	发射器(LuV)	wiki.main	发射器(LuV).html	
维基	发射器(MAX)	wiki.main	发射器(MAX).html	
维基	发射器(MV)	wiki.main	发射器(MV).html	
维基	发射器(UEV)	wiki.main	发射器(UEV).html	
维基	发射器(UHV)	wiki.main	发射器(UHV).html	
维基	发射器(UIV)	wiki.main	发射器(UIV).html	
维基	发射器(UMV)	wiki.main	发射器(UMV).html	
维基	发射器(UV)	wiki.main	发射器(UV).html	
维基	发射器(UXV)	wiki.main	发射器(UXV).html	
维基	发射器(ZPM)	wiki.main	发射器(ZPM).html	
维基	发电	wiki.main	发电.html	
维基	发电方式	wiki.main	发电方式.html	
维基	发电机	wiki.main	发电机.html	
维基	发电线路简介	wiki.main	发电线路简介.html	
维基	发电线路简介_talk	wiki.main	发电线路简介_talk.html	
维基	发配阻塞	wiki.main	发配阻塞.html	
维基	发酵槽	wiki.main	发酵槽.html	
维基	发酵生物质	wiki.main	发酵生物质.html	
维基	变化树	wiki.main	变化树.html	
维基	变压器	wiki.main	变压器.html	
维基	变质矿物混合物	wiki.main	变质矿物混合物.html	
维基	古花岗岩	wiki.main	古花岗岩.html	
维基	可可	wiki.main	可可.html	
维基	可添加MOD	wiki.main	可添加MOD.html	
维基	可穿戴装备	wiki.main	可穿戴装备.html	
维基	史莱姆岛	wiki.main	史莱姆岛.html	
维基	史蒂夫工厂管理	wiki.main	史蒂夫工厂管理.html	
维基	史诗UFO引擎	wiki.main	史诗UFO引擎.html	
维基	史诗UFO引擎_II	wiki.main	史诗UFO引擎_II.html	
维基	史诗UFO引擎_III	wiki.main	史诗UFO引擎_III.html	
维基	史诗UFO引擎_IV	wiki.main	史诗UFO引擎_IV.html	
维基	史诗元素聚合者	wiki.main	史诗元素聚合者.html	
维基	史诗元素聚合者_II	wiki.main	史诗元素聚合者_II.html	
维基	史诗元素聚合者_III	wiki.main	史诗元素聚合者_III.html	
维基	史诗元素聚合者_IV	wiki.main	史诗元素聚合者_IV.html	
维基	史诗冲击调制者	wiki.main	史诗冲击调制者.html	
维基	史诗冲击调制者_II	wiki.main	史诗冲击调制者_II.html	
维基	史诗冲击调制者_III	wiki.main	史诗冲击调制者_III.html	
维基	史诗冲击调制者_IV	wiki.main	史诗冲击调制者_IV.html	
维基	史诗分子龙卷风	wiki.main	史诗分子龙卷风.html	
维基	史诗分子龙卷风_II	wiki.main	史诗分子龙卷风_II.html	
维基	史诗分子龙卷风_III	wiki.main	史诗分子龙卷风_III.html	
维基	史诗分子龙卷风_IV	wiki.main	史诗分子龙卷风_IV.html	
维基	史诗分馏者	wiki.main	史诗分馏者.html	
维基	史诗分馏者_II	wiki.main	史诗分馏者_II.html	
维基	史诗分馏者_III	wiki.main	史诗分馏者_III.html	
维基	史诗分馏者_IV	wiki.main	史诗分馏者_IV.html	
维基	史诗化学反应执行者	wiki.main	史诗化学反应执行者.html	
维基	史诗化学反应执行者_II	wiki.main	史诗化学反应执行者_II.html	
维基	史诗化学反应执行者_III	wiki.main	史诗化学反应执行者_III.html	
维基	史诗化学反应执行者_IV	wiki.main	史诗化学反应执行者_IV.html	
维基	史诗化学浸渍者	wiki.main	史诗化学浸渍者.html	
维基	史诗化学浸渍者_II	wiki.main	史诗化学浸渍者_II.html	
维基	史诗化学浸渍者_III	wiki.main	史诗化学浸渍者_III.html	
维基	史诗化学浸渍者_IV	wiki.main	史诗化学浸渍者_IV.html	
维基	史诗原子激发器	wiki.main	史诗原子激发器.html	
维基	史诗原子激发器_II	wiki.main	史诗原子激发器_II.html	
维基	史诗原子激发器_III	wiki.main	史诗原子激发器_III.html	
维基	史诗原子激发器_IV	wiki.main	史诗原子激发器_IV.html	
维基	史诗发酵激励者	wiki.main	史诗发酵激励者.html	
维基	史诗发酵激励者_II	wiki.main	史诗发酵激励者_II.html	
维基	史诗发酵激励者_III	wiki.main	史诗发酵激励者_III.html	
维基	史诗发酵激励者_IV	wiki.main	史诗发酵激励者_IV.html	
维基	史诗变形驱动者	wiki.main	史诗变形驱动者.html	
维基	史诗变形驱动者_II	wiki.main	史诗变形驱动者_II.html	
维基	史诗变形驱动者_III	wiki.main	史诗变形驱动者_III.html	
维基	史诗变形驱动者_IV	wiki.main	史诗变形驱动者_IV.html	
维基	史诗增幅液制造者	wiki.main	史诗增幅液制造者.html	
维基	史诗增幅液制造者_II	wiki.main	史诗增幅液制造者_II.html	
维基	史诗增幅液制造者_III	wiki.main	史诗增幅液制造者_III.html	
维基	史诗增幅液制造者_IV	wiki.main	史诗增幅液制造者_IV.html	
维基	史诗存在创造者	wiki.main	史诗存在创造者.html	
维基	史诗存在创造者_II	wiki.main	史诗存在创造者_II.html	
维基	史诗存在创造者_III	wiki.main	史诗存在创造者_III.html	
维基	史诗存在创造者_IV	wiki.main	史诗存在创造者_IV.html	
维基	史诗导线成形者	wiki.main	史诗导线成形者.html	
维基	史诗导线成形者_II	wiki.main	史诗导线成形者_II.html	
维基	史诗导线成形者_III	wiki.main	史诗导线成形者_III.html	
维基	史诗导线成形者_IV	wiki.main	史诗导线成形者_IV.html	
维基	史诗应力施加者	wiki.main	史诗应力施加者.html	
维基	史诗应力施加者_II	wiki.main	史诗应力施加者_II.html	
维基	史诗应力施加者_III	wiki.main	史诗应力施加者_III.html	
维基	史诗应力施加者_IV	wiki.main	史诗应力施加者_IV.html	
维基	史诗强压结晶者	wiki.main	史诗强压结晶者.html	
维基	史诗强压结晶者_II	wiki.main	史诗强压结晶者_II.html	
维基	史诗强压结晶者_III	wiki.main	史诗强压结晶者_III.html	
维基	史诗强压结晶者_IV	wiki.main	史诗强压结晶者_IV.html	
维基	史诗形态毁灭者	wiki.main	史诗形态毁灭者.html	
维基	史诗形态毁灭者_II	wiki.main	史诗形态毁灭者_II.html	
维基	史诗形态毁灭者_III	wiki.main	史诗形态毁灭者_III.html	
维基	史诗形态毁灭者_IV	wiki.main	史诗形态毁灭者_IV.html	
维基	史诗提炼者	wiki.main	史诗提炼者.html	
维基	史诗提炼者_II	wiki.main	史诗提炼者_II.html	
维基	史诗提炼者_III	wiki.main	史诗提炼者_III.html	
维基	史诗提炼者_IV	wiki.main	史诗提炼者_IV.html	
维基	史诗流体石化者	wiki.main	史诗流体石化者.html	
维基	史诗流体石化者_II	wiki.main	史诗流体石化者_II.html	
维基	史诗流体石化者_III	wiki.main	史诗流体石化者_III.html	
维基	史诗流体石化者_IV	wiki.main	史诗流体石化者_IV.html	
维基	史诗液化抽吸者	wiki.main	史诗液化抽吸者.html	
维基	史诗液化抽吸者_II	wiki.main	史诗液化抽吸者_II.html	
维基	史诗液化抽吸者_III	wiki.main	史诗液化抽吸者_III.html	
维基	史诗液化抽吸者_IV	wiki.main	史诗液化抽吸者_IV.html	
维基	史诗液罐执行者	wiki.main	史诗液罐执行者.html	
维基	史诗液罐执行者_II	wiki.main	史诗液罐执行者_II.html	
维基	史诗液罐执行者_III	wiki.main	史诗液罐执行者_III.html	
维基	史诗液罐执行者_IV	wiki.main	史诗液罐执行者_IV.html	
维基	史诗滚筒洗矿厂	wiki.main	史诗滚筒洗矿厂.html	
维基	史诗滚筒洗矿厂_II	wiki.main	史诗滚筒洗矿厂_II.html	
维基	史诗滚筒洗矿厂_III	wiki.main	史诗滚筒洗矿厂_III.html	
维基	史诗滚筒洗矿厂_IV	wiki.main	史诗滚筒洗矿厂_IV.html	
维基	史诗火龙卷	wiki.main	史诗火龙卷.html	
维基	史诗火龙卷_II	wiki.main	史诗火龙卷_II.html	
维基	史诗火龙卷_III	wiki.main	史诗火龙卷_III.html	
维基	史诗火龙卷_IV	wiki.main	史诗火龙卷_IV.html	
维基	史诗热量注入者	wiki.main	史诗热量注入者.html	
维基	史诗热量注入者_II	wiki.main	史诗热量注入者_II.html	
维基	史诗热量注入者_III	wiki.main	史诗热量注入者_III.html	
维基	史诗热量注入者_IV	wiki.main	史诗热量注入者_IV.html	
维基	史诗物品分割者	wiki.main	史诗物品分割者.html	
维基	史诗物品分割者_II	wiki.main	史诗物品分割者_II.html	
维基	史诗物品分割者_III	wiki.main	史诗物品分割者_III.html	
维基	史诗物品分割者_IV	wiki.main	史诗物品分割者_IV.html	
维基	史诗物品抹杀者	wiki.main	史诗物品抹杀者.html	
维基	史诗物品抹杀者_II	wiki.main	史诗物品抹杀者_II.html	
维基	史诗物品抹杀者_III	wiki.main	史诗物品抹杀者_III.html	
维基	史诗物品抹杀者_IV	wiki.main	史诗物品抹杀者_IV.html	
维基	史诗物质组织者	wiki.main	史诗物质组织者.html	
维基	史诗物质组织者_II	wiki.main	史诗物质组织者_II.html	
维基	史诗物质组织者_III	wiki.main	史诗物质组织者_III.html	
维基	史诗物质组织者_IV	wiki.main	史诗物质组织者_IV.html	
维基	史诗物质聚压者	wiki.main	史诗物质聚压者.html	
维基	史诗物质聚压者_II	wiki.main	史诗物质聚压者_II.html	
维基	史诗物质聚压者_III	wiki.main	史诗物质聚压者_III.html	
维基	史诗物质聚压者_IV	wiki.main	史诗物质聚压者_IV.html	
维基	史诗电子显微镜	wiki.main	史诗电子显微镜.html	
维基	史诗电子显微镜_II	wiki.main	史诗电子显微镜_II.html	
维基	史诗电子显微镜_III	wiki.main	史诗电子显微镜_III.html	
维基	史诗电子显微镜_IV	wiki.main	史诗电子显微镜_IV.html	
维基	史诗电池背包	wiki.main	史诗电池背包.html	
维基	史诗电路组装机	wiki.main	史诗电路组装机.html	
维基	史诗电路组装机_II	wiki.main	史诗电路组装机_II.html	
维基	史诗电路组装机_III	wiki.main	史诗电路组装机_III.html	
维基	史诗电路组装机_IV	wiki.main	史诗电路组装机_IV.html	
维基	史诗电路组装机_V	wiki.main	史诗电路组装机_V.html	
维基	史诗短路加热者	wiki.main	史诗短路加热者.html	
维基	史诗短路加热者_II	wiki.main	史诗短路加热者_II.html	
维基	史诗短路加热者_III	wiki.main	史诗短路加热者_III.html	
维基	史诗短路加热者_IV	wiki.main	史诗短路加热者_IV.html	
维基	史诗磁星分离者	wiki.main	史诗磁星分离者.html	
维基	史诗磁星分离者_II	wiki.main	史诗磁星分离者_II.html	
维基	史诗磁星分离者_III	wiki.main	史诗磁星分离者_III.html	
维基	史诗磁星分离者_IV	wiki.main	史诗磁星分离者_IV.html	
维基	史诗磁能导入者	wiki.main	史诗磁能导入者.html	
维基	史诗磁能导入者_II	wiki.main	史诗磁能导入者_II.html	
维基	史诗磁能导入者_III	wiki.main	史诗磁能导入者_III.html	
维基	史诗磁能导入者_IV	wiki.main	史诗磁能导入者_IV.html	
维基	史诗离子发生器	wiki.main	史诗离子发生器.html	
维基	史诗离子发生器_II	wiki.main	史诗离子发生器_II.html	
维基	史诗离子发生器_III	wiki.main	史诗离子发生器_III.html	
维基	史诗离子发生器_IV	wiki.main	史诗离子发生器_IV.html	
维基	史诗秘方酿制者	wiki.main	史诗秘方酿制者.html	
维基	史诗秘方酿制者_II	wiki.main	史诗秘方酿制者_II.html	
维基	史诗秘方酿制者_III	wiki.main	史诗秘方酿制者_III.html	
维基	史诗秘方酿制者_IV	wiki.main	史诗秘方酿制者_IV.html	
维基	史诗等离子射流加热器	wiki.main	史诗等离子射流加热器.html	
维基	史诗等离子射流加热器_II	wiki.main	史诗等离子射流加热器_II.html	
维基	史诗等离子射流加热器_III	wiki.main	史诗等离子射流加热器_III.html	
维基	史诗等离子射流加热器_IV	wiki.main	史诗等离子射流加热器_IV.html	
维基	史诗精准光子加农	wiki.main	史诗精准光子加农.html	
维基	史诗精准光子加农_II	wiki.main	史诗精准光子加农_II.html	
维基	史诗精准光子加农_III	wiki.main	史诗精准光子加农_III.html	
维基	史诗精准光子加农_IV	wiki.main	史诗精准光子加农_IV.html	
维基	史诗组装构建者	wiki.main	史诗组装构建者.html	
维基	史诗组装构建者_II	wiki.main	史诗组装构建者_II.html	
维基	史诗组装构建者_III	wiki.main	史诗组装构建者_III.html	
维基	史诗组装构建者_IV	wiki.main	史诗组装构建者_IV.html	
维基	史诗罐头操纵者	wiki.main	史诗罐头操纵者.html	
维基	史诗罐头操纵者_II	wiki.main	史诗罐头操纵者_II.html	
维基	史诗罐头操纵者_III	wiki.main	史诗罐头操纵者_III.html	
维基	史诗罐头操纵者_IV	wiki.main	史诗罐头操纵者_IV.html	
维基	史诗脉动筛选者	wiki.main	史诗脉动筛选者.html	
维基	史诗脉动筛选者_II	wiki.main	史诗脉动筛选者_II.html	
维基	史诗脉动筛选者_III	wiki.main	史诗脉动筛选者_III.html	
维基	史诗脉动筛选者_IV	wiki.main	史诗脉动筛选者_IV.html	
维基	史诗表面压覆者	wiki.main	史诗表面压覆者.html	
维基	史诗表面压覆者_II	wiki.main	史诗表面压覆者_II.html	
维基	史诗表面压覆者_III	wiki.main	史诗表面压覆者_III.html	
维基	史诗表面压覆者_IV	wiki.main	史诗表面压覆者_IV.html	
维基	史诗车工大师	wiki.main	史诗车工大师.html	
维基	史诗车工大师_II	wiki.main	史诗车工大师_II.html	
维基	史诗车工大师_III	wiki.main	史诗车工大师_III.html	
维基	史诗车工大师_IV	wiki.main	史诗车工大师_IV.html	
维基	史诗量子切片者	wiki.main	史诗量子切片者.html	
维基	史诗量子切片者_II	wiki.main	史诗量子切片者_II.html	
维基	史诗量子切片者_III	wiki.main	史诗量子切片者_III.html	
维基	史诗量子切片者_IV	wiki.main	史诗量子切片者_IV.html	
维基	史诗金属熔合者	wiki.main	史诗金属熔合者.html	
维基	史诗金属熔合者_II	wiki.main	史诗金属熔合者_II.html	
维基	史诗金属熔合者_III	wiki.main	史诗金属熔合者_III.html	
维基	史诗金属熔合者_IV	wiki.main	史诗金属熔合者_IV.html	
维基	各阶段机器及教程	wiki.main	各阶段机器及教程.html	
维基	合成卡	wiki.main	合成卡.html	
维基	合成处理单元	wiki.main	合成处理单元.html	
维基	合成存储器	wiki.main	合成存储器.html	
维基	合成样板供应器	wiki.main	合成样板供应器.html	
维基	合成样板供应器（IV）	wiki.main	合成样板供应器（IV）.html	
维基	合成样板供应器（LuV）	wiki.main	合成样板供应器（LuV）.html	
维基	合成样板供应器（UHV）	wiki.main	合成样板供应器（UHV）.html	
维基	合成样板供应器（UV）	wiki.main	合成样板供应器（UV）.html	
维基	合成样板供应器（ZPM）	wiki.main	合成样板供应器（ZPM）.html	
维基	合成玉	wiki.main	合成玉.html	
维基	合成监控器	wiki.main	合成监控器.html	
维基	合成站	wiki.main	合成站.html	
维基	合成站_2	wiki.main	合成站_2.html	
维基	合成表模板	wiki.main	合成表模板.html	
维基	合成表过滤器	wiki.main	合成表过滤器.html	
维基	合金冶炼炉	wiki.main	合金冶炼炉.html	
维基	合金炉	wiki.main	合金炉.html	
维基	同步加速器	wiki.main	同步加速器.html	
维基	含杂二茂铁混合物	wiki.main	含杂二茂铁混合物.html	
维基	含杂氯化镧	wiki.main	含杂氯化镧.html	
维基	含硫炼油气	wiki.main	含硫炼油气.html	
维基	含硫煤焦油	wiki.main	含硫煤焦油.html	
维基	含硫石脑油	wiki.main	含硫石脑油.html	
维基	含硫轻燃油	wiki.main	含硫轻燃油.html	
维基	含硫重燃油	wiki.main	含硫重燃油.html	
维基	吸引弹射物	wiki.main	吸引弹射物.html	
维基	吸收魔法	wiki.main	吸收魔法.html	
维基	吸热冰箱	wiki.main	吸热冰箱.html	
维基	吸血光环	wiki.main	吸血光环.html	
维基	吸血鬼	wiki.main	吸血鬼.html	
维基	命令	wiki.main	命令.html	
维基	命令与配置	wiki.main	命令与配置.html	
维基	命令和配置	wiki.main	命令和配置.html	
维基	咒喰	wiki.main	咒喰.html	
维基	咒流	wiki.main	咒流.html	
维基	咒源玄晶	wiki.main	咒源玄晶.html	
维基	咒源玄晶强化硼玻璃方块	wiki.main	咒源玄晶强化硼玻璃方块.html	
维基	咖啡	wiki.main	咖啡.html	
维基	哈斯特洛依合金-C276	wiki.main	哈斯特洛依合金-C276.html	
维基	哈斯特洛依合金-N	wiki.main	哈斯特洛依合金-N.html	
维基	哈斯特洛依合金-W	wiki.main	哈斯特洛依合金-W.html	
维基	哈斯特洛依合金-X	wiki.main	哈斯特洛依合金-X.html	
维基	哈氏合金	wiki.main	哈氏合金.html	
维基	售货机	wiki.main	售货机.html	
维基	喷气背包	wiki.main	喷气背包.html	
维基	喷涂机	wiki.main	喷涂机.html	
维基	嗜血	wiki.main	嗜血.html	
维基	噬魂	wiki.main	噬魂.html	
维基	四氟乙烯	wiki.main	四氟乙烯.html	
维基	四氟化硅	wiki.main	四氟化硅.html	
维基	四氟化钍	wiki.main	四氟化钍.html	
维基	四氟化钍-232	wiki.main	四氟化钍-232.html	
维基	四氟化铀	wiki.main	四氟化铀.html	
维基	四氟化锆	wiki.main	四氟化锆.html	
维基	四氟铍酸锂(LTFB)	wiki.main	四氟铍酸锂(LTFB).html	
维基	四氢呋喃	wiki.main	四氢呋喃.html	
维基	四氧化二氮	wiki.main	四氧化二氮.html	
维基	四氧化钌	wiki.main	四氧化钌.html	
维基	四氧化钌溶液	wiki.main	四氧化钌溶液.html	
维基	四氯化硅	wiki.main	四氯化硅.html	
维基	四氯化钍	wiki.main	四氯化钍.html	
维基	四氯化钛	wiki.main	四氯化钛.html	
维基	四氯化铪	wiki.main	四氯化铪.html	
维基	四氯化铪溶液	wiki.main	四氯化铪溶液.html	
维基	四硝基甲烷	wiki.main	四硝基甲烷.html	
维基	四级净化水	wiki.main	四级净化水.html	
维基	四级水线	wiki.main	四级水线.html	
维基	四联电池	wiki.main	四联电池.html	
维基	四重输入仓	wiki.main	四重输入仓.html	
维基	回收机	wiki.main	回收机.html	
维基	团队系统	wiki.main	团队系统.html	
维基	固体氧化物燃料电池	wiki.main	固体氧化物燃料电池.html	
维基	固体氧化物燃料电池_MK-I	wiki.main	固体氧化物燃料电池_MK-I.html	
维基	固体氧化物燃料电池_MK-II	wiki.main	固体氧化物燃料电池_MK-II.html	
维基	固体氧化物燃料电池_Mk_I	wiki.main	固体氧化物燃料电池_Mk_I.html	
维基	固体氧化物燃料电池_Mk_II	wiki.main	固体氧化物燃料电池_Mk_II.html	
维基	固体超级燃料	wiki.main	固体超级燃料.html	
维基	固化仓	wiki.main	固化仓.html	
维基	固态燃料燃烧室	wiki.main	固态燃料燃烧室.html	
维基	圆石	wiki.main	圆石.html	
维基	圈地	wiki.main	圈地.html	
维基	土卫二	wiki.main	土卫二.html	
维基	土卫六	wiki.main	土卫六.html	
维基	土憋挑战	wiki.main	土憋挑战.html	
维基	土高炉	wiki.main	土高炉.html	
维基	在游戏后期的TPS优化方向和AE作业	wiki.main	在游戏后期的TPS优化方向和AE作业.html	
维基	在线结构工作台	wiki.main	在线结构工作台.html	
维基	地下流体	wiki.main	地下流体.html	
维基	地之碎片	wiki.main	地之碎片.html	
维基	地之魔晶	wiki.main	地之魔晶.html	
维基	地之魔晶粉	wiki.main	地之魔晶粉.html	
维基	地元浸染	wiki.main	地元浸染.html	
维基	地图种子推荐	wiki.main	地图种子推荐.html	
维基	地热引擎	wiki.main	地热引擎.html	
维基	地热锅炉	wiki.main	地热锅炉.html	
维基	地热锅炉_2.8.4	wiki.main	地热锅炉_2.8.4.html	
维基	地牢	wiki.main	地牢.html	
维基	地狱	wiki.main	地狱.html	
维基	地狱光环	wiki.main	地狱光环.html	
维基	地狱岩	wiki.main	地狱岩.html	
维基	地狱金属	wiki.main	地狱金属.html	
维基	地震勘探者	wiki.main	地震勘探者.html	
维基	均分卡	wiki.main	均分卡.html	
维基	坎塔尔合金	wiki.main	坎塔尔合金.html	
维基	坎塔尔合金粉	wiki.main	坎塔尔合金粉.html	
维基	坎塔尔合金线圈	wiki.main	坎塔尔合金线圈.html	
维基	坎塔尔合金线圈方块	wiki.main	坎塔尔合金线圈方块.html	
维基	坐标记录仪	wiki.main	坐标记录仪.html	
维基	坚铀	wiki.main	坚铀.html	
维基	坟墓	wiki.main	坟墓.html	
维基	坠星	wiki.main	坠星.html	
维基	坠星仪式	wiki.main	坠星仪式.html	
维基	坠星标位	wiki.main	坠星标位.html	
维基	坠星标位仪式出矿一览	wiki.main	坠星标位仪式出矿一览.html	
维基	坠星标位自动化	wiki.main	坠星标位自动化.html	
维基	坠星标位自动化_历史	wiki.main	坠星标位自动化_历史.html	
维基	坡莫合金	wiki.main	坡莫合金.html	
维基	坦桑石	wiki.main	坦桑石.html	
维基	埃克森美孚化工厂	wiki.main	埃克森美孚化工厂.html	
维基	埃格林钢	wiki.main	埃格林钢.html	
维基	培养基原液	wiki.main	培养基原液.html	
维基	培养灵气节点教程	wiki.main	培养灵气节点教程.html	
维基	基于AE2的矿物处理物流网络详解	wiki.main	基于AE2的矿物处理物流网络详解.html	
维基	基于AE与匠魂无尽工具的矿物增产方法	wiki.main	基于AE与匠魂无尽工具的矿物增产方法.html	
维基	基于AE与匠魂无尽工具的矿物增产方法_历史	wiki.main	基于AE与匠魂无尽工具的矿物增产方法_历史.html	
维基	基于BiblioCraft制作自定义画	wiki.main	基于BiblioCraft制作自定义画.html	
维基	基于OC与源质蜂的全源质自动维持	wiki.main	基于OC与源质蜂的全源质自动维持.html	
维基	基于OC实现请求器的被动下单	wiki.main	基于OC实现请求器的被动下单.html	
维基	基于OC开放式电脑的反物质锻炉自动化	wiki.main	基于OC开放式电脑的反物质锻炉自动化.html	
维基	基于OC的GT虚拟电路切换方案	wiki.main	基于OC的GT虚拟电路切换方案.html	
维基	基于OC的IC2杂交自动化	wiki.main	基于OC的IC2杂交自动化.html	
维基	基于OC的IC2杂交自动化获取空间之花	wiki.main	基于OC的IC2杂交自动化获取空间之花.html	
维基	基于OC的太空电梯智能管理	wiki.main	基于OC的太空电梯智能管理.html	
维基	基于OC的太空钻机模块流体缓存	wiki.main	基于OC的太空钻机模块流体缓存.html	
维基	基于OC的无线电网监控	wiki.main	基于OC的无线电网监控.html	
维基	基于OC的注魔祭坛全自动化	wiki.main	基于OC的注魔祭坛全自动化.html	
维基	基于OC的血魔法炼金术台多并行自动化	wiki.main	基于OC的血魔法炼金术台多并行自动化.html	
维基	基于OpenComputer的生产监视器	wiki.main	基于OpenComputer的生产监视器.html	
维基	基于PR数模转换实现的多输入端优先级互斥访问红石电路	wiki.main	基于PR数模转换实现的多输入端优先级互斥访问红石电路.html	
维基	基于SFM的反物质煅炉自动化	wiki.main	基于SFM的反物质煅炉自动化.html	
维基	基于oc的me库存吞吐量监测系统	wiki.main	基于oc的me库存吞吐量监测系统.html	
维基	基于元始巨剑的简便秒杀盖亚方案	wiki.main	基于元始巨剑的简便秒杀盖亚方案.html	
维基	基于区块卸载的锻炉运行时间保存方法	wiki.main	基于区块卸载的锻炉运行时间保存方法.html	
维基	基于复苏BEE的自动打龙	wiki.main	基于复苏BEE的自动打龙.html	
维基	基于季节变迁改变群系捕捉贫铀合金结构的方案	wiki.main	基于季节变迁改变群系捕捉贫铀合金结构的方案.html	
维基	基于巫术季节变迁改变群系捕捉贫铀合金结构量产铀238和钛的方案	wiki.main	基于巫术季节变迁改变群系捕捉贫铀合金结构量产铀238和钛的方案.html	
维基	基于扳手的预存储粒子的束流合成器自动化	wiki.main	基于扳手的预存储粒子的束流合成器自动化.html	
维基	基于村民交易的蒸汽阶段神秘时代教程	wiki.main	基于村民交易的蒸汽阶段神秘时代教程.html	
维基	基于独立子网拉取的物理并行方案	wiki.main	基于独立子网拉取的物理并行方案.html	
维基	基于矿典过滤卡和ME-IO端口的适用于集成矿石处理厂的高速矿物处理分类	wiki.main	基于矿典过滤卡和ME-IO端口的适用于集成矿石处理厂的高速矿物处理分类.html	
维基	基于空间塔的鸿蒙结构共用	wiki.main	基于空间塔的鸿蒙结构共用.html	
维基	基于纯AE的反物质锻炉自动化	wiki.main	基于纯AE的反物质锻炉自动化.html	
维基	基于纯ae的反物质煅炉自动化	wiki.main	基于纯ae的反物质煅炉自动化.html	
维基	基于超吟附魔台的突破附魔等级上限教程	wiki.main	基于超吟附魔台的突破附魔等级上限教程.html	
维基	基于雪人首领的废料回收生产UUM	wiki.main	基于雪人首领的废料回收生产UUM.html	
维基	基因突变器	wiki.main	基因突变器.html	
维基	基地建设	wiki.main	基地建设.html	
维基	基岩	wiki.main	基岩.html	
维基	基岩传送门	wiki.main	基岩传送门.html	
维基	基岩矿界	wiki.main	基岩矿界.html	
维基	基板	wiki.main	基板.html	
维基	基础UU增幅液生产器	wiki.main	基础UU增幅液生产器.html	
维基	基础世界加速器	wiki.main	基础世界加速器.html	
维基	基础两极磁化机	wiki.main	基础两极磁化机.html	
维基	基础作物合成机	wiki.main	基础作物合成机.html	
维基	基础作物基因提取机	wiki.main	基础作物基因提取机.html	
维基	基础作物复制机	wiki.main	基础作物复制机.html	
维基	基础内燃发电机	wiki.main	基础内燃发电机.html	
维基	基础冲压机床	wiki.main	基础冲压机床.html	
维基	基础化学反应釜	wiki.main	基础化学反应釜.html	
维基	基础化学浸洗机	wiki.main	基础化学浸洗机.html	
维基	基础半流质发电机	wiki.main	基础半流质发电机.html	
维基	基础卷板机	wiki.main	基础卷板机.html	
维基	基础压模机	wiki.main	基础压模机.html	
维基	基础压缩机	wiki.main	基础压缩机.html	
维基	基础发酵槽	wiki.main	基础发酵槽.html	
维基	基础合金炉	wiki.main	基础合金炉.html	
维基	基础回收机	wiki.main	基础回收机.html	
维基	基础地热引擎	wiki.main	基础地热引擎.html	
维基	基础复制机	wiki.main	基础复制机.html	
维基	基础太阳能板	wiki.main	基础太阳能板.html	
维基	基础微波炉	wiki.main	基础微波炉.html	
维基	基础打包机	wiki.main	基础打包机.html	
维基	基础打印机	wiki.main	基础打印机.html	
维基	基础扫描仪	wiki.main	基础扫描仪.html	
维基	基础提取机	wiki.main	基础提取机.html	
维基	基础搅拌机	wiki.main	基础搅拌机.html	
维基	基础敌对生物驱逐器	wiki.main	基础敌对生物驱逐器.html	
维基	基础晶圆	wiki.main	基础晶圆.html	
维基	基础板材切割机	wiki.main	基础板材切割机.html	
维基	基础泵	wiki.main	基础泵.html	
维基	基础洗矿厂	wiki.main	基础洗矿厂.html	
维基	基础流体加热器	wiki.main	基础流体加热器.html	
维基	基础流体固化器	wiki.main	基础流体固化器.html	
维基	基础流体提取机	wiki.main	基础流体提取机.html	
维基	基础流体灌装机	wiki.main	基础流体灌装机.html	
维基	基础火箭引擎	wiki.main	基础火箭引擎.html	
维基	基础热力离心机	wiki.main	基础热力离心机.html	
维基	基础燃气轮机	wiki.main	基础燃气轮机.html	
维基	基础物品过滤器	wiki.main	基础物品过滤器.html	
维基	基础电动唱片机	wiki.main	基础电动唱片机.html	
维基	基础电子元件	wiki.main	基础电子元件.html	
维基	基础电容	wiki.main	基础电容.html	
维基	基础电弧炉	wiki.main	基础电弧炉.html	
维基	基础电炉	wiki.main	基础电炉.html	
维基	基础电烤炉	wiki.main	基础电烤炉.html	
维基	基础电磁离析机	wiki.main	基础电磁离析机.html	
维基	基础电解机	wiki.main	基础电解机.html	
维基	基础电路组装机	wiki.main	基础电路组装机.html	
维基	基础研磨机	wiki.main	基础研磨机.html	
维基	基础碎石机	wiki.main	基础碎石机.html	
维基	基础离心机	wiki.main	基础离心机.html	
维基	基础等离子电弧炉	wiki.main	基础等离子电弧炉.html	
维基	基础筛选机	wiki.main	基础筛选机.html	
维基	基础精密激光蚀刻机	wiki.main	基础精密激光蚀刻机.html	
维基	基础线材轧机	wiki.main	基础线材轧机.html	
维基	基础组装机	wiki.main	基础组装机.html	
维基	基础脱水机_I	wiki.main	基础脱水机_I.html	
维基	基础脱水机_II	wiki.main	基础脱水机_II.html	
维基	基础自动雕刻机	wiki.main	基础自动雕刻机.html	
维基	基础蒸汽轮机	wiki.main	基础蒸汽轮机.html	
维基	基础蒸馏室	wiki.main	基础蒸馏室.html	
维基	基础装罐机	wiki.main	基础装罐机.html	
维基	基础解包器	wiki.main	基础解包器.html	
维基	基础质量发生器	wiki.main	基础质量发生器.html	
维基	基础车床	wiki.main	基础车床.html	
维基	基础酿造室	wiki.main	基础酿造室.html	
维基	基础采矿机	wiki.main	基础采矿机.html	
维基	基础锻造锤	wiki.main	基础锻造锤.html	
维基	基础食材切片机	wiki.main	基础食材切片机.html	
维基	基础高压釜	wiki.main	基础高压釜.html	
维基	堇云石	wiki.main	堇云石.html	
维基	塑料	wiki.main	塑料.html	
维基	塑料电路基板	wiki.main	塑料电路基板.html	
维基	塞龙-100	wiki.main	塞龙-100.html	
维基	填充机	wiki.main	填充机.html	
维基	增强光子晶圆	wiki.main	增强光子晶圆.html	
维基	增殖循环	wiki.main	增殖循环.html	
维基	声子循环	wiki.main	声子循环.html	
维基	处理器主机	wiki.main	处理器主机.html	
维基	处理器集群	wiki.main	处理器集群.html	
维基	处理阵列	wiki.main	处理阵列.html	
维基	备份游戏	wiki.main	备份游戏.html	
维基	复制机	wiki.main	复制机.html	
维基	复制类AE样板制作教程	wiki.main	复制类AE样板制作教程.html	
维基	复合粘土	wiki.main	复合粘土.html	
维基	复合粘土能量导管	wiki.main	复合粘土能量导管.html	
维基	复合黏土	wiki.main	复合黏土.html	
维基	复活石	wiki.main	复活石.html	
维基	外域	wiki.main	外域.html	
维基	多功能农场	wiki.main	多功能农场.html	
维基	多功能缓存器	wiki.main	多功能缓存器.html	
维基	多安动力仓	wiki.main	多安动力仓.html	
维基	多安能源仓	wiki.main	多安能源仓.html	
维基	多层纤维强化电路基板	wiki.main	多层纤维强化电路基板.html	
维基	多彩	wiki.main	多彩.html	
维基	多方块机器	wiki.main	多方块机器.html	
维基	多方块机器全息投影仪	wiki.main	多方块机器全息投影仪.html	
维基	多方块机器共用	wiki.main	多方块机器共用.html	
维基	多方块机器功能性仓室最大可用数量参考	wiki.main	多方块机器功能性仓室最大可用数量参考.html	
维基	多方块电力机器	wiki.main	多方块电力机器.html	
维基	多方块结构	wiki.main	多方块结构.html	
维基	多方块结构中英对照表	wiki.main	多方块结构中英对照表.html	
维基	多方块结构的搭建和使用	wiki.main	多方块结构的搭建和使用.html	
维基	多方块蒸汽机器	wiki.main	多方块蒸汽机器.html	
维基	多格比合金	wiki.main	多格比合金.html	
维基	夜视	wiki.main	夜视.html	
维基	大众生物学	wiki.main	大众生物学.html	
维基	大众生物学_发酵生物质	wiki.main	大众生物学_发酵生物质.html	
维基	大众生物学_可再生高十六烷值柴油	wiki.main	大众生物学_可再生高十六烷值柴油.html	
维基	大众生物学_木材干馏	wiki.main	大众生物学_木材干馏.html	
维基	大众生物学_硝基苯	wiki.main	大众生物学_硝基苯.html	
维基	大众生物学_绿色高十六烷值柴油	wiki.main	大众生物学_绿色高十六烷值柴油.html	
维基	大众生物学_苯	wiki.main	大众生物学_苯.html	
维基	大众生物学_藻类生物质	wiki.main	大众生物学_藻类生物质.html	
维基	大力合金	wiki.main	大力合金.html	
维基	大化反	wiki.main	大化反.html	
维基	大型不锈钢流体单元	wiki.main	大型不锈钢流体单元.html	
维基	大型中和引擎	wiki.main	大型中和引擎.html	
维基	大型中子流体单元	wiki.main	大型中子流体单元.html	
维基	大型元素复制机	wiki.main	大型元素复制机.html	
维基	大型内燃引擎	wiki.main	大型内燃引擎.html	
维基	大型内燃引擎_2.8.4	wiki.main	大型内燃引擎_2.8.4.html	
维基	大型分子装配室	wiki.main	大型分子装配室.html	
维基	大型分子重组仪	wiki.main	大型分子重组仪.html	
维基	大型分子重组仪_2.8.4	wiki.main	大型分子重组仪_2.8.4.html	
维基	大型加工厂	wiki.main	大型加工厂.html	
维基	大型化学反应釜	wiki.main	大型化学反应釜.html	
维基	大型半流质发电机	wiki.main	大型半流质发电机.html	
维基	大型半流质引擎	wiki.main	大型半流质引擎.html	
维基	大型原材料缓存仓	wiki.main	大型原材料缓存仓.html	
维基	大型啤酒酿造室	wiki.main	大型啤酒酿造室.html	
维基	大型容量瓶	wiki.main	大型容量瓶.html	
维基	大型强子对撞机	wiki.main	大型强子对撞机.html	
维基	大型柴油引擎	wiki.main	大型柴油引擎.html	
维基	大型流体单元	wiki.main	大型流体单元.html	
维基	大型流体提取机	wiki.main	大型流体提取机.html	
维基	大型涡轮机	wiki.main	大型涡轮机.html	
维基	大型涡轮机发电机制指南	wiki.main	大型涡轮机发电机制指南.html	
维基	大型源质冶炼厂	wiki.main	大型源质冶炼厂.html	
维基	大型源质发电产线	wiki.main	大型源质发电产线.html	
维基	大型源质发电机	wiki.main	大型源质发电机.html	
维基	大型热交换机	wiki.main	大型热交换机.html	
维基	大型燃气涡轮	wiki.main	大型燃气涡轮.html	
维基	大型燃气涡轮_2.8.4	wiki.main	大型燃气涡轮_2.8.4.html	
维基	大型物品过滤器	wiki.main	大型物品过滤器.html	
维基	大型电动压缩机	wiki.main	大型电动压缩机.html	
维基	大型硅岩反应堆	wiki.main	大型硅岩反应堆.html	
维基	大型硅岩反应堆_2.8.4	wiki.main	大型硅岩反应堆_2.8.4.html	
维基	大型空气过滤器	wiki.main	大型空气过滤器.html	
维基	大型空气过滤机	wiki.main	大型空气过滤机.html	
维基	大型空气过滤机T1	wiki.main	大型空气过滤机T1.html	
维基	大型空气过滤机T2	wiki.main	大型空气过滤机T2.html	
维基	大型空气过滤机T3	wiki.main	大型空气过滤机T3.html	
维基	大型等离子涡轮	wiki.main	大型等离子涡轮.html	
维基	大型等离子涡轮_2.8.4	wiki.main	大型等离子涡轮_2.8.4.html	
维基	大型蒸汽压缩机	wiki.main	大型蒸汽压缩机.html	
维基	大型蒸汽压缩机_2.8.4	wiki.main	大型蒸汽压缩机_2.8.4.html	
维基	大型蒸汽合金炉	wiki.main	大型蒸汽合金炉.html	
维基	大型蒸汽搅拌机	wiki.main	大型蒸汽搅拌机.html	
维基	大型蒸汽洗矿厂	wiki.main	大型蒸汽洗矿厂.html	
维基	大型蒸汽涡轮	wiki.main	大型蒸汽涡轮.html	
维基	大型蒸汽涡轮_2.8.4	wiki.main	大型蒸汽涡轮_2.8.4.html	
维基	大型蒸汽熔炉	wiki.main	大型蒸汽熔炉.html	
维基	大型蒸汽研磨机	wiki.main	大型蒸汽研磨机.html	
维基	大型蒸汽研磨机_2.8.4	wiki.main	大型蒸汽研磨机_2.8.4.html	
维基	大型蒸汽离心机	wiki.main	大型蒸汽离心机.html	
维基	大型蒸汽粉碎机	wiki.main	大型蒸汽粉碎机.html	
维基	大型蒸汽锻造锤	wiki.main	大型蒸汽锻造锤.html	
维基	大型钛流体单元	wiki.main	大型钛流体单元.html	
维基	大型钛锅炉	wiki.main	大型钛锅炉.html	
维基	大型钢流体单元	wiki.main	大型钢流体单元.html	
维基	大型钢锅炉	wiki.main	大型钢锅炉.html	
维基	大型钨钢流体单元	wiki.main	大型钨钢流体单元.html	
维基	大型钨钢锅炉	wiki.main	大型钨钢锅炉.html	
维基	大型铝流体单元	wiki.main	大型铝流体单元.html	
维基	大型铬流体单元	wiki.main	大型铬流体单元.html	
维基	大型铱流体单元	wiki.main	大型铱流体单元.html	
维基	大型锅炉	wiki.main	大型锅炉.html	
维基	大型锅炉_2.8.4	wiki.main	大型锅炉_2.8.4.html	
维基	大型锇流体单元	wiki.main	大型锇流体单元.html	
维基	大型青铜锅炉	wiki.main	大型青铜锅炉.html	
维基	大型高压蒸汽涡轮	wiki.main	大型高压蒸汽涡轮.html	
维基	大型高压蒸汽涡轮_2.8.4	wiki.main	大型高压蒸汽涡轮_2.8.4.html	
维基	大宗催化剂仓	wiki.main	大宗催化剂仓.html	
维基	大师魔法能源吸收器	wiki.main	大师魔法能源吸收器.html	
维基	大师魔法能源转换器	wiki.main	大师魔法能源转换器.html	
维基	大惊失色	wiki.main	大惊失色.html	
维基	大批量加工	wiki.main	大批量加工.html	
维基	大机器	wiki.main	大机器.html	
维基	大气层进气仓	wiki.main	大气层进气仓.html	
维基	大气进气仓	wiki.main	大气进气仓.html	
维基	大理石	wiki.main	大理石.html	
维基	大离心	wiki.main	大离心.html	
维基	大规模固化器	wiki.main	大规模固化器.html	
维基	大规模固化机	wiki.main	大规模固化机.html	
维基	大规模自动装配机v1.01	wiki.main	大规模自动装配机v1.01.html	
维基	大酸性	wiki.main	大酸性.html	
维基	大马士革钢	wiki.main	大马士革钢.html	
维基	天体钨	wiki.main	天体钨.html	
维基	天体钨等离子体生产（聚变）	wiki.main	天体钨等离子体生产（聚变）.html	
维基	天卫五	wiki.main	天卫五.html	
维基	天卫四	wiki.main	天卫四.html	
维基	天堂陨落长弓	wiki.main	天堂陨落长弓.html	
维基	天然气	wiki.main	天然气.html	
维基	天然火石	wiki.main	天然火石.html	
维基	天窗	wiki.main	天窗.html	
维基	太空地牢	wiki.main	太空地牢.html	
维基	太空电梯	wiki.main	太空电梯.html	
维基	太空研究模块	wiki.main	太空研究模块.html	
维基	太空竞赛	wiki.main	太空竞赛.html	
维基	太空组装	wiki.main	太空组装.html	
维基	太空组装模块	wiki.main	太空组装模块.html	
维基	太空组装模块MK-I	wiki.main	太空组装模块MK-I.html	
维基	太空组装模块MK-II	wiki.main	太空组装模块MK-II.html	
维基	太空组装模块MK-III	wiki.main	太空组装模块MK-III.html	
维基	太空组装模块_MK-I	wiki.main	太空组装模块_MK-I.html	
维基	太空组装模块_MK-II	wiki.main	太空组装模块_MK-II.html	
维基	太空组装模块_MK-III	wiki.main	太空组装模块_MK-III.html	
维基	太空采矿	wiki.main	太空采矿.html	
维基	太空采矿模块	wiki.main	太空采矿模块.html	
维基	太空采矿模块MK-I	wiki.main	太空采矿模块MK-I.html	
维基	太空采矿模块MK-II	wiki.main	太空采矿模块MK-II.html	
维基	太空采矿模块MK-III	wiki.main	太空采矿模块MK-III.html	
维基	太空采矿模块_MK-I	wiki.main	太空采矿模块_MK-I.html	
维基	太空采矿模块_MK-II	wiki.main	太空采矿模块_MK-II.html	
维基	太空采矿模块_MK-III	wiki.main	太空采矿模块_MK-III.html	
维基	太空采矿模块详表	wiki.main	太空采矿模块详表.html	
维基	太空钻机	wiki.main	太空钻机.html	
维基	太空钻机模块	wiki.main	太空钻机模块.html	
维基	太空钻机模块MK-I	wiki.main	太空钻机模块MK-I.html	
维基	太空钻机模块MK-II	wiki.main	太空钻机模块MK-II.html	
维基	太空钻机模块MK-III	wiki.main	太空钻机模块MK-III.html	
维基	太空钻机模块_MK-I	wiki.main	太空钻机模块_MK-I.html	
维基	太空钻机模块_MK-II	wiki.main	太空钻机模块_MK-II.html	
维基	太空钻机模块_MK-III	wiki.main	太空钻机模块_MK-III.html	
维基	太空项目管理器	wiki.main	太空项目管理器.html	
维基	太阳射流融化核心	wiki.main	太阳射流融化核心.html	
维基	太阳烈焰能量锻炉	wiki.main	太阳烈焰能量锻炉.html	
维基	太阳热能等离子制造机	wiki.main	太阳热能等离子制造机.html	
维基	太阳聚变异化器	wiki.main	太阳聚变异化器.html	
维基	太阳能塔	wiki.main	太阳能塔.html	
维基	太阳能板	wiki.main	太阳能板.html	
维基	太阳能板制造厂	wiki.main	太阳能板制造厂.html	
维基	太阳能级硅	wiki.main	太阳能级硅.html	
维基	太阳能级硅(多晶硅)	wiki.main	太阳能级硅(多晶硅).html	
维基	太阳能级硅（多晶硅）	wiki.main	太阳能级硅（多晶硅）.html	
维基	太阳能覆盖板	wiki.main	太阳能覆盖板.html	
维基	太阳能锅炉	wiki.main	太阳能锅炉.html	
维基	失明	wiki.main	失明.html	
维基	失聪	wiki.main	失聪.html	
维基	头	wiki.main	头.html	
维基	头颅装配机	wiki.main	头颅装配机.html	
维基	奇点(无尽贪婪)	wiki.main	奇点(无尽贪婪).html	
维基	奇点压缩机	wiki.main	奇点压缩机.html	
维基	奇点合成存储器	wiki.main	奇点合成存储器.html	
维基	奇点纳米蜂群收容总线	wiki.main	奇点纳米蜂群收容总线.html	
维基	奈佩里	wiki.main	奈佩里.html	
维基	奖杯	wiki.main	奖杯.html	
维基	奥	wiki.main	奥.html	
维基	奥利哈钢	wiki.main	奥利哈钢.html	
维基	奥妙	wiki.main	奥妙.html	
维基	奥术合成终端	wiki.main	奥术合成终端.html	
维基	奥术注魔	wiki.main	奥术注魔.html	
维基	奥气	wiki.main	奥气.html	
维基	奥法研究阐释者	wiki.main	奥法研究阐释者.html	
维基	奥金	wiki.main	奥金.html	
维基	女王之金	wiki.main	女王之金.html	
维基	奴役	wiki.main	奴役.html	
维基	如何使用神龙反应堆高速生产混沌碎片	wiki.main	如何使用神龙反应堆高速生产混沌碎片.html	
维基	如何发电	wiki.main	如何发电.html	
维基	如何启动星门	wiki.main	如何启动星门.html	
维基	如何在IV阶段秒杀64只盖亚_II	wiki.main	如何在IV阶段秒杀64只盖亚_II.html	
维基	如何实现像素画	wiki.main	如何实现像素画.html	
维基	如何通过养蜂在t4获得无尽锭	wiki.main	如何通过养蜂在t4获得无尽锭.html	
维基	如何通过养蜂在t4获得无尽锭_历史	wiki.main	如何通过养蜂在t4获得无尽锭_历史.html	
维基	妊神星	wiki.main	妊神星.html	
维基	妒忌碎片	wiki.main	妒忌碎片.html	
维基	妖精主顾之雕像	wiki.main	妖精主顾之雕像.html	
维基	妖金	wiki.main	妖金.html	
维基	子信道	wiki.main	子信道.html	
维基	子信道：玻璃	wiki.main	子信道：玻璃.html	
维基	子存储区域	wiki.main	子存储区域.html	
维基	孔雀石	wiki.main	孔雀石.html	
维基	存储元件	wiki.main	存储元件.html	
维基	存储总线	wiki.main	存储总线.html	
维基	存储控制面板	wiki.main	存储控制面板.html	
维基	存储组件	wiki.main	存储组件.html	
维基	存储输入仓(ME)	wiki.main	存储输入仓(ME).html	
维基	存储输入仓室	wiki.main	存储输入仓室.html	
维基	存储输入仓（ME）	wiki.main	存储输入仓（ME）.html	
维基	存储输入总线(ME)	wiki.main	存储输入总线(ME).html	
维基	存储输入总线（ME）	wiki.main	存储输入总线（ME）.html	
维基	季节变迁之酿	wiki.main	季节变迁之酿.html	
维基	学徒气血宝珠	wiki.main	学徒气血宝珠.html	
维基	学徒魔法能源吸收器	wiki.main	学徒魔法能源吸收器.html	
维基	学徒魔法能源转换器	wiki.main	学徒魔法能源转换器.html	
维基	孵化间	wiki.main	孵化间.html	
维基	宇宙中子态素	wiki.main	宇宙中子态素.html	
维基	宇宙坍缩者机械方块	wiki.main	宇宙坍缩者机械方块.html	
维基	宇宙素	wiki.main	宇宙素.html	
维基	宇宙素强化硼玻璃方块	wiki.main	宇宙素强化硼玻璃方块.html	
维基	宇宙素纳米蜂群电极	wiki.main	宇宙素纳米蜂群电极.html	
维基	宇航服	wiki.main	宇航服.html	
维基	宇航服传感器眼镜	wiki.main	宇航服传感器眼镜.html	
维基	宇航服喷气背包	wiki.main	宇航服喷气背包.html	
维基	宇航服套装	wiki.main	宇航服套装.html	
维基	宇航服重力靴子	wiki.main	宇航服重力靴子.html	
维基	宇航盔	wiki.main	宇航盔.html	
维基	宇航裤	wiki.main	宇航裤.html	
维基	宇航鞋	wiki.main	宇航鞋.html	
维基	守卫者玻璃	wiki.main	守卫者玻璃.html	
维基	安装及更新游戏	wiki.main	安装及更新游戏.html	
维基	安装游戏	wiki.main	安装游戏.html	
维基	完全循环	wiki.main	完全循环.html	
维基	宗师魔法能源吸收器	wiki.main	宗师魔法能源吸收器.html	
维基	官服游玩指南	wiki.main	官服游玩指南.html	
维基	定位器	wiki.main	定位器.html	
维基	定位芯片	wiki.main	定位芯片.html	
维基	定量	wiki.main	定量.html	
维基	实体油泉	wiki.main	实体油泉.html	
维基	实用工具	wiki.main	实用工具.html	
维基	实用指令	wiki.main	实用指令.html	
维基	容量卡	wiki.main	容量卡.html	
维基	容量瓶	wiki.main	容量瓶.html	
维基	容量瓶配置器	wiki.main	容量瓶配置器.html	
维基	密集肼混合燃料	wiki.main	密集肼混合燃料.html	
维基	密集肼火箭燃料	wiki.main	密集肼火箭燃料.html	
维基	富快子时间流体	wiki.main	富快子时间流体.html	
维基	富钯氨	wiki.main	富钯氨.html	
维基	富集硅岩	wiki.main	富集硅岩.html	
维基	富集硅岩合金	wiki.main	富集硅岩合金.html	
维基	富集肥料	wiki.main	富集肥料.html	
维基	富集钬	wiki.main	富集钬.html	
维基	寰宇主机	wiki.main	寰宇主机.html	
维基	寰宇处理器	wiki.main	寰宇处理器.html	
维基	寰宇支配之剑	wiki.main	寰宇支配之剑.html	
维基	寰宇系列电路板	wiki.main	寰宇系列电路板.html	
维基	寰宇超级计算机	wiki.main	寰宇超级计算机.html	
维基	寰宇集群	wiki.main	寰宇集群.html	
维基	对二甲苯	wiki.main	对二甲苯.html	
维基	对立合金	wiki.main	对立合金.html	
维基	寻矿魔杖	wiki.main	寻矿魔杖.html	
维基	导师气血宝珠	wiki.main	导师气血宝珠.html	
维基	导电铁	wiki.main	导电铁.html	
维基	导管探测器	wiki.main	导管探测器.html	
维基	导线	wiki.main	导线.html	
维基	导线与线缆	wiki.main	导线与线缆.html	
维基	导能	wiki.main	导能.html	
维基	导能升级覆盖板	wiki.main	导能升级覆盖板.html	
维基	封装EV电路板	wiki.main	封装EV电路板.html	
维基	封装HV电路板	wiki.main	封装HV电路板.html	
维基	封装IV电路板	wiki.main	封装IV电路板.html	
维基	封装LV电路板	wiki.main	封装LV电路板.html	
维基	封装LuV电路板	wiki.main	封装LuV电路板.html	
维基	封装MAX电路板	wiki.main	封装MAX电路板.html	
维基	封装MV电路板	wiki.main	封装MV电路板.html	
维基	封装UEV电路板	wiki.main	封装UEV电路板.html	
维基	封装UHV电路板	wiki.main	封装UHV电路板.html	
维基	封装UIV电路板	wiki.main	封装UIV电路板.html	
维基	封装ULV电路板	wiki.main	封装ULV电路板.html	
维基	封装UMV电路板	wiki.main	封装UMV电路板.html	
维基	封装UV电路板	wiki.main	封装UV电路板.html	
维基	封装UXV电路板	wiki.main	封装UXV电路板.html	
维基	封装ZPM电路板	wiki.main	封装ZPM电路板.html	
维基	封装光学贴片二极管	wiki.main	封装光学贴片二极管.html	
维基	封装光学贴片晶体管	wiki.main	封装光学贴片晶体管.html	
维基	封装光学贴片电容	wiki.main	封装光学贴片电容.html	
维基	封装光学贴片电感	wiki.main	封装光学贴片电感.html	
维基	封装光学贴片电阻	wiki.main	封装光学贴片电阻.html	
维基	封装贴片二极管	wiki.main	封装贴片二极管.html	
维基	封装贴片晶体管	wiki.main	封装贴片晶体管.html	
维基	封装贴片电容	wiki.main	封装贴片电容.html	
维基	封装贴片电感	wiki.main	封装贴片电感.html	
维基	封装贴片电阻	wiki.main	封装贴片电阻.html	
维基	封装进阶贴片二极管	wiki.main	封装进阶贴片二极管.html	
维基	封装进阶贴片晶体管	wiki.main	封装进阶贴片晶体管.html	
维基	封装进阶贴片电容	wiki.main	封装进阶贴片电容.html	
维基	封装进阶贴片电感	wiki.main	封装进阶贴片电感.html	
维基	封装进阶贴片电阻	wiki.main	封装进阶贴片电阻.html	
维基	小型燃煤锅炉	wiki.main	小型燃煤锅炉.html	
维基	小型砷化镓晶体	wiki.main	小型砷化镓晶体.html	
维基	小型线圈	wiki.main	小型线圈.html	
维基	小技巧	wiki.main	小技巧.html	
维基	小机器	wiki.main	小机器.html	
维基	小游戏	wiki.main	小游戏.html	
维基	小行星	wiki.main	小行星.html	
维基	小行星带	wiki.main	小行星带.html	
维基	尖晶石	wiki.main	尖晶石.html	
维基	尸胺	wiki.main	尸胺.html	
维基	局部电力网络	wiki.main	局部电力网络.html	
维基	屏蔽拉格朗日湮灭矩阵	wiki.main	屏蔽拉格朗日湮灭矩阵.html	
维基	屠刀	wiki.main	屠刀.html	
维基	山铜	wiki.main	山铜.html	
维基	岩浆	wiki.main	岩浆.html	
维基	岩浆加热器	wiki.main	岩浆加热器.html	
维基	岩浆发电	wiki.main	岩浆发电.html	
维基	岩盐	wiki.main	岩盐.html	
维基	崇拜	wiki.main	崇拜.html	
维基	崩溃导致机器关机	wiki.main	崩溃导致机器关机.html	
维基	崩溃报告分析教程	wiki.main	崩溃报告分析教程.html	
维基	工业3D复印机	wiki.main	工业3D复印机.html	
维基	工业3D复印机_2.8.4	wiki.main	工业3D复印机_2.8.4.html	
维基	工业3D打印机	wiki.main	工业3D打印机.html	
维基	工业3D打印机_2.8.4	wiki.main	工业3D打印机_2.8.4.html	
维基	工业TNT	wiki.main	工业TNT.html	
维基	工业农场	wiki.main	工业农场.html	
维基	工业冲压机床	wiki.main	工业冲压机床.html	
维基	工业切割机	wiki.main	工业切割机.html	
维基	工业切割机_2.8.4	wiki.main	工业切割机_2.8.4.html	
维基	工业化学浸洗机	wiki.main	工业化学浸洗机.html	
维基	工业卷板机	wiki.main	工业卷板机.html	
维基	工业压模机	wiki.main	工业压模机.html	
维基	工业压模机_2.8.4	wiki.main	工业压模机_2.8.4.html	
维基	工业合金炉	wiki.main	工业合金炉.html	
维基	工业屠宰场	wiki.main	工业屠宰场.html	
维基	工业搅拌机	wiki.main	工业搅拌机.html	
维基	工业搅拌机_2.8.4	wiki.main	工业搅拌机_2.8.4.html	
维基	工业氢氟酸	wiki.main	工业氢氟酸.html	
维基	工业氯化氢	wiki.main	工业氯化氢.html	
维基	工业洗矿厂	wiki.main	工业洗矿厂.html	
维基	工业洗矿厂_2.8.4	wiki.main	工业洗矿厂_2.8.4.html	
维基	工业流体加热器	wiki.main	工业流体加热器.html	
维基	工业浮选机	wiki.main	工业浮选机.html	
维基	工业浮选机_2.8.4	wiki.main	工业浮选机_2.8.4.html	
维基	工业热力离心机	wiki.main	工业热力离心机.html	
维基	工业热力精炼厂	wiki.main	工业热力精炼厂.html	
维基	工业热力精炼厂_2.8.4	wiki.main	工业热力精炼厂_2.8.4.html	
维基	工业焦炉	wiki.main	工业焦炉.html	
维基	工业焦炉_2.8.4	wiki.main	工业焦炉_2.8.4.html	
维基	工业熔炉	wiki.main	工业熔炉.html	
维基	工业电弧炉	wiki.main	工业电弧炉.html	
维基	工业电弧炉_2.8.4	wiki.main	工业电弧炉_2.8.4.html	
维基	工业电解机	wiki.main	工业电解机.html	
维基	工业电解机_2.8.4	wiki.main	工业电解机_2.8.4.html	
维基	工业碎石机	wiki.main	工业碎石机.html	
维基	工业碎石机_2.8.4	wiki.main	工业碎石机_2.8.4.html	
维基	工业离心机	wiki.main	工业离心机.html	
维基	工业离心机_2.8.4	wiki.main	工业离心机_2.8.4.html	
维基	工业筛选机	wiki.main	工业筛选机.html	
维基	工业筛选机_2.8.4	wiki.main	工业筛选机_2.8.4.html	
维基	工业粉碎机	wiki.main	工业粉碎机.html	
维基	工业粉碎机_2.8.4	wiki.main	工业粉碎机_2.8.4.html	
维基	工业精密车床	wiki.main	工业精密车床.html	
维基	工业线缆机	wiki.main	工业线缆机.html	
维基	工业线缆机_2.8.4	wiki.main	工业线缆机_2.8.4.html	
维基	工业蜂箱	wiki.main	工业蜂箱.html	
维基	工业辊压机	wiki.main	工业辊压机.html	
维基	工业锻造锤	wiki.main	工业锻造锤.html	
维基	工业锻造锤_2.8.4	wiki.main	工业锻造锤_2.8.4.html	
维基	工业高压釜	wiki.main	工业高压釜.html	
维基	工业高炉	wiki.main	工业高炉.html	
维基	工作台	wiki.main	工作台.html	
维基	工作台_2	wiki.main	工作台_2.html	
维基	工作台覆盖板	wiki.main	工作台覆盖板.html	
维基	工作站	wiki.main	工作站.html	
维基	工具	wiki.main	工具.html	
维基	工具_历史版本20251222	wiki.main	工具_历史版本20251222.html	
维基	工具材料性能表	wiki.main	工具材料性能表.html	
维基	工程压印模板	wiki.main	工程压印模板.html	
维基	工程处理器	wiki.main	工程处理器.html	
维基	工程电路板	wiki.main	工程电路板.html	
维基	工艺流程	wiki.main	工艺流程.html	
维基	工艺流程与线性代数	wiki.main	工艺流程与线性代数.html	
维基	工艺流程图	wiki.main	工艺流程图.html	
维基	工艺流程计算器	wiki.main	工艺流程计算器.html	
维基	巨冰	wiki.main	巨冰.html	
维基	巨冰箱	wiki.main	巨冰箱.html	
维基	巨固化	wiki.main	巨固化.html	
维基	巨型化学反应釜	wiki.main	巨型化学反应釜.html	
维基	巨型化学反应釜_2.8.4	wiki.main	巨型化学反应釜_2.8.4.html	
维基	巨型合金冶炼炉	wiki.main	巨型合金冶炼炉.html	
维基	巨型容量瓶	wiki.main	巨型容量瓶.html	
维基	巨型工业蜂箱	wiki.main	巨型工业蜂箱.html	
维基	巨型工业高炉	wiki.main	巨型工业高炉.html	
维基	巨型工业高炉_2.8.4	wiki.main	巨型工业高炉_2.8.4.html	
维基	巨型真空冷冻机	wiki.main	巨型真空冷冻机.html	
维基	巨型石油裂化机	wiki.main	巨型石油裂化机.html	
维基	巨型石油裂化机_2.8.4	wiki.main	巨型石油裂化机_2.8.4.html	
维基	巨型蒸馏塔	wiki.main	巨型蒸馏塔.html	
维基	巨型蒸馏塔_2.8.4	wiki.main	巨型蒸馏塔_2.8.4.html	
维基	巨型输入仓	wiki.main	巨型输入仓.html	
维基	巨型输出仓	wiki.main	巨型输出仓.html	
维基	巨离心	wiki.main	巨离心.html	
维基	巫师酿造手册	wiki.main	巫师酿造手册.html	
维基	巫术	wiki.main	巫术.html	
维基	巫术_圆环法阵	wiki.main	巫术_圆环法阵.html	
维基	巫术_祈祷与灵物	wiki.main	巫术_祈祷与灵物.html	
维基	巫术_魔符学	wiki.main	巫术_魔符学.html	
维基	巫术boss	wiki.main	巫术boss.html	
维基	巫术法术	wiki.main	巫术法术.html	
维基	巫术炼药	wiki.main	巫术炼药.html	
维基	巴纳德C	wiki.main	巴纳德C.html	
维基	巴纳德E	wiki.main	巴纳德E.html	
维基	巴纳德F	wiki.main	巴纳德F.html	
维基	布莱恩科技航空专用强化胶带FAL84型	wiki.main	布莱恩科技航空专用强化胶带FAL84型.html	
维基	希尔金	wiki.main	希尔金.html	
维基	希格斯玻色子_(H⁰)	wiki.main	希格斯玻色子_(H⁰).html	
维基	带刺	wiki.main	带刺.html	
维基	常见崩溃报告及解决方法汇总	wiki.main	常见崩溃报告及解决方法汇总.html	
维基	常见问题解答	wiki.main	常见问题解答.html	
维基	干细胞	wiki.main	干细胞.html	
维基	平凡超维度催化剂	wiki.main	平凡超维度催化剂.html	
维基	并行	wiki.main	并行.html	
维基	并行和产速计算器	wiki.main	并行和产速计算器.html	
维基	并行处理单元	wiki.main	并行处理单元.html	
维基	幸运	wiki.main	幸运.html	
维基	幸运提升	wiki.main	幸运提升.html	
维基	幺米功率IC	wiki.main	幺米功率IC.html	
维基	幺米功率IC晶圆	wiki.main	幺米功率IC晶圆.html	
维基	幻锇	wiki.main	幻锇.html	
维基	幽冥剧毒结晶	wiki.main	幽冥剧毒结晶.html	
维基	应用能源	wiki.main	应用能源.html	
维基	应用能源2	wiki.main	应用能源2.html	
维基	应用能源2_P2P	wiki.main	应用能源2_P2P.html	
维基	应用能源2_P2P通道	wiki.main	应用能源2_P2P通道.html	
维基	应用能源2_中子能源	wiki.main	应用能源2_中子能源.html	
维基	应用能源2_升级卡	wiki.main	应用能源2_升级卡.html	
维基	应用能源2_存储与物流	wiki.main	应用能源2_存储与物流.html	
维基	应用能源2_存储元件	wiki.main	应用能源2_存储元件.html	
维基	应用能源2_存储单元	wiki.main	应用能源2_存储单元.html	
维基	应用能源2_工具	wiki.main	应用能源2_工具.html	
维基	应用能源2_数位化存储与物流	wiki.main	应用能源2_数位化存储与物流.html	
维基	应用能源2_空间塔	wiki.main	应用能源2_空间塔.html	
维基	应用能源2_线缆	wiki.main	应用能源2_线缆.html	
维基	应用能源2_终端	wiki.main	应用能源2_终端.html	
维基	应用能源2_网络组成	wiki.main	应用能源2_网络组成.html	
维基	应用能源2_能源元件	wiki.main	应用能源2_能源元件.html	
维基	应用能源2_能源接收器	wiki.main	应用能源2_能源接收器.html	
维基	应用能源2_能量	wiki.main	应用能源2_能量.html	
维基	应用能源2_自动合成	wiki.main	应用能源2_自动合成.html	
维基	应用能源2_自动合成的原材料发配结构	wiki.main	应用能源2_自动合成的原材料发配结构.html	
维基	应用能源2_连接ME网络	wiki.main	应用能源2_连接ME网络.html	
维基	应用能源与P2P	wiki.main	应用能源与P2P.html	
维基	应用能源与传送频道	wiki.main	应用能源与传送频道.html	
维基	应用能源与升级卡	wiki.main	应用能源与升级卡.html	
维基	应用能源与存储单元	wiki.main	应用能源与存储单元.html	
维基	应用能源与工具	wiki.main	应用能源与工具.html	
维基	应用能源与空间塔	wiki.main	应用能源与空间塔.html	
维基	应用能源与线缆	wiki.main	应用能源与线缆.html	
维基	应用能源与终端	wiki.main	应用能源与终端.html	
维基	应用能源与网络组成	wiki.main	应用能源与网络组成.html	
维基	应用能源与自动合成	wiki.main	应用能源与自动合成.html	
维基	应用能源与被动合成	wiki.main	应用能源与被动合成.html	
维基	废土世界	wiki.main	废土世界.html	
维基	废土空气	wiki.main	废土空气.html	
维基	废液	wiki.main	废液.html	
维基	建筑之杖	wiki.main	建筑之杖.html	
维基	开发	wiki.main	开发.html	
维基	开放式方块	wiki.main	开放式方块.html	
维基	开放式电脑	wiki.main	开放式电脑.html	
维基	开放式电脑_OpenOS	wiki.main	开放式电脑_OpenOS.html	
维基	开放式电脑_常用API	wiki.main	开放式电脑_常用API.html	
维基	开放式电脑_应用能源2提供的API	wiki.main	开放式电脑_应用能源2提供的API.html	
维基	开放式电脑_开发	wiki.main	开放式电脑_开发.html	
维基	开放式电脑_快速入门	wiki.main	开放式电脑_快速入门.html	
维基	开放式电脑_硬件	wiki.main	开放式电脑_硬件.html	
维基	开放式电脑（OpenComputers）实验教程	wiki.main	开放式电脑（OpenComputers）实验教程.html	
维基	异丁醛	wiki.main	异丁醛.html	
维基	异戊二烯	wiki.main	异戊二烯.html	
维基	异或门	wiki.main	异或门.html	
维基	异星主机	wiki.main	异星主机.html	
维基	异星处理器	wiki.main	异星处理器.html	
维基	异星系列电路板	wiki.main	异星系列电路板.html	
维基	异星超级计算机	wiki.main	异星超级计算机.html	
维基	异星超维度催化剂	wiki.main	异星超维度催化剂.html	
维基	异星铸造塔	wiki.main	异星铸造塔.html	
维基	异星铸造塔控制玻璃	wiki.main	异星铸造塔控制玻璃.html	
维基	异星集群	wiki.main	异星集群.html	
维基	异氙	wiki.main	异氙.html	
维基	异氙线	wiki.main	异氙线.html	
维基	引力	wiki.main	引力.html	
维基	引力子_(G)	wiki.main	引力子_(G).html	
维基	引力子碎片	wiki.main	引力子碎片.html	
维基	引力透镜	wiki.main	引力透镜.html	
维基	引诱	wiki.main	引诱.html	
维基	强化	wiki.main	强化.html	
维基	强化台	wiki.main	强化台.html	
维基	强化岩浆锅炉	wiki.main	强化岩浆锅炉.html	
维基	强化混合晶	wiki.main	强化混合晶.html	
维基	强化能量导管	wiki.main	强化能量导管.html	
维基	强化金属	wiki.main	强化金属.html	
维基	强化黑曜石	wiki.main	强化黑曜石.html	
维基	强壮	wiki.main	强壮.html	
维基	强大的核物理	wiki.main	强大的核物理.html	
维基	强导压合成表过滤器	wiki.main	强导压合成表过滤器.html	
维基	强导压时代	wiki.main	强导压时代.html	
维基	强导压校准器	wiki.main	强导压校准器.html	
维基	强导压涡轮充电器	wiki.main	强导压涡轮充电器.html	
维基	强导压物品分配器	wiki.main	强导压物品分配器.html	
维基	强导压物品过滤器	wiki.main	强导压物品过滤器.html	
维基	强导压电池充电器	wiki.main	强导压电池充电器.html	
维基	强导压类型过滤器	wiki.main	强导压类型过滤器.html	
维基	强导压缓存器	wiki.main	强导压缓存器.html	
维基	强导压能量缓冲器	wiki.main	强导压能量缓冲器.html	
维基	强导压超级缓存器	wiki.main	强导压超级缓存器.html	
维基	强键合下界合金纳米颗	wiki.main	强键合下界合金纳米颗.html	
维基	彗星之靴	wiki.main	彗星之靴.html	
维基	彩色玻璃	wiki.main	彩色玻璃.html	
维基	彩虹桥方块	wiki.main	彩虹桥方块.html	
维基	彩虹橡树	wiki.main	彩虹橡树.html	
维基	待办事项	wiki.main	待办事项.html	
维基	待办事项_应用能源2	wiki.main	待办事项_应用能源2.html	
维基	待办事项_需要翻译	wiki.main	待办事项_需要翻译.html	
维基	待发送缓存	wiki.main	待发送缓存.html	
维基	循环	wiki.main	循环.html	
维基	微型处理器	wiki.main	微型处理器.html	
维基	微型虫洞发生器	wiki.main	微型虫洞发生器.html	
维基	微波发生仪	wiki.main	微波发生仪.html	
维基	微波炉	wiki.main	微波炉.html	
维基	微波能量发射器	wiki.main	微波能量发射器.html	
维基	微波能量发射机	wiki.main	微波能量发射机.html	
维基	微波能量发生器	wiki.main	微波能量发生器.html	
维基	快速流体灌装机	wiki.main	快速流体灌装机.html	
维基	急迫	wiki.main	急迫.html	
维基	怪物灵魂	wiki.main	怪物灵魂.html	
维基	怪物粉碎机	wiki.main	怪物粉碎机.html	
维基	总线收发器	wiki.main	总线收发器.html	
维基	总线转换器	wiki.main	总线转换器.html	
维基	恒星合金	wiki.main	恒星合金.html	
维基	恒星合金头盔	wiki.main	恒星合金头盔.html	
维基	恒星合金护腿	wiki.main	恒星合金护腿.html	
维基	恒星合金斧	wiki.main	恒星合金斧.html	
维基	恒星合金末影流体导管	wiki.main	恒星合金末影流体导管.html	
维基	恒星合金电容	wiki.main	恒星合金电容.html	
维基	恒星合金胸甲	wiki.main	恒星合金胸甲.html	
维基	恒星合金能量导管	wiki.main	恒星合金能量导管.html	
维基	恒星合金镐	wiki.main	恒星合金镐.html	
维基	恒星合金靴子	wiki.main	恒星合金靴子.html	
维基	恒星燃料	wiki.main	恒星燃料.html	
维基	恒星超维度催化剂	wiki.main	恒星超维度催化剂.html	
维基	恒星辐射	wiki.main	恒星辐射.html	
维基	恶心	wiki.main	恶心.html	
维基	恶魔入侵	wiki.main	恶魔入侵.html	
维基	恶魔斗篷	wiki.main	恶魔斗篷.html	
维基	惰性富集硅岩	wiki.main	惰性富集硅岩.html	
维基	惰性寰宇焊料	wiki.main	惰性寰宇焊料.html	
维基	惰性硅岩	wiki.main	惰性硅岩.html	
维基	惰性超能硅岩	wiki.main	惰性超能硅岩.html	
维基	感知超频机械方块	wiki.main	感知超频机械方块.html	
维基	感觉不到疼痛	wiki.main	感觉不到疼痛.html	
维基	我在看什么	wiki.main	我在看什么.html	
维基	我的世界整合包基础知识	wiki.main	我的世界整合包基础知识.html	
维基	战利品袋	wiki.main	战利品袋.html	
维基	戴斯	wiki.main	戴斯.html	
维基	戴森云地面单元	wiki.main	戴森云地面单元.html	
维基	戴森球地面单元	wiki.main	戴森球地面单元.html	
维基	戴森球模块	wiki.main	戴森球模块.html	
维基	扇板	wiki.main	扇板.html	
维基	手把手教你如何在ev时期手搓“寰宇支配之剑”	wiki.main	手把手教你如何在ev时期手搓“寰宇支配之剑”.html	
维基	打包机	wiki.main	打包机.html	
维基	打印机	wiki.main	打印机.html	
维基	打火石	wiki.main	打火石.html	
维基	扩大化空间流体	wiki.main	扩大化空间流体.html	
维基	扫描仪	wiki.main	扫描仪.html	
维基	扭曲	wiki.main	扭曲.html	
维基	扭曲守护	wiki.main	扭曲守护.html	
维基	扭曲空间科技	wiki.main	扭曲空间科技.html	
维基	扳手	wiki.main	扳手.html	
维基	批处理	wiki.main	批处理.html	
维基	批量处理模式	wiki.main	批量处理模式.html	
维基	抑制	wiki.main	抑制.html	
维基	抗击	wiki.main	抗击.html	
维基	抗性提升	wiki.main	抗性提升.html	
维基	抽屉	wiki.main	抽屉.html	
维基	拆箱者_IV	wiki.main	拆箱者_IV.html	
维基	拆箱者_V	wiki.main	拆箱者_V.html	
维基	拆箱者_VI	wiki.main	拆箱者_VI.html	
维基	拆箱者_VII	wiki.main	拆箱者_VII.html	
维基	拆解机	wiki.main	拆解机.html	
维基	拉入	wiki.main	拉入.html	
维基	拉多X聚合物	wiki.main	拉多X聚合物.html	
维基	拟似之星	wiki.main	拟似之星.html	
维基	指令	wiki.main	指令.html	
维基	按比例分配	wiki.main	按比例分配.html	
维基	挖掘疲劳	wiki.main	挖掘疲劳.html	
维基	挡雨方块	wiki.main	挡雨方块.html	
维基	捕虫网	wiki.main	捕虫网.html	
维基	捕鱼,农业,烹饪	wiki.main	捕鱼,农业,烹饪.html	
维基	掌上电脑	wiki.main	掌上电脑.html	
维基	排水道覆盖板	wiki.main	排水道覆盖板.html	
维基	探矿仪	wiki.main	探矿仪.html	
维基	探矿仪(LV)	wiki.main	探矿仪(LV).html	
维基	探险者背包	wiki.main	探险者背包.html	
维基	接口	wiki.main	接口.html	
维基	接口工具	wiki.main	接口工具.html	
维基	控制器槽位	wiki.main	控制器槽位.html	
维基	推出	wiki.main	推出.html	
维基	掺碳三元硅岩合金	wiki.main	掺碳三元硅岩合金.html	
维基	掺铈镥铝石榴石_(Ce_LuAG)	wiki.main	掺铈镥铝石榴石_(Ce_LuAG).html	
维基	掺铈镥铝石榴石循	wiki.main	掺铈镥铝石榴石循.html	
维基	掺铈镥铝石榴石循环	wiki.main	掺铈镥铝石榴石循环.html	
维基	掺铈镥铝石榴石（Ce_LuAG）	wiki.main	掺铈镥铝石榴石（Ce_LuAG）.html	
维基	提升生活品质	wiki.main	提升生活品质.html	
维基	提取机	wiki.main	提取机.html	
维基	提示、技巧	wiki.main	提示、技巧.html	
维基	搅拌机	wiki.main	搅拌机.html	
维基	搋子	wiki.main	搋子.html	
维基	搜索配方	wiki.main	搜索配方.html	
维基	撬棍	wiki.main	撬棍.html	
维基	放射仓	wiki.main	放射仓.html	
维基	放射性	wiki.main	放射性.html	
维基	放射性物质	wiki.main	放射性物质.html	
维基	放射物衰变库	wiki.main	放射物衰变库.html	
维基	放热壁炉	wiki.main	放热壁炉.html	
维基	故障提示	wiki.main	故障提示.html	
维基	敌对生物驱逐器	wiki.main	敌对生物驱逐器.html	
维基	教程导读	wiki.main	教程导读.html	
维基	散热片	wiki.main	散热片.html	
维基	数位化存储	wiki.main	数位化存储.html	
维基	数字奇点ME存储元件	wiki.main	数字奇点ME存储元件.html	
维基	数学公式	wiki.main	数学公式.html	
维基	数据仓	wiki.main	数据仓.html	
维基	数据发射器覆盖板	wiki.main	数据发射器覆盖板.html	
维基	数据库	wiki.main	数据库.html	
维基	数据库发送接口	wiki.main	数据库发送接口.html	
维基	数据库无线发送接口	wiki.main	数据库无线发送接口.html	
维基	数据球	wiki.main	数据球.html	
维基	数据球仓	wiki.main	数据球仓.html	
维基	数据访问仓	wiki.main	数据访问仓.html	
维基	斑铜	wiki.main	斑铜.html	
维基	斜方砷铁	wiki.main	斜方砷铁.html	
维基	斯特林发电机	wiki.main	斯特林发电机.html	
维基	新手建议	wiki.main	新手建议.html	
维基	新手贡献指南	wiki.main	新手贡献指南.html	
维基	新手魔法能源吸收器	wiki.main	新手魔法能源吸收器.html	
维基	新手魔法能源转换器	wiki.main	新手魔法能源转换器.html	
维基	新视界	wiki.main	新视界.html	
维基	方块容器ME存储元件	wiki.main	方块容器ME存储元件.html	
维基	方解石	wiki.main	方解石.html	
维基	方钍石	wiki.main	方钍石.html	
维基	方钠石	wiki.main	方钠石.html	
维基	旅行地图	wiki.main	旅行地图.html	
维基	旅行权杖	wiki.main	旅行权杖.html	
维基	旅行者之靴	wiki.main	旅行者之靴.html	
维基	旅行锚	wiki.main	旅行锚.html	
维基	旋律合金	wiki.main	旋律合金.html	
维基	旋律合金电容	wiki.main	旋律合金电容.html	
维基	旋律合金能量导管	wiki.main	旋律合金能量导管.html	
维基	旋风分子离心机	wiki.main	旋风分子离心机.html	
维基	无人机(T3)	wiki.main	无人机(T3).html	
维基	无人机下行模块	wiki.main	无人机下行模块.html	
维基	无人机控制中心	wiki.main	无人机控制中心.html	
维基	无人机控制中心_2.8.4	wiki.main	无人机控制中心_2.8.4.html	
维基	无尽	wiki.main	无尽.html	
维基	无尽之	wiki.main	无尽之.html	
维基	无尽之块	wiki.main	无尽之块.html	
维基	无尽催化剂	wiki.main	无尽催化剂.html	
维基	无尽催化剂(物品)	wiki.main	无尽催化剂(物品).html	
维基	无尽头盔	wiki.main	无尽头盔.html	
维基	无尽套装	wiki.main	无尽套装.html	
维基	无尽小土豆	wiki.main	无尽小土豆.html	
维基	无尽强化硼玻璃方块	wiki.main	无尽强化硼玻璃方块.html	
维基	无尽护腿	wiki.main	无尽护腿.html	
维基	无尽油气流体钻机	wiki.main	无尽油气流体钻机.html	
维基	无尽油气流体钻机_2.8.4	wiki.main	无尽油气流体钻机_2.8.4.html	
维基	无尽流体钻机	wiki.main	无尽流体钻机.html	
维基	无尽流体钻机_2.8.4	wiki.main	无尽流体钻机_2.8.4.html	
维基	无尽电极	wiki.main	无尽电极.html	
维基	无尽箱子	wiki.main	无尽箱子.html	
维基	无尽线圈	wiki.main	无尽线圈.html	
维基	无尽线圈方块	wiki.main	无尽线圈方块.html	
维基	无尽胸甲	wiki.main	无尽胸甲.html	
维基	无尽贪婪	wiki.main	无尽贪婪.html	
维基	无尽靴子	wiki.main	无尽靴子.html	
维基	无损声子传输介质	wiki.main	无损声子传输介质.html	
维基	无损超频	wiki.main	无损超频.html	
维基	无界寰宇焊料	wiki.main	无界寰宇焊料.html	
维基	无线EU网络	wiki.main	无线EU网络.html	
维基	无线信号增幅器	wiki.main	无线信号增幅器.html	
维基	无线充电器	wiki.main	无线充电器.html	
维基	无线充电器_MK_I	wiki.main	无线充电器_MK_I.html	
维基	无线充电器_MK_II	wiki.main	无线充电器_MK_II.html	
维基	无线充电器_MK_III	wiki.main	无线充电器_MK_III.html	
维基	无线充电器_MK_IV	wiki.main	无线充电器_MK_IV.html	
维基	无线充电器_MK_IX	wiki.main	无线充电器_MK_IX.html	
维基	无线充电器_MK_V	wiki.main	无线充电器_MK_V.html	
维基	无线充电器_MK_VI	wiki.main	无线充电器_MK_VI.html	
维基	无线充电器_MK_VII	wiki.main	无线充电器_MK_VII.html	
维基	无线充电器_MK_VIII	wiki.main	无线充电器_MK_VIII.html	
维基	无线充能器	wiki.main	无线充能器.html	
维基	无线工具	wiki.main	无线工具.html	
维基	无线接入器	wiki.main	无线接入器.html	
维基	无线流体探测覆盖板	wiki.main	无线流体探测覆盖板.html	
维基	无线物品探测覆盖板	wiki.main	无线物品探测覆盖板.html	
维基	无线电网	wiki.main	无线电网.html	
维基	无线维护提示覆盖板	wiki.main	无线维护提示覆盖板.html	
维基	无线耳机	wiki.main	无线耳机.html	
维基	无线能源仓	wiki.main	无线能源仓.html	
维基	无线能源覆盖板	wiki.main	无线能源覆盖板.html	
维基	无线设备活跃探测覆盖板	wiki.main	无线设备活跃探测覆盖板.html	
维基	无线设置工具	wiki.main	无线设置工具.html	
维基	无线连接器	wiki.main	无线连接器.html	
维基	无线集线器	wiki.main	无线集线器.html	
维基	无菌培养基	wiki.main	无菌培养基.html	
维基	无限喷漆罐	wiki.main	无限喷漆罐.html	
维基	无限喷漆罐(溶剂)	wiki.main	无限喷漆罐(溶剂).html	
维基	无限流体储罐	wiki.main	无限流体储罐.html	
维基	无限能量升级卡	wiki.main	无限能量升级卡.html	
维基	无限能量卡	wiki.main	无限能量卡.html	
维基	无魔法挑战	wiki.main	无魔法挑战.html	
维基	日之辱蔑	wiki.main	日之辱蔑.html	
维基	日晷	wiki.main	日晷.html	
维基	日耀投射强化机械方块	wiki.main	日耀投射强化机械方块.html	
维基	早期矿脉机制	wiki.main	早期矿脉机制.html	
维基	时光树	wiki.main	时光树.html	
维基	时光树时钟	wiki.main	时光树时钟.html	
维基	时光树的时钟	wiki.main	时光树的时钟.html	
维基	时空	wiki.main	时空.html	
维基	时运	wiki.main	时运.html	
维基	时间碎片	wiki.main	时间碎片.html	
维基	易燃	wiki.main	易燃.html	
维基	星体钛	wiki.main	星体钛.html	
维基	星球吞噬之铲	wiki.main	星球吞噬之铲.html	
维基	星空	wiki.main	星空.html	
维基	星系	wiki.main	星系.html	
维基	星辰银	wiki.main	星辰银.html	
维基	星门	wiki.main	星门.html	
维基	星门三角部件	wiki.main	星门三角部件.html	
维基	星门外环方块	wiki.main	星门外环方块.html	
维基	星门导标升级	wiki.main	星门导标升级.html	
维基	星门导标方块	wiki.main	星门导标方块.html	
维基	星门底座方块	wiki.main	星门底座方块.html	
维基	星门控制器	wiki.main	星门控制器.html	
维基	星门控制水晶	wiki.main	星门控制水晶.html	
维基	星门核心水晶	wiki.main	星门核心水晶.html	
维基	星门框架部件	wiki.main	星门框架部件.html	
维基	星门水晶	wiki.main	星门水晶.html	
维基	星门水晶浆液	wiki.main	星门水晶浆液.html	
维基	星门虹膜升级	wiki.main	星门虹膜升级.html	
维基	星门规则	wiki.main	星门规则.html	
维基	星门辐射防护板	wiki.main	星门辐射防护板.html	
维基	星阵	wiki.main	星阵.html	
维基	星际之门	wiki.main	星际之门.html	
维基	显示元件	wiki.main	显示元件.html	
维基	普朗克功率IC	wiki.main	普朗克功率IC.html	
维基	普朗克功率IC晶圆	wiki.main	普朗克功率IC晶圆.html	
维基	普朗克尺度电路	wiki.main	普朗克尺度电路.html	
维基	普朗克电路	wiki.main	普朗克电路.html	
维基	晶体主机	wiki.main	晶体主机.html	
维基	晶体催生器	wiki.main	晶体催生器.html	
维基	晶体处理器	wiki.main	晶体处理器.html	
维基	晶体循	wiki.main	晶体循.html	
维基	晶体循环	wiki.main	晶体循环.html	
维基	晶体管	wiki.main	晶体管.html	
维基	晶体系列电路板	wiki.main	晶体系列电路板.html	
维基	晶体芯片原料	wiki.main	晶体芯片原料.html	
维基	晶体芯片碎片	wiki.main	晶体芯片碎片.html	
维基	晶体超级计算机	wiki.main	晶体超级计算机.html	
维基	晶体集群	wiki.main	晶体集群.html	
维基	晶元与芯片	wiki.main	晶元与芯片.html	
维基	晶化合金	wiki.main	晶化合金.html	
维基	晶化合金电容	wiki.main	晶化合金电容.html	
维基	晶化合金能量导管	wiki.main	晶化合金能量导管.html	
维基	晶化粉红史莱姆	wiki.main	晶化粉红史莱姆.html	
维基	晶化粉红史莱姆能量导管	wiki.main	晶化粉红史莱姆能量导管.html	
维基	晶圆	wiki.main	晶圆.html	
维基	晶圆与芯片	wiki.main	晶圆与芯片.html	
维基	智能阻挡模式	wiki.main	智能阻挡模式.html	
维基	暗影	wiki.main	暗影.html	
维基	暗影秘银	wiki.main	暗影秘银.html	
维基	暗影金属	wiki.main	暗影金属.html	
维基	暗影钢	wiki.main	暗影钢.html	
维基	暗影铁	wiki.main	暗影铁.html	
维基	暗物质	wiki.main	暗物质.html	
维基	暮色树木	wiki.main	暮色树木.html	
维基	暮色森林	wiki.main	暮色森林.html	
维基	暮色橡树	wiki.main	暮色橡树.html	
维基	更多实用设备	wiki.main	更多实用设备.html	
维基	更好的桶	wiki.main	更好的桶.html	
维基	更新日志_1.0.6.0	wiki.main	更新日志_1.0.6.0.html	
维基	更新日志_1.0.7.0	wiki.main	更新日志_1.0.7.0.html	
维基	更新日志_1.0.7.1	wiki.main	更新日志_1.0.7.1.html	
维基	更新日志_1.0.7.2	wiki.main	更新日志_1.0.7.2.html	
维基	更新日志_1.0.7.3	wiki.main	更新日志_1.0.7.3.html	
维基	更新日志_1.0.7.4	wiki.main	更新日志_1.0.7.4.html	
维基	更新日志_1.0.7.4a	wiki.main	更新日志_1.0.7.4a.html	
维基	更新日志_1.0.7.5	wiki.main	更新日志_1.0.7.5.html	
维基	更新日志_1.0.7.6	wiki.main	更新日志_1.0.7.6.html	
维基	更新日志_1.0.7.7	wiki.main	更新日志_1.0.7.7.html	
维基	更新日志_1.0.7.8	wiki.main	更新日志_1.0.7.8.html	
维基	更新日志_1.0.7.9	wiki.main	更新日志_1.0.7.9.html	
维基	更新日志_1.0.8.0	wiki.main	更新日志_1.0.8.0.html	
维基	更新日志_1.0.8.1	wiki.main	更新日志_1.0.8.1.html	
维基	更新日志_1.0.8.2	wiki.main	更新日志_1.0.8.2.html	
维基	更新日志_1.0.8.3	wiki.main	更新日志_1.0.8.3.html	
维基	更新日志_1.0.8.4	wiki.main	更新日志_1.0.8.4.html	
维基	更新日志_1.0.8.5	wiki.main	更新日志_1.0.8.5.html	
维基	更新日志_1.0.8.6	wiki.main	更新日志_1.0.8.6.html	
维基	更新日志_1.0.8.7	wiki.main	更新日志_1.0.8.7.html	
维基	更新日志_1.0.8.8	wiki.main	更新日志_1.0.8.8.html	
维基	更新日志_1.0.8.9	wiki.main	更新日志_1.0.8.9.html	
维基	更新日志_1.0.9.0	wiki.main	更新日志_1.0.9.0.html	
维基	更新日志_1.0.9.1	wiki.main	更新日志_1.0.9.1.html	
维基	更新日志_1.0.9.2	wiki.main	更新日志_1.0.9.2.html	
维基	更新日志_1.1.0.0	wiki.main	更新日志_1.1.0.0.html	
维基	更新日志_1.1.0.4	wiki.main	更新日志_1.1.0.4.html	
维基	更新日志_1.2.0.0	wiki.main	更新日志_1.2.0.0.html	
维基	更新日志_1.2.1.0	wiki.main	更新日志_1.2.1.0.html	
维基	更新日志_1.3.0.1	wiki.main	更新日志_1.3.0.1.html	
维基	更新日志_1.3.0.5	wiki.main	更新日志_1.3.0.5.html	
维基	更新日志_1.4.0.1	wiki.main	更新日志_1.4.0.1.html	
维基	更新日志_1.4.1.0	wiki.main	更新日志_1.4.1.0.html	
维基	更新日志_1.4.1.1	wiki.main	更新日志_1.4.1.1.html	
维基	更新日志_1.5.0.0	wiki.main	更新日志_1.5.0.0.html	
维基	更新日志_1.5.0.1	wiki.main	更新日志_1.5.0.1.html	
维基	更新日志_1.5.0.2	wiki.main	更新日志_1.5.0.2.html	
维基	更新日志_1.5.0.3	wiki.main	更新日志_1.5.0.3.html	
维基	更新日志_1.5.0.4	wiki.main	更新日志_1.5.0.4.html	
维基	更新日志_1.5.0.5	wiki.main	更新日志_1.5.0.5.html	
维基	更新日志_1.5.0.6	wiki.main	更新日志_1.5.0.6.html	
维基	更新日志_1.5.0.7	wiki.main	更新日志_1.5.0.7.html	
维基	更新日志_1.5.1.0	wiki.main	更新日志_1.5.1.0.html	
维基	更新日志_1.5.1.1	wiki.main	更新日志_1.5.1.1.html	
维基	更新日志_1.5.1.2	wiki.main	更新日志_1.5.1.2.html	
维基	更新日志_2.0.0.0	wiki.main	更新日志_2.0.0.0.html	
维基	更新日志_2.0.1.0	wiki.main	更新日志_2.0.1.0.html	
维基	更新日志_2.0.1.1	wiki.main	更新日志_2.0.1.1.html	
维基	更新日志_2.0.1.2	wiki.main	更新日志_2.0.1.2.html	
维基	更新日志_2.0.1.3	wiki.main	更新日志_2.0.1.3.html	
维基	更新日志_2.0.2.0	wiki.main	更新日志_2.0.2.0.html	
维基	更新日志_2.0.2.3	wiki.main	更新日志_2.0.2.3.html	
维基	更新日志_2.0.2.4	wiki.main	更新日志_2.0.2.4.html	
维基	更新日志_2.0.2.5	wiki.main	更新日志_2.0.2.5.html	
维基	更新日志_2.0.2.6	wiki.main	更新日志_2.0.2.6.html	
维基	更新日志_2.0.2.7	wiki.main	更新日志_2.0.2.7.html	
维基	更新日志_2.0.3.0	wiki.main	更新日志_2.0.3.0.html	
维基	更新日志_2.0.4.0	wiki.main	更新日志_2.0.4.0.html	
维基	更新日志_2.0.4.1	wiki.main	更新日志_2.0.4.1.html	
维基	更新日志_2.0.4.2	wiki.main	更新日志_2.0.4.2.html	
维基	更新日志_2.0.4.3	wiki.main	更新日志_2.0.4.3.html	
维基	更新日志_2.0.4.4	wiki.main	更新日志_2.0.4.4.html	
维基	更新日志_2.0.4.5	wiki.main	更新日志_2.0.4.5.html	
维基	更新日志_2.0.4.6	wiki.main	更新日志_2.0.4.6.html	
维基	更新日志_2.0.4.7	wiki.main	更新日志_2.0.4.7.html	
维基	更新日志_2.0.4.8	wiki.main	更新日志_2.0.4.8.html	
维基	更新日志_2.0.4.9	wiki.main	更新日志_2.0.4.9.html	
维基	更新日志_2.0.5.0	wiki.main	更新日志_2.0.5.0.html	
维基	更新日志_2.0.5.1	wiki.main	更新日志_2.0.5.1.html	
维基	更新日志_2.0.6.0	wiki.main	更新日志_2.0.6.0.html	
维基	更新日志_2.0.6.2	wiki.main	更新日志_2.0.6.2.html	
维基	更新日志_2.0.6.8	wiki.main	更新日志_2.0.6.8.html	
维基	更新日志_2.0.7.0	wiki.main	更新日志_2.0.7.0.html	
维基	更新日志_2.0.7.5	wiki.main	更新日志_2.0.7.5.html	
维基	更新日志_2.0.8.0pre	wiki.main	更新日志_2.0.8.0pre.html	
维基	更新日志_2.0.8.1	wiki.main	更新日志_2.0.8.1.html	
维基	更新日志_2.0.8.3	wiki.main	更新日志_2.0.8.3.html	
维基	更新日志_2.0.8.4	wiki.main	更新日志_2.0.8.4.html	
维基	更新日志_2.0.8.5&6	wiki.main	更新日志_2.0.8.5&6.html	
维基	更新日志_2.0.8.7	wiki.main	更新日志_2.0.8.7.html	
维基	更新日志_2.0.8.8	wiki.main	更新日志_2.0.8.8.html	
维基	更新日志_2.0.9.0	wiki.main	更新日志_2.0.9.0.html	
维基	更新日志_2.1.0.0	wiki.main	更新日志_2.1.0.0.html	
维基	更新日志_2.1.1.0	wiki.main	更新日志_2.1.1.0.html	
维基	更新日志_2.1.2.0	wiki.main	更新日志_2.1.2.0.html	
维基	更新日志_2.1.2.2-2.2.0.0	wiki.main	更新日志_2.1.2.2-2.2.0.0.html	
维基	更新日志_2.1.2.4-化工专栏	wiki.main	更新日志_2.1.2.4-化工专栏.html	
维基	更新日志_2.2.0.0-2.3.0	wiki.main	更新日志_2.2.0.0-2.3.0.html	
维基	更新日志_2.2.3	wiki.main	更新日志_2.2.3.html	
维基	更新日志_2.2.7	wiki.main	更新日志_2.2.7.html	
维基	更新日志_2.2.8	wiki.main	更新日志_2.2.8.html	
维基	更新日志_2.3.0-2.4.0	wiki.main	更新日志_2.3.0-2.4.0.html	
维基	更新日志_2.3.1	wiki.main	更新日志_2.3.1.html	
维基	更新日志_2.3.2	wiki.main	更新日志_2.3.2.html	
维基	更新日志_2.3.3	wiki.main	更新日志_2.3.3.html	
维基	更新日志_2.3.4	wiki.main	更新日志_2.3.4.html	
维基	更新日志_2.3.5	wiki.main	更新日志_2.3.5.html	
维基	更新日志_2.3.6	wiki.main	更新日志_2.3.6.html	
维基	更新日志_2.3.7	wiki.main	更新日志_2.3.7.html	
维基	更新日志_2.4.0	wiki.main	更新日志_2.4.0.html	
维基	更新日志_2.4.0-2.5.0	wiki.main	更新日志_2.4.0-2.5.0.html	
维基	更新日志_2.5.0	wiki.main	更新日志_2.5.0.html	
维基	更新日志_2.5.0-2.6.0	wiki.main	更新日志_2.5.0-2.6.0.html	
维基	更新日志_2.5.1	wiki.main	更新日志_2.5.1.html	
维基	更新日志_2.6.0-2.6.1	wiki.main	更新日志_2.6.0-2.6.1.html	
维基	更新日志_2.6.0-2.7.0	wiki.main	更新日志_2.6.0-2.7.0.html	
维基	更新日志_2.6.2	wiki.main	更新日志_2.6.2.html	
维基	更新日志_2.7.0-2.7.1	wiki.main	更新日志_2.7.0-2.7.1.html	
维基	更新日志_2.7.1-2.7.2	wiki.main	更新日志_2.7.1-2.7.2.html	
维基	更新日志_2.7.2-2.7.3	wiki.main	更新日志_2.7.2-2.7.3.html	
维基	更新日志_2.7.3-2.7.4	wiki.main	更新日志_2.7.3-2.7.4.html	
维基	更新日志_2.7.4-2.8.0	wiki.main	更新日志_2.7.4-2.8.0.html	
维基	更新日志_2.7.4_-_2.8.0	wiki.main	更新日志_2.7.4_-_2.8.0.html	
维基	更新日志_2.7.4_-_2.8.0-beta-1	wiki.main	更新日志_2.7.4_-_2.8.0-beta-1.html	
维基	更新日志_2.7.4_-_2.8.0_线缆	wiki.main	更新日志_2.7.4_-_2.8.0_线缆.html	
维基	更新日志_2.8.0-beta-1_-_2.8.0-beta-2	wiki.main	更新日志_2.8.0-beta-1_-_2.8.0-beta-2.html	
维基	更新日志_2.8.0-beta-2_-_2.8.0-beta-3	wiki.main	更新日志_2.8.0-beta-2_-_2.8.0-beta-3.html	
维基	更新日志_2.8.0-beta-3_-_2.8.0-beta-4	wiki.main	更新日志_2.8.0-beta-3_-_2.8.0-beta-4.html	
维基	更新日志_2.8.0-beta-4_-_2.8.0-rc-1	wiki.main	更新日志_2.8.0-beta-4_-_2.8.0-rc-1.html	
维基	更新日志_2.8.0-rc-1_-_2.8.0-rc-2	wiki.main	更新日志_2.8.0-rc-1_-_2.8.0-rc-2.html	
维基	更新日志_2.8.0_-_2.8.1	wiki.main	更新日志_2.8.0_-_2.8.1.html	
维基	更新日志_2.8.1-2.8.2	wiki.main	更新日志_2.8.1-2.8.2.html	
维基	更新日志_2.8.1_-_2.8.2	wiki.main	更新日志_2.8.1_-_2.8.2.html	
维基	更新日志_2.8.2_-_2.8.3	wiki.main	更新日志_2.8.2_-_2.8.3.html	
维基	更新日志_2.8.3_-_2.8.4	wiki.main	更新日志_2.8.3_-_2.8.4.html	
维基	更新日志_2.8.4_to_2.9.0-beta-1	wiki.main	更新日志_2.8.4_to_2.9.0-beta-1.html	
维基	更新日志_2.9.0-beta-1_to_2.9.0-beta-2	wiki.main	更新日志_2.9.0-beta-1_to_2.9.0-beta-2.html	
维基	更新日志_2.9.0-beta-2_to_2.9.0-beta-3	wiki.main	更新日志_2.9.0-beta-2_to_2.9.0-beta-3.html	
维基	最大输入功率	wiki.main	最大输入功率.html	
维基	最新测试版	wiki.main	最新测试版.html	
维基	月球	wiki.main	月球.html	
维基	有损循环	wiki.main	有损循环.html	
维基	有损超频	wiki.main	有损超频.html	
维基	有源变压器	wiki.main	有源变压器.html	
维基	服务器搭建	wiki.main	服务器搭建.html	
维基	木	wiki.main	木.html	
维基	木卫一	wiki.main	木卫一.html	
维基	木卫三	wiki.main	木卫三.html	
维基	木卫二	wiki.main	木卫二.html	
维基	木卫四	wiki.main	木卫四.html	
维基	木卫四冰	wiki.main	木卫四冰.html	
维基	木桶	wiki.main	木桶.html	
维基	木棍	wiki.main	木棍.html	
维基	木炭	wiki.main	木炭.html	
维基	木炭堆	wiki.main	木炭堆.html	
维基	木炭堆点火器	wiki.main	木炭堆点火器.html	
维基	木炭气	wiki.main	木炭气.html	
维基	未定元解析器_X	wiki.main	未定元解析器_X.html	
维基	未成形的咒源玄晶	wiki.main	未成形的咒源玄晶.html	
维基	未知营养琼脂	wiki.main	未知营养琼脂.html	
维基	末地	wiki.main	末地.html	
维基	末影(te)	wiki.main	末影(te).html	
维基	末影之眼	wiki.main	末影之眼.html	
维基	末影人发电机	wiki.main	末影人发电机.html	
维基	末影人头	wiki.main	末影人头.html	
维基	末影储罐	wiki.main	末影储罐.html	
维基	末影封锁	wiki.main	末影封锁.html	
维基	末影抑制	wiki.main	末影抑制.html	
维基	末影接口	wiki.main	末影接口.html	
维基	末影流体导管	wiki.main	末影流体导管.html	
维基	末影流体覆盖板	wiki.main	末影流体覆盖板.html	
维基	末影潮汐水晶	wiki.main	末影潮汐水晶.html	
维基	末影珍珠	wiki.main	末影珍珠.html	
维基	末影粗胚	wiki.main	末影粗胚.html	
维基	末影能量导管	wiki.main	末影能量导管.html	
维基	末影轨道	wiki.main	末影轨道.html	
维基	末影采石场	wiki.main	末影采石场.html	
维基	末影采石场世界坑升级	wiki.main	末影采石场世界坑升级.html	
维基	末影采石场效率III升级	wiki.main	末影采石场效率III升级.html	
维基	末影采石场效率II升级	wiki.main	末影采石场效率II升级.html	
维基	末影采石场效率I升级	wiki.main	末影采石场效率I升级.html	
维基	末影采石场时运III升级	wiki.main	末影采石场时运III升级.html	
维基	末影采石场时运II升级	wiki.main	末影采石场时运II升级.html	
维基	末影采石场时运I升级	wiki.main	末影采石场时运I升级.html	
维基	末影采石场泵升级	wiki.main	末影采石场泵升级.html	
维基	末影采石场精准升级	wiki.main	末影采石场精准升级.html	
维基	末影钢	wiki.main	末影钢.html	
维基	末影钢头盔	wiki.main	末影钢头盔.html	
维基	末影钢护腿	wiki.main	末影钢护腿.html	
维基	末影钢斧	wiki.main	末影钢斧.html	
维基	末影钢胸甲	wiki.main	末影钢胸甲.html	
维基	末影钢镐	wiki.main	末影钢镐.html	
维基	末影钢靴子	wiki.main	末影钢靴子.html	
维基	末影（te）	wiki.main	末影（te）.html	
维基	术语	wiki.main	术语.html	
维基	机器	wiki.main	机器.html	
维基	机器外壳	wiki.main	机器外壳.html	
维基	机器控制覆盖板	wiki.main	机器控制覆盖板.html	
维基	机器组件	wiki.main	机器组件.html	
维基	机械外壳	wiki.main	机械外壳.html	
维基	机械头盔	wiki.main	机械头盔.html	
维基	机械护腿	wiki.main	机械护腿.html	
维基	机械方块	wiki.main	机械方块.html	
维基	机械方块与机器外壳	wiki.main	机械方块与机器外壳.html	
维基	机械胸甲	wiki.main	机械胸甲.html	
维基	机械臂	wiki.main	机械臂.html	
维基	机械臂(EV)	wiki.main	机械臂(EV).html	
维基	机械臂(HV)	wiki.main	机械臂(HV).html	
维基	机械臂(IV)	wiki.main	机械臂(IV).html	
维基	机械臂(LV)	wiki.main	机械臂(LV).html	
维基	机械臂(LuV)	wiki.main	机械臂(LuV).html	
维基	机械臂(MAX)	wiki.main	机械臂(MAX).html	
维基	机械臂(MV)	wiki.main	机械臂(MV).html	
维基	机械臂(UEV)	wiki.main	机械臂(UEV).html	
维基	机械臂(UHV)	wiki.main	机械臂(UHV).html	
维基	机械臂(UIV)	wiki.main	机械臂(UIV).html	
维基	机械臂(UMV)	wiki.main	机械臂(UMV).html	
维基	机械臂(UV)	wiki.main	机械臂(UV).html	
维基	机械臂(UXV)	wiki.main	机械臂(UXV).html	
维基	机械臂(ZPM)	wiki.main	机械臂(ZPM).html	
维基	机械装甲	wiki.main	机械装甲.html	
维基	机械装甲_模块化护甲	wiki.main	机械装甲_模块化护甲.html	
维基	机械靴子	wiki.main	机械靴子.html	
维基	杀手乔	wiki.main	杀手乔.html	
维基	杂酚油	wiki.main	杂酚油.html	
维基	材料	wiki.main	材料.html	
维基	材料型覆盖板	wiki.main	材料型覆盖板.html	
维基	材质包	wiki.main	材质包.html	
维基	村庄	wiki.main	村庄.html	
维基	村民科技	wiki.main	村民科技.html	
维基	束流	wiki.main	束流.html	
维基	束流仓	wiki.main	束流仓.html	
维基	束流分流器	wiki.main	束流分流器.html	
维基	束流反射镜	wiki.main	束流反射镜.html	
维基	束流合成器	wiki.main	束流合成器.html	
维基	束流源室	wiki.main	束流源室.html	
维基	束流稳定器	wiki.main	束流稳定器.html	
维基	束流管	wiki.main	束流管.html	
维基	束流蚀刻线	wiki.main	束流蚀刻线.html	
维基	束流输入仓	wiki.main	束流输入仓.html	
维基	束流输入仓(LuV)	wiki.main	束流输入仓(LuV).html	
维基	束流输出仓	wiki.main	束流输出仓.html	
维基	束流输出仓(LuV)	wiki.main	束流输出仓(LuV).html	
维基	束流通用计算器	wiki.main	束流通用计算器.html	
维基	束流靶室	wiki.main	束流靶室.html	
维基	束缚	wiki.main	束缚.html	
维基	松油	wiki.main	松油.html	
维基	板材切割机	wiki.main	板材切割机.html	
维基	极上拓压时代	wiki.main	极上拓压时代.html	
维基	极上拓压电池充电器	wiki.main	极上拓压电池充电器.html	
维基	极不稳定硅岩	wiki.main	极不稳定硅岩.html	
维基	极乐遗忘药水	wiki.main	极乐遗忘药水.html	
维基	极元始珍珠	wiki.main	极元始珍珠.html	
维基	极剧差压时代	wiki.main	极剧差压时代.html	
维基	极剧差压电池充电器	wiki.main	极剧差压电池充电器.html	
维基	极剧差压缓存器	wiki.main	极剧差压缓存器.html	
维基	极寒之凛冰	wiki.main	极寒之凛冰.html	
维基	极强导压时代	wiki.main	极强导压时代.html	
维基	极强导压电池充电器	wiki.main	极强导压电池充电器.html	
维基	极强导压缓存器	wiki.main	极强导压缓存器.html	
维基	极温净化水(五级净化水)	wiki.main	极温净化水(五级净化水).html	
维基	极温净化水（五级净化水）	wiki.main	极温净化水（五级净化水）.html	
维基	极热高炉	wiki.main	极热高炉.html	
维基	极端温度波动净化单元	wiki.main	极端温度波动净化单元.html	
维基	极重油	wiki.main	极重油.html	
维基	极限内燃引擎	wiki.main	极限内燃引擎.html	
维基	极限内燃引擎_2.8.4	wiki.main	极限内燃引擎_2.8.4.html	
维基	极限压合成表过滤器	wiki.main	极限压合成表过滤器.html	
维基	极限压时代	wiki.main	极限压时代.html	
维基	极限压校准器	wiki.main	极限压校准器.html	
维基	极限压涡轮充电器	wiki.main	极限压涡轮充电器.html	
维基	极限压物品分配器	wiki.main	极限压物品分配器.html	
维基	极限压物品过滤器	wiki.main	极限压物品过滤器.html	
维基	极限压电池充电器	wiki.main	极限压电池充电器.html	
维基	极限压类型过滤器	wiki.main	极限压类型过滤器.html	
维基	极限压缓存器	wiki.main	极限压缓存器.html	
维基	极限压能量缓冲器	wiki.main	极限压能量缓冲器.html	
维基	极限压超级缓存器	wiki.main	极限压超级缓存器.html	
维基	极限工业温室	wiki.main	极限工业温室.html	
维基	极限工业温室_2.8.4	wiki.main	极限工业温室_2.8.4.html	
维基	极限末地	wiki.main	极限末地.html	
维基	极限末地生存	wiki.main	极限末地生存.html	
维基	极高压合成表过滤器	wiki.main	极高压合成表过滤器.html	
维基	极高压时代	wiki.main	极高压时代.html	
维基	极高压校准器	wiki.main	极高压校准器.html	
维基	极高压涡轮充电器	wiki.main	极高压涡轮充电器.html	
维基	极高压物品分配器	wiki.main	极高压物品分配器.html	
维基	极高压电池充电器	wiki.main	极高压电池充电器.html	
维基	极高压类型过滤器	wiki.main	极高压类型过滤器.html	
维基	极高压缓存器	wiki.main	极高压缓存器.html	
维基	极高压能量缓冲器	wiki.main	极高压能量缓冲器.html	
维基	极高压超级缓存器	wiki.main	极高压超级缓存器.html	
维基	林业	wiki.main	林业.html	
维基	林业与多方块农场	wiki.main	林业与多方块农场.html	
维基	林业工作台	wiki.main	林业工作台.html	
维基	林业背包	wiki.main	林业背包.html	
维基	林业蜜蜂	wiki.main	林业蜜蜂.html	
维基	林业蜜蜂_历史	wiki.main	林业蜜蜂_历史.html	
维基	林业蜜蜂_简介	wiki.main	林业蜜蜂_简介.html	
维基	林木杂交	wiki.main	林木杂交.html	
维基	染色器	wiki.main	染色器.html	
维基	染色器_-_空	wiki.main	染色器_-_空.html	
维基	染色工业玻璃	wiki.main	染色工业玻璃.html	
维基	染色工业玻璃（浅灰）	wiki.main	染色工业玻璃（浅灰）.html	
维基	染色工业玻璃（灰）	wiki.main	染色工业玻璃（灰）.html	
维基	染色工业玻璃（白）	wiki.main	染色工业玻璃（白）.html	
维基	染色工业玻璃（黑）	wiki.main	染色工业玻璃（黑）.html	
维基	染血玻璃	wiki.main	染血玻璃.html	
维基	查看配方信息	wiki.main	查看配方信息.html	
维基	柯伊伯带	wiki.main	柯伊伯带.html	
维基	柴油	wiki.main	柴油.html	
维基	柴油发电机	wiki.main	柴油发电机.html	
维基	标准最大输电距离	wiki.main	标准最大输电距离.html	
维基	标准电压	wiki.main	标准电压.html	
维基	标准纯银	wiki.main	标准纯银.html	
维基	树	wiki.main	树.html	
维基	树苗	wiki.main	树苗.html	
维基	校准器	wiki.main	校准器.html	
维基	样板仓室	wiki.main	样板仓室.html	
维基	样板优化矩阵	wiki.main	样板优化矩阵.html	
维基	样板容量卡	wiki.main	样板容量卡.html	
维基	样板输入仓室	wiki.main	样板输入仓室.html	
维基	样板输入总成(ME)	wiki.main	样板输入总成(ME).html	
维基	样板输入总成（ME）	wiki.main	样板输入总成（ME）.html	
维基	样板输入总线(ME)	wiki.main	样板输入总线(ME).html	
维基	样板输入总线（ME）	wiki.main	样板输入总线（ME）.html	
维基	样板输入镜像	wiki.main	样板输入镜像.html	
维基	核反应仓	wiki.main	核反应仓.html	
维基	核反应堆	wiki.main	核反应堆.html	
维基	核反应堆_自动化方案	wiki.main	核反应堆_自动化方案.html	
维基	核反应堆布局	wiki.main	核反应堆布局.html	
维基	核反应堆常用布局及数据	wiki.main	核反应堆常用布局及数据.html	
维基	核反应堆自动化	wiki.main	核反应堆自动化.html	
维基	核反应堆自动化_历史	wiki.main	核反应堆自动化_历史.html	
维基	核电	wiki.main	核电.html	
维基	核聚变	wiki.main	核聚变.html	
维基	核聚变反应堆	wiki.main	核聚变反应堆.html	
维基	核聚变反应堆MK_II	wiki.main	核聚变反应堆MK_II.html	
维基	核聚变反应堆_MK-I	wiki.main	核聚变反应堆_MK-I.html	
维基	核聚变反应堆_MK-II	wiki.main	核聚变反应堆_MK-II.html	
维基	核聚变反应堆_MK-III	wiki.main	核聚变反应堆_MK-III.html	
维基	核聚变反应堆_MK-IV	wiki.main	核聚变反应堆_MK-IV.html	
维基	核聚变反应堆_MK-V	wiki.main	核聚变反应堆_MK-V.html	
维基	核聚变反应堆控制电脑MK-I	wiki.main	核聚变反应堆控制电脑MK-I.html	
维基	核聚变反应堆控制电脑MK-II	wiki.main	核聚变反应堆控制电脑MK-II.html	
维基	核聚变反应堆控制电脑MK-III	wiki.main	核聚变反应堆控制电脑MK-III.html	
维基	核聚变反应堆控制电脑MK_IV	wiki.main	核聚变反应堆控制电脑MK_IV.html	
维基	核聚变反应堆控制电脑MK_V	wiki.main	核聚变反应堆控制电脑MK_V.html	
维基	核聚变反应堆控制电脑Mk_I	wiki.main	核聚变反应堆控制电脑Mk_I.html	
维基	核聚变反应堆控制电脑Mk_II	wiki.main	核聚变反应堆控制电脑Mk_II.html	
维基	核聚变反应堆控制电脑Mk_III	wiki.main	核聚变反应堆控制电脑Mk_III.html	
维基	核聚变反应堆控制电脑_MK-I	wiki.main	核聚变反应堆控制电脑_MK-I.html	
维基	核聚变反应堆控制电脑_MK-II	wiki.main	核聚变反应堆控制电脑_MK-II.html	
维基	核聚变反应堆控制电脑_MK-III	wiki.main	核聚变反应堆控制电脑_MK-III.html	
维基	核聚变反应堆控制电脑_MK-IV	wiki.main	核聚变反应堆控制电脑_MK-IV.html	
维基	核聚变反应堆控制电脑_MK-V	wiki.main	核聚变反应堆控制电脑_MK-V.html	
维基	核能之星	wiki.main	核能之星.html	
维基	格雷科技	wiki.main	格雷科技.html	
维基	框架栏	wiki.main	框架栏.html	
维基	桶(Et_Futurum_Requiem)	wiki.main	桶(Et_Futurum_Requiem).html	
维基	梗	wiki.main	梗.html	
维基	梗_旋转	wiki.main	梗_旋转.html	
维基	梦之木	wiki.main	梦之木.html	
维基	梦魇工作台	wiki.main	梦魇工作台.html	
维基	植物魔法	wiki.main	植物魔法.html	
维基	槽位扩展	wiki.main	槽位扩展.html	
维基	模具	wiki.main	模具.html	
维基	模块化装甲	wiki.main	模块化装甲.html	
维基	模头	wiki.main	模头.html	
维基	模版_实用工具标注	wiki.main	模版_实用工具标注.html	
维基	模版_鸿蒙升级表	wiki.main	模版_鸿蒙升级表.html	
维基	模糊卡	wiki.main	模糊卡.html	
维基	模组列表	wiki.main	模组列表.html	
维基	模组物品过滤器	wiki.main	模组物品过滤器.html	
维基	橄榄石	wiki.main	橄榄石.html	
维基	橙钒铅铜	wiki.main	橙钒铅铜.html	
维基	橡胶	wiki.main	橡胶.html	
维基	橡胶片	wiki.main	橡胶片.html	
维基	橡胶靴	wiki.main	橡胶靴.html	
维基	次氯酸	wiki.main	次氯酸.html	
维基	正则表达式生成器	wiki.main	正则表达式生成器.html	
维基	武器	wiki.main	武器.html	
维基	死亡保留效果	wiki.main	死亡保留效果.html	
维基	死亡凝视	wiki.main	死亡凝视.html	
维基	残留净化剂除气机净化单元	wiki.main	残留净化剂除气机净化单元.html	
维基	殷钢	wiki.main	殷钢.html	
维基	母舰	wiki.main	母舰.html	
维基	毒性空气	wiki.main	毒性空气.html	
维基	毒武器	wiki.main	毒武器.html	
维基	气奥	wiki.main	气奥.html	
维基	气涤塔	wiki.main	气涤塔.html	
维基	气象控制器	wiki.main	气象控制器.html	
维基	气象方尖碑	wiki.main	气象方尖碑.html	
维基	氖	wiki.main	氖.html	
维基	氘	wiki.main	氘.html	
维基	氙	wiki.main	氙.html	
维基	氚	wiki.main	氚.html	
维基	氟	wiki.main	氟.html	
维基	氟产线	wiki.main	氟产线.html	
维基	氟产线（GT++氟石）	wiki.main	氟产线（GT++氟石）.html	
维基	氟仿	wiki.main	氟仿.html	
维基	氟化钙	wiki.main	氟化钙.html	
维基	氟石	wiki.main	氟石.html	
维基	氟石(F)	wiki.main	氟石(F).html	
维基	氟硅酸	wiki.main	氟硅酸.html	
维基	氟硅酸钾	wiki.main	氟硅酸钾.html	
维基	氟碳镧铈处理	wiki.main	氟碳镧铈处理.html	
维基	氟碳镧铈矿	wiki.main	氟碳镧铈矿.html	
维基	氟金云母	wiki.main	氟金云母.html	
维基	氟钍反应堆燃料产线	wiki.main	氟钍反应堆燃料产线.html	
维基	氟铁电气石	wiki.main	氟铁电气石.html	
维基	氟锑酸	wiki.main	氟锑酸.html	
维基	氡	wiki.main	氡.html	
维基	氢	wiki.main	氢.html	
维基	氢产线	wiki.main	氢产线.html	
维基	氢气	wiki.main	氢气.html	
维基	氢氟酸	wiki.main	氢氟酸.html	
维基	氢氧化钠	wiki.main	氢氧化钠.html	
维基	氢氧化钫	wiki.main	氢氧化钫.html	
维基	氢氧化钾	wiki.main	氢氧化钾.html	
维基	氢氧化铝	wiki.main	氢氧化铝.html	
维基	氢氧化铯	wiki.main	氢氧化铯.html	
维基	氢氧化锂	wiki.main	氢氧化锂.html	
维基	氢氧化镓	wiki.main	氢氧化镓.html	
维基	氢氯酸	wiki.main	氢氯酸.html	
维基	氦	wiki.main	氦.html	
维基	氦-3	wiki.main	氦-3.html	
维基	氦气	wiki.main	氦气.html	
维基	氧	wiki.main	氧.html	
维基	氧产线	wiki.main	氧产线.html	
维基	氧化富集硅岩混合物	wiki.main	氧化富集硅岩混合物.html	
维基	氧化硅岩	wiki.main	氧化硅岩.html	
维基	氧化硅岩混合物	wiki.main	氧化硅岩混合物.html	
维基	氧化精金	wiki.main	氧化精金.html	
维基	氧化超能硅岩混合物	wiki.main	氧化超能硅岩混合物.html	
维基	氧化钇	wiki.main	氧化钇.html	
维基	氧化钐	wiki.main	氧化钐.html	
维基	氧化钕	wiki.main	氧化钕.html	
维基	氧化钚-铀混合物	wiki.main	氧化钚-铀混合物.html	
维基	氧化铈(III)	wiki.main	氧化铈(III).html	
维基	氧化铕(III)	wiki.main	氧化铕(III).html	
维基	氧化铕（III）	wiki.main	氧化铕（III）.html	
维基	氧化铝	wiki.main	氧化铝.html	
维基	氧化铪	wiki.main	氧化铪.html	
维基	氧化铪-氧化锆混合物	wiki.main	氧化铪-氧化锆混合物.html	
维基	氧化锆	wiki.main	氧化锆.html	
维基	氧化镁	wiki.main	氧化镁.html	
维基	氧气	wiki.main	氧气.html	
维基	氧气压缩机	wiki.main	氧气压缩机.html	
维基	氧气收集器	wiki.main	氧气收集器.html	
维基	氨	wiki.main	氨.html	
维基	氨气	wiki.main	氨气.html	
维基	氩	wiki.main	氩.html	
维基	氩气	wiki.main	氩气.html	
维基	氪	wiki.main	氪.html	
维基	氮	wiki.main	氮.html	
维基	氮化铌	wiki.main	氮化铌.html	
维基	氮气	wiki.main	氮气.html	
维基	氯	wiki.main	氯.html	
维基	氯仿	wiki.main	氯仿.html	
维基	氯化钙	wiki.main	氯化钙.html	
维基	氯化铱	wiki.main	氯化铱.html	
维基	氯化铵	wiki.main	氯化铵.html	
维基	氯化锂	wiki.main	氯化锂.html	
维基	氯化锌	wiki.main	氯化锌.html	
维基	氯化镧	wiki.main	氯化镧.html	
维基	氯甲烷	wiki.main	氯甲烷.html	
维基	氯磺酸	wiki.main	氯磺酸.html	
维基	氯苯	wiki.main	氯苯.html	
维基	氰基丙烯酸乙酯(强力胶水)	wiki.main	氰基丙烯酸乙酯(强力胶水).html	
维基	氰基丙烯酸乙酯（502胶水）	wiki.main	氰基丙烯酸乙酯（502胶水）.html	
维基	水	wiki.main	水.html	
维基	水下呼吸	wiki.main	水下呼吸.html	
维基	水之碎片	wiki.main	水之碎片.html	
维基	水之魔晶	wiki.main	水之魔晶.html	
维基	水之魔晶粉	wiki.main	水之魔晶粉.html	
维基	水元浸染	wiki.main	水元浸染.html	
维基	水冷塔	wiki.main	水冷塔.html	
维基	水力动能发生机	wiki.main	水力动能发生机.html	
维基	水库	wiki.main	水库.html	
维基	水星	wiki.main	水星.html	
维基	水晶球	wiki.main	水晶球.html	
维基	水泥	wiki.main	水泥.html	
维基	水瓶	wiki.main	水瓶.html	
维基	水线自动化	wiki.main	水线自动化.html	
维基	水银	wiki.main	水银.html	
维基	永久扭曲	wiki.main	永久扭曲.html	
维基	永恒	wiki.main	永恒.html	
维基	永恒奇点	wiki.main	永恒奇点.html	
维基	永恒建筑之杖	wiki.main	永恒建筑之杖.html	
维基	永恒循环	wiki.main	永恒循环.html	
维基	永恒线圈	wiki.main	永恒线圈.html	
维基	永恒线圈方块	wiki.main	永恒线圈方块.html	
维基	汉化	wiki.main	汉化.html	
维基	汞	wiki.main	汞.html	
维基	污染	wiki.main	污染.html	
维基	污染清洗机	wiki.main	污染清洗机.html	
维基	污秽魔法	wiki.main	污秽魔法.html	
维基	汽油	wiki.main	汽油.html	
维基	沙盒	wiki.main	沙盒.html	
维基	沙盒_ChengMing	wiki.main	沙盒_ChengMing.html	
维基	沙盒_落阳宇理	wiki.main	沙盒_落阳宇理.html	
维基	沙盒_鱼城の梦	wiki.main	沙盒_鱼城の梦.html	
维基	沙砾	wiki.main	沙砾.html	
维基	油气流体钻机	wiki.main	油气流体钻机.html	
维基	油气流体钻机_II	wiki.main	油气流体钻机_II.html	
维基	油气流体钻机_III	wiki.main	油气流体钻机_III.html	
维基	油气流体钻机_IV	wiki.main	油气流体钻机_IV.html	
维基	治愈之斧	wiki.main	治愈之斧.html	
维基	沼气	wiki.main	沼气.html	
维基	法师气血宝珠	wiki.main	法师气血宝珠.html	
维基	法杖	wiki.main	法杖.html	
维基	泡铋	wiki.main	泡铋.html	
维基	波轮洗矿厂I-360	wiki.main	波轮洗矿厂I-360.html	
维基	泥渣	wiki.main	泥渣.html	
维基	注入龙力的黑曜石	wiki.main	注入龙力的黑曜石.html	
维基	注血铁	wiki.main	注血铁.html	
维基	注魔	wiki.main	注魔.html	
维基	注魔供应器	wiki.main	注魔供应器.html	
维基	注魔太阳能	wiki.main	注魔太阳能.html	
维基	注魔截流者	wiki.main	注魔截流者.html	
维基	注魔祭坛	wiki.main	注魔祭坛.html	
维基	注魔金	wiki.main	注魔金.html	
维基	泰伯利亚	wiki.main	泰伯利亚.html	
维基	泰坦精钢	wiki.main	泰坦精钢.html	
维基	泰拉凝聚板	wiki.main	泰拉凝聚板.html	
维基	泰拉钢	wiki.main	泰拉钢.html	
维基	泵	wiki.main	泵.html	
维基	洗矿厂	wiki.main	洗矿厂.html	
维基	洗矿机	wiki.main	洗矿机.html	
维基	洛基之戒	wiki.main	洛基之戒.html	
维基	活性炭	wiki.main	活性炭.html	
维基	活木	wiki.main	活木.html	
维基	活石	wiki.main	活石.html	
维基	流体	wiki.main	流体.html	
维基	流体储罐	wiki.main	流体储罐.html	
维基	流体加热器	wiki.main	流体加热器.html	
维基	流体固化器	wiki.main	流体固化器.html	
维基	流体塑形机	wiki.main	流体塑形机.html	
维基	流体存储元件	wiki.main	流体存储元件.html	
维基	流体导管	wiki.main	流体导管.html	
维基	流体成型面板	wiki.main	流体成型面板.html	
维基	流体探测覆盖板	wiki.main	流体探测覆盖板.html	
维基	流体提取机	wiki.main	流体提取机.html	
维基	流体本源物质	wiki.main	流体本源物质.html	
维基	流体校准器	wiki.main	流体校准器.html	
维基	流体校准器(LV)	wiki.main	流体校准器(LV).html	
维基	流体核反应堆	wiki.main	流体核反应堆.html	
维基	流体灌装机	wiki.main	流体灌装机.html	
维基	流体破坏面板	wiki.main	流体破坏面板.html	
维基	流体管道	wiki.main	流体管道.html	
维基	流体箱	wiki.main	流体箱.html	
维基	流体转输芯片	wiki.main	流体转输芯片.html	
维基	流体过滤器覆盖板	wiki.main	流体过滤器覆盖板.html	
维基	流体钻机	wiki.main	流体钻机.html	
维基	流体钻机_II	wiki.main	流体钻机_II.html	
维基	流体钻机_III	wiki.main	流体钻机_III.html	
维基	流体钻机_IV	wiki.main	流体钻机_IV.html	
维基	流体限位阀覆盖板	wiki.main	流体限位阀覆盖板.html	
维基	流明	wiki.main	流明.html	
维基	流星之彗星之靴	wiki.main	流星之彗星之靴.html	
维基	流星之虚空旅行者之靴	wiki.main	流星之虚空旅行者之靴.html	
维基	流星之靴	wiki.main	流星之靴.html	
维基	流线型铸造机械方块	wiki.main	流线型铸造机械方块.html	
维基	流血	wiki.main	流血.html	
维基	浅色混凝土	wiki.main	浅色混凝土.html	
维基	浓缩云之精华	wiki.main	浓缩云之精华.html	
维基	浓缩原始恒星等离子体混合物	wiki.main	浓缩原始恒星等离子体混合物.html	
维基	浓缩富集硅岩矿泥	wiki.main	浓缩富集硅岩矿泥.html	
维基	浓缩硝酸独居石浸出溶液	wiki.main	浓缩硝酸独居石浸出溶液.html	
维基	浓缩铂	wiki.main	浓缩铂.html	
维基	海卫一	wiki.main	海卫一.html	
维基	海卫八	wiki.main	海卫八.html	
维基	海晶硅岩	wiki.main	海晶硅岩.html	
维基	海晶碎片	wiki.main	海晶碎片.html	
维基	海晶酸	wiki.main	海晶酸.html	
维基	海晶酸线	wiki.main	海晶酸线.html	
维基	海珀珍	wiki.main	海珀珍.html	
维基	海珀珍电极	wiki.main	海珀珍电极.html	
维基	海珀珍线圈	wiki.main	海珀珍线圈.html	
维基	海珀珍线圈方块	wiki.main	海珀珍线圈方块.html	
维基	浸出渣	wiki.main	浸出渣.html	
维基	浸染：凋零	wiki.main	浸染：凋零.html	
维基	浸染：幽灵	wiki.main	浸染：幽灵.html	
维基	浸染：毒	wiki.main	浸染：毒.html	
维基	浸染：火	wiki.main	浸染：火.html	
维基	浸染：经验	wiki.main	浸染：经验.html	
维基	浸染：虚弱	wiki.main	浸染：虚弱.html	
维基	涂层机	wiki.main	涂层机.html	
维基	消声仓	wiki.main	消声仓.html	
维基	消声仓（EV）	wiki.main	消声仓（EV）.html	
维基	消声仓（HV）	wiki.main	消声仓（HV）.html	
维基	消声仓（IV）	wiki.main	消声仓（IV）.html	
维基	消声仓（LV）	wiki.main	消声仓（LV）.html	
维基	消声仓（LuV）	wiki.main	消声仓（LuV）.html	
维基	消声仓（MV）	wiki.main	消声仓（MV）.html	
维基	消声仓（UHV）	wiki.main	消声仓（UHV）.html	
维基	消声仓（UV）	wiki.main	消声仓（UV）.html	
维基	消声仓（ZPM）	wiki.main	消声仓（ZPM）.html	
维基	消融	wiki.main	消融.html	
维基	涡轮仓	wiki.main	涡轮仓.html	
维基	涡轮充电器	wiki.main	涡轮充电器.html	
维基	涡轮内燃发电机	wiki.main	涡轮内燃发电机.html	
维基	涡轮半流质发电机	wiki.main	涡轮半流质发电机.html	
维基	涡轮半流质发电机_II	wiki.main	涡轮半流质发电机_II.html	
维基	涡轮半流质发电机_III	wiki.main	涡轮半流质发电机_III.html	
维基	涡轮地热引擎	wiki.main	涡轮地热引擎.html	
维基	涡轮增压内燃发电机	wiki.main	涡轮增压内燃发电机.html	
维基	涡轮流体灌装机	wiki.main	涡轮流体灌装机.html	
维基	涡轮火箭引擎	wiki.main	涡轮火箭引擎.html	
维基	涡轮燃气轮机	wiki.main	涡轮燃气轮机.html	
维基	涡轮燃气轮机II	wiki.main	涡轮燃气轮机II.html	
维基	涡轮燃气轮机III	wiki.main	涡轮燃气轮机III.html	
维基	涡轮离心机	wiki.main	涡轮离心机.html	
维基	涡轮蒸汽轮机	wiki.main	涡轮蒸汽轮机.html	
维基	涡轮装罐机Pro	wiki.main	涡轮装罐机Pro.html	
维基	润滑剂	wiki.main	润滑剂.html	
维基	润滑油	wiki.main	润滑油.html	
维基	液化石油气	wiki.main	液化石油气.html	
维基	液态氟钍反应堆	wiki.main	液态氟钍反应堆.html	
维基	液态氧	wiki.main	液态氧.html	
维基	液态燃料燃烧室	wiki.main	液态燃料燃烧室.html	
维基	液态空气	wiki.main	液态空气.html	
维基	液态空气仓	wiki.main	液态空气仓.html	
维基	液氦	wiki.main	液氦.html	
维基	淡水	wiki.main	淡水.html	
维基	深入理解局部电力网络	wiki.main	深入理解局部电力网络.html	
维基	深地热泵	wiki.main	深地热泵.html	
维基	深渊世界	wiki.main	深渊世界.html	
维基	深渊合金	wiki.main	深渊合金.html	
维基	深渊铁	wiki.main	深渊铁.html	
维基	深空秘银	wiki.main	深空秘银.html	
维基	深铅	wiki.main	深铅.html	
维基	混凝土	wiki.main	混凝土.html	
维基	混凝土回填机	wiki.main	混凝土回填机.html	
维基	混合晶	wiki.main	混合晶.html	
维基	混合机	wiki.main	混合机.html	
维基	混沌定位器	wiki.main	混沌定位器.html	
维基	混沌核心	wiki.main	混沌核心.html	
维基	混沌电容库	wiki.main	混沌电容库.html	
维基	混沌碎片	wiki.main	混沌碎片.html	
维基	混沌魔晶	wiki.main	混沌魔晶.html	
维基	混沌魔晶粉	wiki.main	混沌魔晶粉.html	
维基	混音公爵3D唱片机	wiki.main	混音公爵3D唱片机.html	
维基	渎神法杖	wiki.main	渎神法杖.html	
维基	渗透附魔台	wiki.main	渗透附魔台.html	
维基	温特姆	wiki.main	温特姆.html	
维基	渴饮储罐	wiki.main	渴饮储罐.html	
维基	游历四方…	wiki.main	游历四方….html	
维基	游戏设置	wiki.main	游戏设置.html	
维基	游泳	wiki.main	游泳.html	
维基	湿件主机	wiki.main	湿件主机.html	
维基	湿件处理器	wiki.main	湿件处理器.html	
维基	湿件系列电路板	wiki.main	湿件系列电路板.html	
维基	湿件线	wiki.main	湿件线.html	
维基	湿件维生电路基板	wiki.main	湿件维生电路基板.html	
维基	湿件超级计算机	wiki.main	湿件超级计算机.html	
维基	湿件集群	wiki.main	湿件集群.html	
维基	湿混凝土	wiki.main	湿混凝土.html	
维基	源质	wiki.main	源质.html	
维基	源质交换监控器	wiki.main	源质交换监控器.html	
维基	源质供应器	wiki.main	源质供应器.html	
维基	源质储存监控器	wiki.main	源质储存监控器.html	
维基	源质元件工作台	wiki.main	源质元件工作台.html	
维基	源质反量子化仪	wiki.main	源质反量子化仪.html	
维基	源质存储元件	wiki.main	源质存储元件.html	
维基	源质终端	wiki.main	源质终端.html	
维基	源质转输芯片	wiki.main	源质转输芯片.html	
维基	源质输出仓	wiki.main	源质输出仓.html	
维基	源质输出仓(ME)	wiki.main	源质输出仓(ME).html	
维基	源质输出仓（ME）	wiki.main	源质输出仓（ME）.html	
维基	源质量子化仪	wiki.main	源质量子化仪.html	
维基	源质钢	wiki.main	源质钢.html	
维基	溢出销毁卡	wiki.main	溢出销毁卡.html	
维基	溢流阀	wiki.main	溢流阀.html	
维基	溴	wiki.main	溴.html	
维基	溶火之石	wiki.main	溶火之石.html	
维基	溶解罐	wiki.main	溶解罐.html	
维基	溶解罐自动化	wiki.main	溶解罐自动化.html	
维基	溺水	wiki.main	溺水.html	
维基	滑翔翼	wiki.main	滑翔翼.html	
维基	漂浮	wiki.main	漂浮.html	
维基	漆黑世界	wiki.main	漆黑世界.html	
维基	漆黑之门	wiki.main	漆黑之门.html	
维基	潘马斯农场	wiki.main	潘马斯农场.html	
维基	潘马斯农场_简介	wiki.main	潘马斯农场_简介.html	
维基	潜影盒	wiki.main	潜影盒.html	
维基	澄清净化单元	wiki.main	澄清净化单元.html	
维基	激光仓	wiki.main	激光仓.html	
维基	激光源仓	wiki.main	激光源仓.html	
维基	激光真空反射镜	wiki.main	激光真空反射镜.html	
维基	激光真空管	wiki.main	激光真空管.html	
维基	激光真空管机械方块	wiki.main	激光真空管机械方块.html	
维基	激光蚀刻机	wiki.main	激光蚀刻机.html	
维基	激光蚀刻机.png	wiki.main	激光蚀刻机.png.html	
维基	激光靶仓	wiki.main	激光靶仓.html	
维基	激发的光辉超维度催化剂	wiki.main	激发的光辉超维度催化剂.html	
维基	激发的平凡超维度催化剂	wiki.main	激发的平凡超维度催化剂.html	
维基	激发的异星超维度催化剂	wiki.main	激发的异星超维度催化剂.html	
维基	激发的恒星超维度催化剂	wiki.main	激发的恒星超维度催化剂.html	
维基	激发的粗制超维度催化剂	wiki.main	激发的粗制超维度催化剂.html	
维基	火之碎片	wiki.main	火之碎片.html	
维基	火之魔晶	wiki.main	火之魔晶.html	
维基	火之魔晶粉	wiki.main	火之魔晶粉.html	
维基	火元浸染	wiki.main	火元浸染.html	
维基	火卫一	wiki.main	火卫一.html	
维基	火卫二	wiki.main	火卫二.html	
维基	火星	wiki.main	火星.html	
维基	火石	wiki.main	火石.html	
维基	火神地热引擎	wiki.main	火神地热引擎.html	
维基	火箭	wiki.main	火箭.html	
维基	火箭引擎	wiki.main	火箭引擎.html	
维基	火箭引擎F-1A	wiki.main	火箭引擎F-1A.html	
维基	火箭引擎_F-1A	wiki.main	火箭引擎_F-1A.html	
维基	火箭引擎基座	wiki.main	火箭引擎基座.html	
维基	火箭燃料	wiki.main	火箭燃料.html	
维基	火箭燃料产线	wiki.main	火箭燃料产线.html	
维基	火药桶	wiki.main	火药桶.html	
维基	灭菌生物培养基	wiki.main	灭菌生物培养基.html	
维基	灰钛合金	wiki.main	灰钛合金.html	
维基	灵宝	wiki.main	灵宝.html	
维基	灵气创生	wiki.main	灵气创生.html	
维基	灵气增幅	wiki.main	灵气增幅.html	
维基	灵气魔晶	wiki.main	灵气魔晶.html	
维基	灵魂之匙	wiki.main	灵魂之匙.html	
维基	灵魂出窍	wiki.main	灵魂出窍.html	
维基	灵魂损伤	wiki.main	灵魂损伤.html	
维基	灵魂燃烧	wiki.main	灵魂燃烧.html	
维基	灵魂瓶	wiki.main	灵魂瓶.html	
维基	灵魂稳固	wiki.main	灵魂稳固.html	
维基	灵魂绑定器	wiki.main	灵魂绑定器.html	
维基	灿茶合金	wiki.main	灿茶合金.html	
维基	炖史	wiki.main	炖史.html	
维基	炖史炉	wiki.main	炖史炉.html	
维基	炖屎	wiki.main	炖屎.html	
维基	炖屎炉	wiki.main	炖屎炉.html	
维基	炸药	wiki.main	炸药.html	
维基	炼油气	wiki.main	炼油气.html	
维基	炼狱之壶	wiki.main	炼狱之壶.html	
维基	炼狱高炉	wiki.main	炼狱高炉.html	
维基	炼药锅	wiki.main	炼药锅.html	
维基	炼造喷泉	wiki.main	炼造喷泉.html	
维基	炼金喷泉	wiki.main	炼金喷泉.html	
维基	炼金术台	wiki.main	炼金术台.html	
维基	炼金煅烧炉	wiki.main	炼金煅烧炉.html	
维基	炽热的钢	wiki.main	炽热的钢.html	
维基	炽焰之啄颅剑	wiki.main	炽焰之啄颅剑.html	
维基	炽焱输入仓	wiki.main	炽焱输入仓.html	
维基	炽焱高炉	wiki.main	炽焱高炉.html	
维基	烈焰	wiki.main	烈焰.html	
维基	烈焰之炽焱	wiki.main	烈焰之炽焱.html	
维基	烈焰斗篷	wiki.main	烈焰斗篷.html	
维基	热传感器仓	wiki.main	热传感器仓.html	
维基	热冷却液	wiki.main	热冷却液.html	
维基	热力离心机	wiki.main	热力离心机.html	
维基	热四氧化钌溶液	wiki.main	热四氧化钌溶液.html	
维基	热寂挑战	wiki.main	热寂挑战.html	
维基	热等静压(HIP)装置	wiki.main	热等静压(HIP)装置.html	
维基	热等静压装置	wiki.main	热等静压装置.html	
维基	热等静压（HIP）装置	wiki.main	热等静压（HIP）装置.html	
维基	热解炉	wiki.main	热解炉.html	
维基	热解炉_2.8.4	wiki.main	热解炉_2.8.4.html	
维基	热超级冷却液	wiki.main	热超级冷却液.html	
维基	焊锡	wiki.main	焊锡.html	
维基	焦炉	wiki.main	焦炉.html	
维基	焦炉(GT)	wiki.main	焦炉(GT).html	
维基	焦炉(Railcraft)	wiki.main	焦炉(Railcraft).html	
维基	焦炉_2.8.4	wiki.main	焦炉_2.8.4.html	
维基	焦炉砖块	wiki.main	焦炉砖块.html	
维基	焦点输入总线	wiki.main	焦点输入总线.html	
维基	焦硫酸钾	wiki.main	焦硫酸钾.html	
维基	煎饼夸克饺子	wiki.main	煎饼夸克饺子.html	
维基	煤	wiki.main	煤.html	
维基	煤喷气背包	wiki.main	煤喷气背包.html	
维基	煤气	wiki.main	煤气.html	
维基	煤油	wiki.main	煤油.html	
维基	煤炭	wiki.main	煤炭.html	
维基	煤焦	wiki.main	煤焦.html	
维基	煤焦油	wiki.main	煤焦油.html	
维基	煤矿石	wiki.main	煤矿石.html	
维基	煮解池	wiki.main	煮解池.html	
维基	熔岩岩浆	wiki.main	熔岩岩浆.html	
维基	熔火之石	wiki.main	熔火之石.html	
维基	熔炉	wiki.main	熔炉.html	
维基	熵变机械臂	wiki.main	熵变机械臂.html	
维基	燃气轮机	wiki.main	燃气轮机.html	
维基	燃油	wiki.main	燃油.html	
维基	燃烧发电机	wiki.main	燃烧发电机.html	
维基	燃煤锅炉	wiki.main	燃煤锅炉.html	
维基	燧石	wiki.main	燧石.html	
维基	爆炸物	wiki.main	爆炸物.html	
维基	爱意	wiki.main	爱意.html	
维基	版本列表	wiki.main	版本列表.html	
维基	物件真空	wiki.main	物件真空.html	
维基	物品分配器	wiki.main	物品分配器.html	
维基	物品固定容器	wiki.main	物品固定容器.html	
维基	物品存储元件	wiki.main	物品存储元件.html	
维基	物品导管	wiki.main	物品导管.html	
维基	物品导管速度升级	wiki.main	物品导管速度升级.html	
维基	物品导管速度降级	wiki.main	物品导管速度降级.html	
维基	物品抹消器	wiki.main	物品抹消器.html	
维基	物品探测覆盖板	wiki.main	物品探测覆盖板.html	
维基	物品查询	wiki.main	物品查询.html	
维基	物品管道	wiki.main	物品管道.html	
维基	物品缓存器	wiki.main	物品缓存器.html	
维基	物品转输芯片	wiki.main	物品转输芯片.html	
维基	物品转运器	wiki.main	物品转运器.html	
维基	物品过滤器	wiki.main	物品过滤器.html	
维基	物品错位器	wiki.main	物品错位器.html	
维基	物流方式	wiki.main	物流方式.html	
维基	物流方式一览	wiki.main	物流方式一览.html	
维基	物流管道	wiki.main	物流管道.html	
维基	物流系统	wiki.main	物流系统.html	
维基	物流系统_物流方式	wiki.main	物流系统_物流方式.html	
维基	物质反量子化仪	wiki.main	物质反量子化仪.html	
维基	物质发生器CPU	wiki.main	物质发生器CPU.html	
维基	物质团	wiki.main	物质团.html	
维基	物质对撞机	wiki.main	物质对撞机.html	
维基	物质操控者	wiki.main	物质操控者.html	
维基	物质操纵者	wiki.main	物质操纵者.html	
维基	物质操纵者_MKI	wiki.main	物质操纵者_MKI.html	
维基	物质操纵者_MKII	wiki.main	物质操纵者_MKII.html	
维基	物质操纵者_MKIII	wiki.main	物质操纵者_MKIII.html	
维基	物质操纵者使用教程	wiki.main	物质操纵者使用教程.html	
维基	物质操纵者量子上行链路	wiki.main	物质操纵者量子上行链路.html	
维基	物质流枢纽	wiki.main	物质流枢纽.html	
维基	物质炮	wiki.main	物质炮.html	
维基	物质组装机	wiki.main	物质组装机.html	
维基	物质聚合器	wiki.main	物质聚合器.html	
维基	物质量子化仪	wiki.main	物质量子化仪.html	
维基	特大涡轮机	wiki.main	特大涡轮机.html	
维基	特大涡轮机发电机制指南	wiki.main	特大涡轮机发电机制指南.html	
维基	特大热交换机	wiki.main	特大热交换机.html	
维基	特大燃气涡轮	wiki.main	特大燃气涡轮.html	
维基	特大燃气涡轮_2.8.4	wiki.main	特大燃气涡轮_2.8.4.html	
维基	特大等离子涡轮	wiki.main	特大等离子涡轮.html	
维基	特大等离子涡轮_2.8.4	wiki.main	特大等离子涡轮_2.8.4.html	
维基	特大蒸汽涡轮	wiki.main	特大蒸汽涡轮.html	
维基	特大蒸汽涡轮_2.8.4	wiki.main	特大蒸汽涡轮_2.8.4.html	
维基	特大超临界蒸汽涡轮	wiki.main	特大超临界蒸汽涡轮.html	
维基	特大超临界蒸汽涡轮_2.8.4	wiki.main	特大超临界蒸汽涡轮_2.8.4.html	
维基	特大高压蒸汽涡轮	wiki.main	特大高压蒸汽涡轮.html	
维基	特大高压蒸汽涡轮_2.8.4	wiki.main	特大高压蒸汽涡轮_2.8.4.html	
维基	特性前瞻_2.8.0	wiki.main	特性前瞻_2.8.0.html	
维基	特性前瞻_2.9.0	wiki.main	特性前瞻_2.9.0.html	
维基	特斯拉电塔	wiki.main	特斯拉电塔.html	
维基	特有词汇中文社区通称对照表	wiki.main	特有词汇中文社区通称对照表.html	
维基	特有词汇中英对照表	wiki.main	特有词汇中英对照表.html	
维基	特殊挑战	wiki.main	特殊挑战.html	
维基	特殊系列电路板	wiki.main	特殊系列电路板.html	
维基	特殊系列电路板_2.8.4	wiki.main	特殊系列电路板_2.8.4.html	
维基	特氟龙	wiki.main	特氟龙.html	
维基	犁	wiki.main	犁.html	
维基	犬神雕像	wiki.main	犬神雕像.html	
维基	状态单元	wiki.main	状态单元.html	
维基	状态效果	wiki.main	状态效果.html	
维基	独居石	wiki.main	独居石.html	
维基	独居石处理	wiki.main	独居石处理.html	
维基	独居石处理_铪锆分支	wiki.main	独居石处理_铪锆分支.html	
维基	狰狞	wiki.main	狰狞.html	
维基	狼人	wiki.main	狼人.html	
维基	狼人诅咒	wiki.main	狼人诅咒.html	
维基	狼毒	wiki.main	狼毒.html	
维基	玄武岩	wiki.main	玄武岩.html	
维基	玄钢	wiki.main	玄钢.html	
维基	玄钢剪	wiki.main	玄钢剪.html	
维基	玄钢头盔	wiki.main	玄钢头盔.html	
维基	玄钢护腿	wiki.main	玄钢护腿.html	
维基	玄钢斧	wiki.main	玄钢斧.html	
维基	玄钢桶	wiki.main	玄钢桶.html	
维基	玄钢砧	wiki.main	玄钢砧.html	
维基	玄钢箱子	wiki.main	玄钢箱子.html	
维基	玄钢胸甲	wiki.main	玄钢胸甲.html	
维基	玄钢镐	wiki.main	玄钢镐.html	
维基	玄钢靴子	wiki.main	玄钢靴子.html	
维基	玄铁	wiki.main	玄铁.html	
维基	玉	wiki.main	玉.html	
维基	王水	wiki.main	王水.html	
维基	玛卡斯	wiki.main	玛卡斯.html	
维基	玛玉灵	wiki.main	玛玉灵.html	
维基	玛玉灵晶体	wiki.main	玛玉灵晶体.html	
维基	玩家探测器	wiki.main	玩家探测器.html	
维基	玩家探测覆盖板	wiki.main	玩家探测覆盖板.html	
维基	玫瑰金	wiki.main	玫瑰金.html	
维基	环己烷	wiki.main	环己烷.html	
维基	环己酮	wiki.main	环己酮.html	
维基	环戊二烯	wiki.main	环戊二烯.html	
维基	环氧树脂	wiki.main	环氧树脂.html	
维基	环氧树脂-高十六烷柴油联合产线	wiki.main	环氧树脂-高十六烷柴油联合产线.html	
维基	环氧树脂片	wiki.main	环氧树脂片.html	
维基	环氧树脂电路基板	wiki.main	环氧树脂电路基板.html	
维基	环烷酸	wiki.main	环烷酸.html	
维基	现场工程师工具箱	wiki.main	现场工程师工具箱.html	
维基	现有物品过滤器	wiki.main	现有物品过滤器.html	
维基	玻璃	wiki.main	玻璃.html	
维基	玻璃(原版)	wiki.main	玻璃(原版).html	
维基	玻璃方块	wiki.main	玻璃方块.html	
维基	玻色-爱因斯坦凝聚态物质仓	wiki.main	玻色-爱因斯坦凝聚态物质仓.html	
维基	玻色-爱因斯坦凝聚态物质传送节点	wiki.main	玻色-爱因斯坦凝聚态物质传送节点.html	
维基	玻色-爱因斯坦凝聚态物质纠缠装置	wiki.main	玻色-爱因斯坦凝聚态物质纠缠装置.html	
维基	玻色-爱因斯坦凝聚态物质约束场	wiki.main	玻色-爱因斯坦凝聚态物质约束场.html	
维基	玻色-爱因斯坦凝聚态物质网络	wiki.main	玻色-爱因斯坦凝聚态物质网络.html	
维基	玻色-爱因斯坦凝聚态物质观测阵列	wiki.main	玻色-爱因斯坦凝聚态物质观测阵列.html	
维基	玻色-爱因斯坦凝聚态物质麦克斯韦门	wiki.main	玻色-爱因斯坦凝聚态物质麦克斯韦门.html	
维基	玻色-爱因斯坦凝聚装配自动化	wiki.main	玻色-爱因斯坦凝聚装配自动化.html	
维基	珠海渔场	wiki.main	珠海渔场.html	
维基	珠海渔场_2.8.4	wiki.main	珠海渔场_2.8.4.html	
维基	珠海鱼场	wiki.main	珠海鱼场.html	
维基	理想微粒水(八级净化水)	wiki.main	理想微粒水(八级净化水).html	
维基	理想微粒水（八级净化水）	wiki.main	理想微粒水（八级净化水）.html	
维基	琥珀	wiki.main	琥珀.html	
维基	琥珀金	wiki.main	琥珀金.html	
维基	琥珀金能量导管	wiki.main	琥珀金能量导管.html	
维基	琼脂	wiki.main	琼脂.html	
维基	瓶装魔力	wiki.main	瓶装魔力.html	
维基	甘油	wiki.main	甘油.html	
维基	生动合金	wiki.main	生动合金.html	
维基	生动合金电容	wiki.main	生动合金电容.html	
维基	生命恢复	wiki.main	生命恢复.html	
维基	生命提升	wiki.main	生命提升.html	
维基	生态之书	wiki.main	生态之书.html	
维基	生活调味料	wiki.main	生活调味料.html	
维基	生物主机	wiki.main	生物主机.html	
维基	生物乙醇	wiki.main	生物乙醇.html	
维基	生物仓	wiki.main	生物仓.html	
维基	生物催化推进液	wiki.main	生物催化推进液.html	
维基	生物培养基原液	wiki.main	生物培养基原液.html	
维基	生物处理器	wiki.main	生物处理器.html	
维基	生物处理器单元	wiki.main	生物处理器单元.html	
维基	生物实验室	wiki.main	生物实验室.html	
维基	生物排除方尖碑	wiki.main	生物排除方尖碑.html	
维基	生物柴油	wiki.main	生物柴油.html	
维基	生物电路基板	wiki.main	生物电路基板.html	
维基	生物系列电路板	wiki.main	生物系列电路板.html	
维基	生物线	wiki.main	生物线.html	
维基	生物细胞	wiki.main	生物细胞.html	
维基	生物群系	wiki.main	生物群系.html	
维基	生物诱引方尖碑	wiki.main	生物诱引方尖碑.html	
维基	生物质	wiki.main	生物质.html	
维基	生物质化工	wiki.main	生物质化工.html	
维基	生物超级计算机	wiki.main	生物超级计算机.html	
维基	生物集群	wiki.main	生物集群.html	
维基	生石灰	wiki.main	生石灰.html	
维基	生硅	wiki.main	生硅.html	
维基	生磁	wiki.main	生磁.html	
维基	生鎡	wiki.main	生鎡.html	
维基	生铁	wiki.main	生铁.html	
维基	生镃	wiki.main	生镃.html	
维基	用户指导	wiki.main	用户指导.html	
维基	甲烷	wiki.main	甲烷.html	
维基	甲胺	wiki.main	甲胺.html	
维基	甲苯	wiki.main	甲苯.html	
维基	甲酸	wiki.main	甲酸.html	
维基	甲酸钠	wiki.main	甲酸钠.html	
维基	甲醇	wiki.main	甲醇.html	
维基	甲醛	wiki.main	甲醛.html	
维基	电刺激器	wiki.main	电刺激器.html	
维基	电力	wiki.main	电力.html	
维基	电力喷气背包	wiki.main	电力喷气背包.html	
维基	电力机器	wiki.main	电力机器.html	
维基	电力的存储与运输	wiki.main	电力的存储与运输.html	
维基	电力网络	wiki.main	电力网络.html	
维基	电力（旧）	wiki.main	电力（旧）.html	
维基	电动刷怪笼	wiki.main	电动刷怪笼.html	
维基	电动唱片机	wiki.main	电动唱片机.html	
维基	电动泵	wiki.main	电动泵.html	
维基	电动泵(EV)	wiki.main	电动泵(EV).html	
维基	电动泵(HV)	wiki.main	电动泵(HV).html	
维基	电动泵(IV)	wiki.main	电动泵(IV).html	
维基	电动泵(LV)	wiki.main	电动泵(LV).html	
维基	电动泵(LuV)	wiki.main	电动泵(LuV).html	
维基	电动泵(MAX)	wiki.main	电动泵(MAX).html	
维基	电动泵(MV)	wiki.main	电动泵(MV).html	
维基	电动泵(UEV)	wiki.main	电动泵(UEV).html	
维基	电动泵(UHV)	wiki.main	电动泵(UHV).html	
维基	电动泵(UIV)	wiki.main	电动泵(UIV).html	
维基	电动泵(UMV)	wiki.main	电动泵(UMV).html	
维基	电动泵(UV)	wiki.main	电动泵(UV).html	
维基	电动泵(UXV)	wiki.main	电动泵(UXV).html	
维基	电动泵(ZPM)	wiki.main	电动泵(ZPM).html	
维基	电动活塞	wiki.main	电动活塞.html	
维基	电动活塞(EV)	wiki.main	电动活塞(EV).html	
维基	电动活塞(HV)	wiki.main	电动活塞(HV).html	
维基	电动活塞(IV)	wiki.main	电动活塞(IV).html	
维基	电动活塞(LV)	wiki.main	电动活塞(LV).html	
维基	电动活塞(LuV)	wiki.main	电动活塞(LuV).html	
维基	电动活塞(MAX)	wiki.main	电动活塞(MAX).html	
维基	电动活塞(MV)	wiki.main	电动活塞(MV).html	
维基	电动活塞(UEV)	wiki.main	电动活塞(UEV).html	
维基	电动活塞(UHV)	wiki.main	电动活塞(UHV).html	
维基	电动活塞(UIV)	wiki.main	电动活塞(UIV).html	
维基	电动活塞(UMV)	wiki.main	电动活塞(UMV).html	
维基	电动活塞(UV)	wiki.main	电动活塞(UV).html	
维基	电动活塞(UXV)	wiki.main	电动活塞(UXV).html	
维基	电动活塞(ZPM)	wiki.main	电动活塞(ZPM).html	
维基	电动聚爆压缩机	wiki.main	电动聚爆压缩机.html	
维基	电动聚爆压缩机_2.8.4	wiki.main	电动聚爆压缩机_2.8.4.html	
维基	电动马达	wiki.main	电动马达.html	
维基	电动马达(EV)	wiki.main	电动马达(EV).html	
维基	电动马达(HV)	wiki.main	电动马达(HV).html	
维基	电动马达(IV)	wiki.main	电动马达(IV).html	
维基	电动马达(LV)	wiki.main	电动马达(LV).html	
维基	电动马达(LuV)	wiki.main	电动马达(LuV).html	
维基	电动马达(MAX)	wiki.main	电动马达(MAX).html	
维基	电动马达(MV)	wiki.main	电动马达(MV).html	
维基	电动马达(UEV)	wiki.main	电动马达(UEV).html	
维基	电动马达(UHV)	wiki.main	电动马达(UHV).html	
维基	电动马达(UIV)	wiki.main	电动马达(UIV).html	
维基	电动马达(UMV)	wiki.main	电动马达(UMV).html	
维基	电动马达(UV)	wiki.main	电动马达(UV).html	
维基	电动马达(UXV)	wiki.main	电动马达(UXV).html	
维基	电动马达(ZPM)	wiki.main	电动马达(ZPM).html	
维基	电压	wiki.main	电压.html	
维基	电压等级	wiki.main	电压等级.html	
维基	电压阶段	wiki.main	电压阶段.html	
维基	电子_(e⁻)	wiki.main	电子_(e⁻).html	
维基	电子中微子_(ν_e)	wiki.main	电子中微子_(ν_e).html	
维基	电子元件	wiki.main	电子元件.html	
维基	电子彗星之靴	wiki.main	电子彗星之靴.html	
维基	电子探矿仪	wiki.main	电子探矿仪.html	
维基	电子旅行者之靴	wiki.main	电子旅行者之靴.html	
维基	电子束透明中子镀层玻璃	wiki.main	电子束透明中子镀层玻璃.html	
维基	电子流星之靴	wiki.main	电子流星之靴.html	
维基	电子激发处理器	wiki.main	电子激发处理器.html	
维基	电子系列电路板	wiki.main	电子系列电路板.html	
维基	电子虚空旅行者之靴	wiki.main	电子虚空旅行者之靴.html	
维基	电容	wiki.main	电容.html	
维基	电容仓	wiki.main	电容仓.html	
维基	电容库	wiki.main	电容库.html	
维基	电弧炉	wiki.main	电弧炉.html	
维基	电感	wiki.main	电感.html	
维基	电梯钻机	wiki.main	电梯钻机.html	
维基	电池	wiki.main	电池.html	
维基	电池充电器	wiki.main	电池充电器.html	
维基	电池合金	wiki.main	电池合金.html	
维基	电池箱	wiki.main	电池箱.html	
维基	电池输入总线	wiki.main	电池输入总线.html	
维基	电池输入总线（EV）	wiki.main	电池输入总线（EV）.html	
维基	电池输入总线（MV）	wiki.main	电池输入总线（MV）.html	
维基	电池输出总线	wiki.main	电池输出总线.html	
维基	电池输出总线（EV）	wiki.main	电池输出总线（EV）.html	
维基	电池输出总线（MV）	wiki.main	电池输出总线（MV）.html	
维基	电流	wiki.main	电流.html	
维基	电炉	wiki.main	电炉.html	
维基	电烙铁	wiki.main	电烙铁.html	
维基	电烤炉	wiki.main	电烤炉.html	
维基	电磁波导	wiki.main	电磁波导.html	
维基	电磁离析机	wiki.main	电磁离析机.html	
维基	电磁铁	wiki.main	电磁铁.html	
维基	电磁铁支架	wiki.main	电磁铁支架.html	
维基	电线	wiki.main	电线.html	
维基	电缆	wiki.main	电缆.html	
维基	电网	wiki.main	电网.html	
维基	电脑屏幕覆盖板	wiki.main	电脑屏幕覆盖板.html	
维基	电装	wiki.main	电装.html	
维基	电解机	wiki.main	电解机.html	
维基	电路元件	wiki.main	电路元件.html	
维基	电路化合物MK3	wiki.main	电路化合物MK3.html	
维基	电路基板	wiki.main	电路基板.html	
维基	电路板	wiki.main	电路板.html	
维基	电路板部件	wiki.main	电路板部件.html	
维基	电路组装机	wiki.main	电路组装机.html	
维基	电路装配线	wiki.main	电路装配线.html	
维基	电阻	wiki.main	电阻.html	
维基	电高炉	wiki.main	电高炉.html	
维基	疯狂	wiki.main	疯狂.html	
维基	疾病	wiki.main	疾病.html	
维基	痛苦	wiki.main	痛苦.html	
维基	痛苦迷宫	wiki.main	痛苦迷宫.html	
维基	白物质	wiki.main	白物质.html	
维基	白矮星物质	wiki.main	白矮星物质.html	
维基	白石棉	wiki.main	白石棉.html	
维基	白组装	wiki.main	白组装.html	
维基	白钨矿	wiki.main	白钨矿.html	
维基	白铜	wiki.main	白铜.html	
维基	白铜线圈	wiki.main	白铜线圈.html	
维基	白铜线圈方块	wiki.main	白铜线圈方块.html	
维基	皂石	wiki.main	皂石.html	
维基	皮卡优合金64B	wiki.main	皮卡优合金64B.html	
维基	皮米功率IC	wiki.main	皮米功率IC.html	
维基	皮米功率IC晶圆	wiki.main	皮米功率IC晶圆.html	
维基	皮米晶圆原料	wiki.main	皮米晶圆原料.html	
维基	皮米电路	wiki.main	皮米电路.html	
维基	盐	wiki.main	盐.html	
维基	盐水	wiki.main	盐水.html	
维基	盐酸	wiki.main	盐酸.html	
维基	盖亚之魂	wiki.main	盖亚之魂.html	
维基	盖亚仪式	wiki.main	盖亚仪式.html	
维基	盖亚魂	wiki.main	盖亚魂.html	
维基	直升机背包	wiki.main	直升机背包.html	
维基	真空传送输入端口	wiki.main	真空传送输入端口.html	
维基	真空传送输出端口	wiki.main	真空传送输出端口.html	
维基	真空冷冻器	wiki.main	真空冷冻器.html	
维基	真空冷冻机	wiki.main	真空冷冻机.html	
维基	真空干燥炉	wiki.main	真空干燥炉.html	
维基	真空管	wiki.main	真空管.html	
维基	瞬间伤害	wiki.main	瞬间伤害.html	
维基	瞬间治疗	wiki.main	瞬间治疗.html	
维基	矢量转位仪	wiki.main	矢量转位仪.html	
维基	石	wiki.main	石.html	
维基	石器时代	wiki.main	石器时代.html	
维基	石器时代教程	wiki.main	石器时代教程.html	
维基	石墨	wiki.main	石墨.html	
维基	石墨-铀混合物	wiki.main	石墨-铀混合物.html	
维基	石墨烯	wiki.main	石墨烯.html	
维基	石墨烯电极	wiki.main	石墨烯电极.html	
维基	石墨电极	wiki.main	石墨电极.html	
维基	石头	wiki.main	石头.html	
维基	石棉	wiki.main	石棉.html	
维基	石油	wiki.main	石油.html	
维基	石油_天然气_液体钻机	wiki.main	石油_天然气_液体钻机.html	
维基	石油化工	wiki.main	石油化工.html	
维基	石油化工数据计算	wiki.main	石油化工数据计算.html	
维基	石油工业	wiki.main	石油工业.html	
维基	石油工业_乙醇汽油	wiki.main	石油工业_乙醇汽油.html	
维基	石油工业_柴油	wiki.main	石油工业_柴油.html	
维基	石油工业_轻燃油	wiki.main	石油工业_轻燃油.html	
维基	石油工业_高十六烷值柴油	wiki.main	石油工业_高十六烷值柴油.html	
维基	石油工业_高辛烷值汽油	wiki.main	石油工业_高辛烷值汽油.html	
维基	石油工业产出计算	wiki.main	石油工业产出计算.html	
维基	石油裂化机	wiki.main	石油裂化机.html	
维基	石油钻机	wiki.main	石油钻机.html	
维基	石脑油	wiki.main	石脑油.html	
维基	石膏	wiki.main	石膏.html	
维基	石英	wiki.main	石英.html	
维基	石英切割刀	wiki.main	石英切割刀.html	
维基	石英岩	wiki.main	石英岩.html	
维基	石英扳手	wiki.main	石英扳手.html	
维基	石英水晶	wiki.main	石英水晶.html	
维基	石英玻璃	wiki.main	石英玻璃.html	
维基	石英矿砂	wiki.main	石英矿砂.html	
维基	石英纤维	wiki.main	石英纤维.html	
维基	石质建筑之杖	wiki.main	石质建筑之杖.html	
维基	矿典过滤卡	wiki.main	矿典过滤卡.html	
维基	矿典过滤卡使用指导	wiki.main	矿典过滤卡使用指导.html	
维基	矿典过滤卡的教程与使用	wiki.main	矿典过滤卡的教程与使用.html	
维基	矿工树	wiki.main	矿工树.html	
维基	矿物处理	wiki.main	矿物处理.html	
维基	矿物处理_历史	wiki.main	矿物处理_历史.html	
维基	矿物处理正则表达式生成器	wiki.main	矿物处理正则表达式生成器.html	
维基	矿用炸药	wiki.main	矿用炸药.html	
维基	矿石粉碎机_9001	wiki.main	矿石粉碎机_9001.html	
维基	矿脉	wiki.main	矿脉.html	
维基	矿脉与矿石	wiki.main	矿脉与矿石.html	
维基	矿脉数据表	wiki.main	矿脉数据表.html	
维基	研磨机	wiki.main	研磨机.html	
维基	研磨球仓	wiki.main	研磨球仓.html	
维基	研究站	wiki.main	研究站.html	
维基	砖	wiki.main	砖.html	
维基	砖块	wiki.main	砖块.html	
维基	砖高炉	wiki.main	砖高炉.html	
维基	破损的刷怪笼	wiki.main	破损的刷怪笼.html	
维基	砷	wiki.main	砷.html	
维基	砷化镓	wiki.main	砷化镓.html	
维基	砷化镓晶体	wiki.main	砷化镓晶体.html	
维基	砷汞钯	wiki.main	砷汞钯.html	
维基	砷黄铁	wiki.main	砷黄铁.html	
维基	硅	wiki.main	硅.html	
维基	硅压印模板	wiki.main	硅压印模板.html	
维基	硅岩	wiki.main	硅岩.html	
维基	硅岩-精金溶液	wiki.main	硅岩-精金溶液.html	
维基	硅岩反应堆	wiki.main	硅岩反应堆.html	
维基	硅岩反应堆MK_I	wiki.main	硅岩反应堆MK_I.html	
维基	硅岩反应堆MK_II	wiki.main	硅岩反应堆MK_II.html	
维基	硅岩反应堆MK_III	wiki.main	硅岩反应堆MK_III.html	
维基	硅岩反应堆MK_IV	wiki.main	硅岩反应堆MK_IV.html	
维基	硅岩反应堆MK_V	wiki.main	硅岩反应堆MK_V.html	
维基	硅岩合金	wiki.main	硅岩合金.html	
维基	硅岩合金线圈	wiki.main	硅岩合金线圈.html	
维基	硅岩合金线圈方块	wiki.main	硅岩合金线圈方块.html	
维基	硅岩基流体燃料	wiki.main	硅岩基流体燃料.html	
维基	硅岩基流体燃料-MkI	wiki.main	硅岩基流体燃料-MkI.html	
维基	硅岩基流体燃料-MkII	wiki.main	硅岩基流体燃料-MkII.html	
维基	硅岩基流体燃料-MkIII	wiki.main	硅岩基流体燃料-MkIII.html	
维基	硅岩基流体燃料-MkIV	wiki.main	硅岩基流体燃料-MkIV.html	
维基	硅岩基流体燃料-MkV	wiki.main	硅岩基流体燃料-MkV.html	
维基	硅岩基流体燃料-MkV(枯竭的)	wiki.main	硅岩基流体燃料-MkV(枯竭的).html	
维基	硅岩基流体燃料-MkVI	wiki.main	硅岩基流体燃料-MkVI.html	
维基	硅岩基流体燃料-MkVI(枯竭的)	wiki.main	硅岩基流体燃料-MkVI(枯竭的).html	
维基	硅岩基流体燃料_MK-I	wiki.main	硅岩基流体燃料_MK-I.html	
维基	硅岩基流体燃料_MK-II	wiki.main	硅岩基流体燃料_MK-II.html	
维基	硅岩基流体燃料_MK-III	wiki.main	硅岩基流体燃料_MK-III.html	
维基	硅岩基流体燃料_MK-IV	wiki.main	硅岩基流体燃料_MK-IV.html	
维基	硅岩基流体燃料_MK-V	wiki.main	硅岩基流体燃料_MK-V.html	
维基	硅岩基流体燃料_MK-VI	wiki.main	硅岩基流体燃料_MK-VI.html	
维基	硅岩处理	wiki.main	硅岩处理.html	
维基	硅岩处理_富集硅岩	wiki.main	硅岩处理_富集硅岩.html	
维基	硅岩处理_硅岩	wiki.main	硅岩处理_硅岩.html	
维基	硅岩处理_超能硅岩	wiki.main	硅岩处理_超能硅岩.html	
维基	硅岩掺杂的单晶硅	wiki.main	硅岩掺杂的单晶硅.html	
维基	硅岩掺杂的晶圆	wiki.main	硅岩掺杂的晶圆.html	
维基	硅岩气	wiki.main	硅岩气.html	
维基	硅岩沥青	wiki.main	硅岩沥青.html	
维基	硅岩燃料	wiki.main	硅岩燃料.html	
维基	硅岩燃料发电研究	wiki.main	硅岩燃料发电研究.html	
维基	硅岩燃料发电研究_2.8.4	wiki.main	硅岩燃料发电研究_2.8.4.html	
维基	硅岩燃料精炼厂	wiki.main	硅岩燃料精炼厂.html	
维基	硅岩燃料精炼厂_2.8.4	wiki.main	硅岩燃料精炼厂_2.8.4.html	
维基	硅岩燃料线	wiki.main	硅岩燃料线.html	
维基	硅岩线圈	wiki.main	硅岩线圈.html	
维基	硅岩线圈方块	wiki.main	硅岩线圈方块.html	
维基	硅岩通用绝缘箔	wiki.main	硅岩通用绝缘箔.html	
维基	硅橡胶	wiki.main	硅橡胶.html	
维基	硅橡胶片	wiki.main	硅橡胶片.html	
维基	硅氧产线	wiki.main	硅氧产线.html	
维基	硅烷	wiki.main	硅烷.html	
维基	硒	wiki.main	硒.html	
维基	硝基苯	wiki.main	硝基苯.html	
维基	硝石	wiki.main	硝石.html	
维基	硝酸	wiki.main	硝酸.html	
维基	硝酸铵	wiki.main	硝酸铵.html	
维基	硝酸铽	wiki.main	硝酸铽.html	
维基	硫	wiki.main	硫.html	
维基	硫化氢	wiki.main	硫化氢.html	
维基	硫磺	wiki.main	硫磺.html	
维基	硫酸	wiki.main	硫酸.html	
维基	硫酸三元	wiki.main	硫酸三元.html	
维基	硫酸富集硅岩	wiki.main	硫酸富集硅岩.html	
维基	硫酸超能硅岩	wiki.main	硫酸超能硅岩.html	
维基	硫酸钠	wiki.main	硫酸钠.html	
维基	硫酸铑溶液	wiki.main	硫酸铑溶液.html	
维基	硫酸锌	wiki.main	硫酸锌.html	
维基	硫酸镁	wiki.main	硫酸镁.html	
维基	硫铋铜	wiki.main	硫铋铜.html	
维基	硫铟铜	wiki.main	硫铟铜.html	
维基	硬钢	wiki.main	硬钢.html	
维基	硬铝	wiki.main	硬铝.html	
维基	硼	wiki.main	硼.html	
维基	硼氢二铋	wiki.main	硼氢二铋.html	
维基	硼玻璃	wiki.main	硼玻璃.html	
维基	硼玻璃方块	wiki.main	硼玻璃方块.html	
维基	硼砂	wiki.main	硼砂.html	
维基	硼酸	wiki.main	硼酸.html	
维基	碎石机	wiki.main	碎石机.html	
维基	碘	wiki.main	碘.html	
维基	碧玉	wiki.main	碧玉.html	
维基	碲	wiki.main	碲.html	
维基	碲化铋	wiki.main	碲化铋.html	
维基	碲汞钯	wiki.main	碲汞钯.html	
维基	碳	wiki.main	碳.html	
维基	碳化硅	wiki.main	碳化硅.html	
维基	碳化钨	wiki.main	碳化钨.html	
维基	碳化钨钛合金	wiki.main	碳化钨钛合金.html	
维基	碳化钽	wiki.main	碳化钽.html	
维基	碳化钽铪	wiki.main	碳化钽铪.html	
维基	碳化铀-钍混合物	wiki.main	碳化铀-钍混合物.html	
维基	碳化铌	wiki.main	碳化铌.html	
维基	碳化铪	wiki.main	碳化铪.html	
维基	碳化锆	wiki.main	碳化锆.html	
维基	碳酰氯	wiki.main	碳酰氯.html	
维基	碳酸钠	wiki.main	碳酸钠.html	
维基	碳酸钾	wiki.main	碳酸钾.html	
维基	磁共振电路板	wiki.main	磁共振电路板.html	
维基	磁共振石	wiki.main	磁共振石.html	
维基	磁化钐	wiki.main	磁化钐.html	
维基	磁化钕	wiki.main	磁化钕.html	
维基	磁化钢	wiki.main	磁化钢.html	
维基	磁化铁	wiki.main	磁化铁.html	
维基	磁场增幅卡	wiki.main	磁场增幅卡.html	
维基	磁悬浮能量塔	wiki.main	磁悬浮能量塔.html	
维基	磁流体约束恒星物质	wiki.main	磁流体约束恒星物质.html	
维基	磁物质	wiki.main	磁物质.html	
维基	磁物质与简并夸克胶子等离子体自动化	wiki.main	磁物质与简并夸克胶子等离子体自动化.html	
维基	磁物质与简并态夸克胶子等离子体自动化	wiki.main	磁物质与简并态夸克胶子等离子体自动化.html	
维基	磁物质自动化	wiki.main	磁物质自动化.html	
维基	磁通量效应监视器	wiki.main	磁通量效应监视器.html	
维基	磁钢	wiki.main	磁钢.html	
维基	磁铁	wiki.main	磁铁.html	
维基	磨砺花园_Garden_of_Grind	wiki.main	磨砺花园_Garden_of_Grind.html	
维基	磷	wiki.main	磷.html	
维基	磷化铟镓	wiki.main	磷化铟镓.html	
维基	磷掺杂的单晶硅	wiki.main	磷掺杂的单晶硅.html	
维基	磷掺杂的晶圆	wiki.main	磷掺杂的晶圆.html	
维基	磷灰石	wiki.main	磷灰石.html	
维基	磷酸	wiki.main	磷酸.html	
维基	磷酸三钙	wiki.main	磷酸三钙.html	
维基	磷酸铟	wiki.main	磷酸铟.html	
维基	社区模组	wiki.main	社区模组.html	
维基	社区模组报错一览	wiki.main	社区模组报错一览.html	
维基	祛魔台	wiki.main	祛魔台.html	
维基	神秘	wiki.main	神秘.html	
维基	神秘之靴	wiki.main	神秘之靴.html	
维基	神秘基础学_作物	wiki.main	神秘基础学_作物.html	
维基	神秘扭曲学	wiki.main	神秘扭曲学.html	
维基	神秘时代	wiki.main	神秘时代.html	
维基	神秘时代4	wiki.main	神秘时代4.html	
维基	神秘时代基础教程	wiki.main	神秘时代基础教程.html	
维基	神秘时代注魔祭坛自动化	wiki.main	神秘时代注魔祭坛自动化.html	
维基	神秘时代研究助手	wiki.main	神秘时代研究助手.html	
维基	神秘时代研究表格	wiki.main	神秘时代研究表格.html	
维基	神秘时代研究表格_历史版本20260120	wiki.main	神秘时代研究表格_历史版本20260120.html	
维基	神秘时代进阶教程	wiki.main	神秘时代进阶教程.html	
维基	神秘枝条	wiki.main	神秘枝条.html	
维基	神秘水晶	wiki.main	神秘水晶.html	
维基	神秘炼金塔	wiki.main	神秘炼金塔.html	
维基	神秘粉	wiki.main	神秘粉.html	
维基	神秘能源	wiki.main	神秘能源.html	
维基	神秘蓝金	wiki.main	神秘蓝金.html	
维基	神秘视界	wiki.main	神秘视界.html	
维基	神秘锭	wiki.main	神秘锭.html	
维基	神秘革命	wiki.main	神秘革命.html	
维基	神经元处理器	wiki.main	神经元处理器.html	
维基	神锻	wiki.main	神锻.html	
维基	神龙反应堆	wiki.main	神龙反应堆.html	
维基	离心中枢	wiki.main	离心中枢.html	
维基	离心中枢-2737	wiki.main	离心中枢-2737.html	
维基	离心机	wiki.main	离心机.html	
维基	私人维度	wiki.main	私人维度.html	
维基	种子油	wiki.main	种子油.html	
维基	种子生成器	wiki.main	种子生成器.html	
维基	种植站	wiki.main	种植站.html	
维基	秘银	wiki.main	秘银.html	
维基	秩序碎片	wiki.main	秩序碎片.html	
维基	秩序魔晶	wiki.main	秩序魔晶.html	
维基	秩序魔晶粉	wiki.main	秩序魔晶粉.html	
维基	稀土	wiki.main	稀土.html	
维基	稀土(I)	wiki.main	稀土(I).html	
维基	稀土(I)粉	wiki.main	稀土(I)粉.html	
维基	稀土(II)	wiki.main	稀土(II).html	
维基	稀土(II)粉	wiki.main	稀土(II)粉.html	
维基	稀土(III)	wiki.main	稀土(III).html	
维基	稀土(III)粉	wiki.main	稀土(III)粉.html	
维基	稀土处理	wiki.main	稀土处理.html	
维基	稀土处理_二氧化铈分支	wiki.main	稀土处理_二氧化铈分支.html	
维基	稀土处理_二氧化铈处理	wiki.main	稀土处理_二氧化铈处理.html	
维基	稀土处理_氟碳镧铈主线	wiki.main	稀土处理_氟碳镧铈主线.html	
维基	稀土处理_独居石主线	wiki.main	稀土处理_独居石主线.html	
维基	稀土处理_钐稀土精粉分支	wiki.main	稀土处理_钐稀土精粉分支.html	
维基	稀土处理_钐精粉主线	wiki.main	稀土处理_钐精粉主线.html	
维基	稀土处理_钕稀土精粉分支	wiki.main	稀土处理_钕稀土精粉分支.html	
维基	稀土处理_铕钐钆分支	wiki.main	稀土处理_铕钐钆分支.html	
维基	稀土处理_铪锆分支	wiki.main	稀土处理_铪锆分支.html	
维基	稀有精英怪	wiki.main	稀有精英怪.html	
维基	稀有金属合金	wiki.main	稀有金属合金.html	
维基	稀有金属渣	wiki.main	稀有金属渣.html	
维基	稀盐酸	wiki.main	稀盐酸.html	
维基	稀硫酸	wiki.main	稀硫酸.html	
维基	稳定刷怪笼	wiki.main	稳定刷怪笼.html	
维基	稳定版本参考	wiki.main	稳定版本参考.html	
维基	稳定重子物质	wiki.main	稳定重子物质.html	
维基	空冻塔	wiki.main	空冻塔.html	
维基	空气	wiki.main	空气.html	
维基	空白样板重填卡	wiki.main	空白样板重填卡.html	
维基	空虚	wiki.main	空虚.html	
维基	空间IO端口	wiki.main	空间IO端口.html	
维基	空间传送器	wiki.main	空间传送器.html	
维基	空间塔	wiki.main	空间塔.html	
维基	空间存储元件	wiki.main	空间存储元件.html	
维基	空间站	wiki.main	空间站.html	
维基	穿梭机	wiki.main	穿梭机.html	
维基	突变活性焊料	wiki.main	突变活性焊料.html	
维基	立方氧化锆	wiki.main	立方氧化锆.html	
维基	第0.5阶-蒸汽时代	wiki.main	第0.5阶-蒸汽时代.html	
维基	第0阶-由此开始	wiki.main	第0阶-由此开始.html	
维基	第0阶-石器时代	wiki.main	第0阶-石器时代.html	
维基	第10阶-超极限压(UEV)	wiki.main	第10阶-超极限压(UEV).html	
维基	第11阶-超强导压(UIV)	wiki.main	第11阶-超强导压(UIV).html	
维基	第12阶-极剧差压(UMV)	wiki.main	第12阶-极剧差压(UMV).html	
维基	第1阶-低压(LV)	wiki.main	第1阶-低压(LV).html	
维基	第2阶-中压(MV)	wiki.main	第2阶-中压(MV).html	
维基	第3阶-高压(HV)	wiki.main	第3阶-高压(HV).html	
维基	第4阶-超高压(EV)	wiki.main	第4阶-超高压(EV).html	
维基	第5阶-强导压(IV)	wiki.main	第5阶-强导压(IV).html	
维基	第6阶-剧差压(LuV)	wiki.main	第6阶-剧差压(LuV).html	
维基	第7阶-零点压(ZPM)	wiki.main	第7阶-零点压(ZPM).html	
维基	第8阶-极限压(UV)	wiki.main	第8阶-极限压(UV).html	
维基	第9阶-极高压(UHV)	wiki.main	第9阶-极高压(UHV).html	
维基	等离子发电机	wiki.main	等离子发电机.html	
维基	等离子发电机MK_I	wiki.main	等离子发电机MK_I.html	
维基	等离子发电机MK_II	wiki.main	等离子发电机MK_II.html	
维基	等离子发电机MK_III	wiki.main	等离子发电机MK_III.html	
维基	等离子发电机MK_IV	wiki.main	等离子发电机MK_IV.html	
维基	等离子电弧炉	wiki.main	等离子电弧炉.html	
维基	等级序数	wiki.main	等级序数.html	
维基	筛选机	wiki.main	筛选机.html	
维基	简单的SoC晶圆	wiki.main	简单的SoC晶圆.html	
维基	简并夸克胶子等离子体	wiki.main	简并夸克胶子等离子体.html	
维基	简并夸克胶子等离子体自动化	wiki.main	简并夸克胶子等离子体自动化.html	
维基	简易产线一图流	wiki.main	简易产线一图流.html	
维基	简易太阳能锅炉	wiki.main	简易太阳能锅炉.html	
维基	简易斯特林水泵	wiki.main	简易斯特林水泵.html	
维基	简易洗矿机	wiki.main	简易洗矿机.html	
维基	简易洗矿池	wiki.main	简易洗矿池.html	
维基	简易洗矿池_I	wiki.main	简易洗矿池_I.html	
维基	简易洗矿池_II	wiki.main	简易洗矿池_II.html	
维基	简易洗矿池_III	wiki.main	简易洗矿池_III.html	
维基	简易洗矿池_IV	wiki.main	简易洗矿池_IV.html	
维基	简易洗矿池_V	wiki.main	简易洗矿池_V.html	
维基	简易洗矿池_VI	wiki.main	简易洗矿池_VI.html	
维基	简易洗矿池_VII	wiki.main	简易洗矿池_VII.html	
维基	简称	wiki.main	简称.html	
维基	算力仓室	wiki.main	算力仓室.html	
维基	箱子	wiki.main	箱子.html	
维基	类型过滤器	wiki.main	类型过滤器.html	
维基	粉碎机	wiki.main	粉碎机.html	
维基	粒子	wiki.main	粒子.html	
维基	粒子_2.8.4	wiki.main	粒子_2.8.4.html	
维基	粒子发生器	wiki.main	粒子发生器.html	
维基	粒子物理线	wiki.main	粒子物理线.html	
维基	粗制硬钢	wiki.main	粗制硬钢.html	
维基	粗制超立方体	wiki.main	粗制超立方体.html	
维基	粗制超维度催化剂	wiki.main	粗制超维度催化剂.html	
维基	粗制铑金属	wiki.main	粗制铑金属.html	
维基	粗青铜合金	wiki.main	粗青铜合金.html	
维基	粘土	wiki.main	粘土.html	
维基	粘性卡	wiki.main	粘性卡.html	
维基	粘性树脂	wiki.main	粘性树脂.html	
维基	精准污染清洗机	wiki.main	精准污染清洗机.html	
维基	精制电路基板	wiki.main	精制电路基板.html	
维基	精制胶水	wiki.main	精制胶水.html	
维基	精密激光刻蚀机	wiki.main	精密激光刻蚀机.html	
维基	精密激光蚀刻机	wiki.main	精密激光蚀刻机.html	
维基	精密自动组装机MT-3662	wiki.main	精密自动组装机MT-3662.html	
维基	精密自动雕刻机	wiki.main	精密自动雕刻机.html	
维基	精灵尘	wiki.main	精灵尘.html	
维基	精灵玻璃	wiki.main	精灵玻璃.html	
维基	精神世界	wiki.main	精神世界.html	
维基	精英UU增幅液生产器	wiki.main	精英UU增幅液生产器.html	
维基	精英UU增幅液生产器_II	wiki.main	精英UU增幅液生产器_II.html	
维基	精英世界加速器	wiki.main	精英世界加速器.html	
维基	精英世界加速器_II	wiki.main	精英世界加速器_II.html	
维基	精英两极磁化机	wiki.main	精英两极磁化机.html	
维基	精英两极磁化机_II	wiki.main	精英两极磁化机_II.html	
维基	精英冲压机床	wiki.main	精英冲压机床.html	
维基	精英冲压机床_II	wiki.main	精英冲压机床_II.html	
维基	精英化学反应釜	wiki.main	精英化学反应釜.html	
维基	精英化学反应釜_II	wiki.main	精英化学反应釜_II.html	
维基	精英化学浸洗机	wiki.main	精英化学浸洗机.html	
维基	精英化学浸洗机_II	wiki.main	精英化学浸洗机_II.html	
维基	精英卷板机	wiki.main	精英卷板机.html	
维基	精英卷板机_II	wiki.main	精英卷板机_II.html	
维基	精英压模机	wiki.main	精英压模机.html	
维基	精英压模机_II	wiki.main	精英压模机_II.html	
维基	精英压缩机	wiki.main	精英压缩机.html	
维基	精英压缩机_II	wiki.main	精英压缩机_II.html	
维基	精英发酵槽	wiki.main	精英发酵槽.html	
维基	精英发酵槽_II	wiki.main	精英发酵槽_II.html	
维基	精英合金炉	wiki.main	精英合金炉.html	
维基	精英合金炉_II	wiki.main	精英合金炉_II.html	
维基	精英回收机_II	wiki.main	精英回收机_II.html	
维基	精英复制机	wiki.main	精英复制机.html	
维基	精英复制机_II	wiki.main	精英复制机_II.html	
维基	精英太阳能板	wiki.main	精英太阳能板.html	
维基	精英太阳能板_II	wiki.main	精英太阳能板_II.html	
维基	精英微波炉	wiki.main	精英微波炉.html	
维基	精英微波炉_II	wiki.main	精英微波炉_II.html	
维基	精英打包机_I	wiki.main	精英打包机_I.html	
维基	精英打包机_II	wiki.main	精英打包机_II.html	
维基	精英扫描仪	wiki.main	精英扫描仪.html	
维基	精英扫描仪_II	wiki.main	精英扫描仪_II.html	
维基	精英提取机	wiki.main	精英提取机.html	
维基	精英提取机_II	wiki.main	精英提取机_II.html	
维基	精英搅拌机	wiki.main	精英搅拌机.html	
维基	精英搅拌机_II	wiki.main	精英搅拌机_II.html	
维基	精英板材切割机	wiki.main	精英板材切割机.html	
维基	精英板材切割机_II	wiki.main	精英板材切割机_II.html	
维基	精英洗矿厂	wiki.main	精英洗矿厂.html	
维基	精英洗矿厂_II	wiki.main	精英洗矿厂_II.html	
维基	精英流体加热器	wiki.main	精英流体加热器.html	
维基	精英流体加热器_II	wiki.main	精英流体加热器_II.html	
维基	精英流体固化器	wiki.main	精英流体固化器.html	
维基	精英流体固化器_II	wiki.main	精英流体固化器_II.html	
维基	精英流体提取机	wiki.main	精英流体提取机.html	
维基	精英流体提取机_II	wiki.main	精英流体提取机_II.html	
维基	精英流体灌装机	wiki.main	精英流体灌装机.html	
维基	精英流体灌装机_II	wiki.main	精英流体灌装机_II.html	
维基	精英热力离心机	wiki.main	精英热力离心机.html	
维基	精英热力离心机_II	wiki.main	精英热力离心机_II.html	
维基	精英电弧炉	wiki.main	精英电弧炉.html	
维基	精英电弧炉_II	wiki.main	精英电弧炉_II.html	
维基	精英电炉	wiki.main	精英电炉.html	
维基	精英电炉_II	wiki.main	精英电炉_II.html	
维基	精英电磁离析机	wiki.main	精英电磁离析机.html	
维基	精英电磁离析机_II	wiki.main	精英电磁离析机_II.html	
维基	精英电解机	wiki.main	精英电解机.html	
维基	精英电解机_II	wiki.main	精英电解机_II.html	
维基	精英电路基板	wiki.main	精英电路基板.html	
维基	精英电路组装机	wiki.main	精英电路组装机.html	
维基	精英电路组装机_II	wiki.main	精英电路组装机_II.html	
维基	精英矿石粉碎机	wiki.main	精英矿石粉碎机.html	
维基	精英矿石粉碎机_II	wiki.main	精英矿石粉碎机_II.html	
维基	精英离心机	wiki.main	精英离心机.html	
维基	精英离心机_II	wiki.main	精英离心机_II.html	
维基	精英等离子电弧炉	wiki.main	精英等离子电弧炉.html	
维基	精英等离子电弧炉_II	wiki.main	精英等离子电弧炉_II.html	
维基	精英筛选机	wiki.main	精英筛选机.html	
维基	精英筛选机_II	wiki.main	精英筛选机_II.html	
维基	精英精密激光蚀刻机	wiki.main	精英精密激光蚀刻机.html	
维基	精英精密激光蚀刻机_II	wiki.main	精英精密激光蚀刻机_II.html	
维基	精英线材轧机	wiki.main	精英线材轧机.html	
维基	精英线材轧机_II	wiki.main	精英线材轧机_II.html	
维基	精英组装机	wiki.main	精英组装机.html	
维基	精英组装机_II	wiki.main	精英组装机_II.html	
维基	精英蒸馏室	wiki.main	精英蒸馏室.html	
维基	精英蒸馏室_II	wiki.main	精英蒸馏室_II.html	
维基	精英装罐机	wiki.main	精英装罐机.html	
维基	精英装罐机_II	wiki.main	精英装罐机_II.html	
维基	精英质量发生器	wiki.main	精英质量发生器.html	
维基	精英质量发生器_II	wiki.main	精英质量发生器_II.html	
维基	精英车床	wiki.main	精英车床.html	
维基	精英车床_II	wiki.main	精英车床_II.html	
维基	精英酿造室	wiki.main	精英酿造室.html	
维基	精英酿造室_II	wiki.main	精英酿造室_II.html	
维基	精英锻造锤	wiki.main	精英锻造锤.html	
维基	精英锻造锤_II	wiki.main	精英锻造锤_II.html	
维基	精英食材切片机	wiki.main	精英食材切片机.html	
维基	精英食材切片机_II	wiki.main	精英食材切片机_II.html	
维基	精英高压釜	wiki.main	精英高压釜.html	
维基	精英高压釜_II	wiki.main	精英高压釜_II.html	
维基	精金	wiki.main	精金.html	
维基	精金合金	wiki.main	精金合金.html	
维基	糖	wiki.main	糖.html	
维基	索利安德之嗜	wiki.main	索利安德之嗜.html	
维基	紧凑式回旋加速器	wiki.main	紧凑式回旋加速器.html	
维基	紫外辐照水(六级净化水)	wiki.main	紫外辐照水(六级净化水).html	
维基	紫外辐照水（六级净化水）	wiki.main	紫外辐照水（六级净化水）.html	
维基	紫水晶	wiki.main	紫水晶.html	
维基	絮凝净化单元	wiki.main	絮凝净化单元.html	
维基	絮凝沉降水(三级净化水)	wiki.main	絮凝沉降水(三级净化水).html	
维基	絮凝沉降水（三级净化水）	wiki.main	絮凝沉降水（三级净化水）.html	
维基	红宝石	wiki.main	红宝石.html	
维基	红宝石汁	wiki.main	红宝石汁.html	
维基	红石	wiki.main	红石.html	
维基	红石信号发射器	wiki.main	红石信号发射器.html	
维基	红石信号发射器(内)	wiki.main	红石信号发射器(内).html	
维基	红石信号发射器(外)	wiki.main	红石信号发射器(外).html	
维基	红石信号发射器（外）	wiki.main	红石信号发射器（外）.html	
维基	红石信号接收器	wiki.main	红石信号接收器.html	
维基	红石信号接收器(内)	wiki.main	红石信号接收器(内).html	
维基	红石信号接收器(外)	wiki.main	红石信号接收器(外).html	
维基	红石信号接收器（内）	wiki.main	红石信号接收器（内）.html	
维基	红石信号覆盖板	wiki.main	红石信号覆盖板.html	
维基	红石信号覆盖板_2.8.4	wiki.main	红石信号覆盖板_2.8.4.html	
维基	红石卡	wiki.main	红石卡.html	
维基	红石合金	wiki.main	红石合金.html	
维基	红石导管	wiki.main	红石导管.html	
维基	红石榴石	wiki.main	红石榴石.html	
维基	红石计划	wiki.main	红石计划.html	
维基	红石计划_IC门的制作和使用	wiki.main	红石计划_IC门的制作和使用.html	
维基	红石计划：传输	wiki.main	红石计划：传输.html	
维基	红石转输芯片	wiki.main	红石转输芯片.html	
维基	红砖	wiki.main	红砖.html	
维基	红色合金	wiki.main	红色合金.html	
维基	红色合金丝	wiki.main	红色合金丝.html	
维基	红花岗岩	wiki.main	红花岗岩.html	
维基	红藻生物质	wiki.main	红藻生物质.html	
维基	红钒铅锌	wiki.main	红钒铅锌.html	
维基	红钢	wiki.main	红钢.html	
维基	红铬云母	wiki.main	红铬云母.html	
维基	红锆石	wiki.main	红锆石.html	
维基	纤维强化电路基板	wiki.main	纤维强化电路基板.html	
维基	纤维强化的环氧树脂	wiki.main	纤维强化的环氧树脂.html	
维基	纤维强化的环氧树脂片	wiki.main	纤维强化的环氧树脂片.html	
维基	约束之剑	wiki.main	约束之剑.html	
维基	约束之斧	wiki.main	约束之斧.html	
维基	约束之锹	wiki.main	约束之锹.html	
维基	约束之镐	wiki.main	约束之镐.html	
维基	纯净玻璃	wiki.main	纯净玻璃.html	
维基	纯磁	wiki.main	纯磁.html	
维基	纯蒸汽挑战	wiki.main	纯蒸汽挑战.html	
维基	纯鎡	wiki.main	纯鎡.html	
维基	纯镃	wiki.main	纯镃.html	
维基	纳米主机	wiki.main	纳米主机.html	
维基	纳米功率IC	wiki.main	纳米功率IC.html	
维基	纳米功率IC晶圆	wiki.main	纳米功率IC晶圆.html	
维基	纳米处理器	wiki.main	纳米处理器.html	
维基	纳米处理器主机	wiki.main	纳米处理器主机.html	
维基	纳米头盔	wiki.main	纳米头盔.html	
维基	纳米套装	wiki.main	纳米套装.html	
维基	纳米封装卷绕器	wiki.main	纳米封装卷绕器.html	
维基	纳米彗星之靴	wiki.main	纳米彗星之靴.html	
维基	纳米护腿	wiki.main	纳米护腿.html	
维基	纳米旅行者之靴	wiki.main	纳米旅行者之靴.html	
维基	纳米流星之靴	wiki.main	纳米流星之靴.html	
维基	纳米精度切割仓	wiki.main	纳米精度切割仓.html	
维基	纳米精度导线追踪器	wiki.main	纳米精度导线追踪器.html	
维基	纳米系列电路板	wiki.main	纳米系列电路板.html	
维基	纳米组件分流器	wiki.main	纳米组件分流器.html	
维基	纳米胸甲	wiki.main	纳米胸甲.html	
维基	纳米芯片复合体玻璃	wiki.main	纳米芯片复合体玻璃.html	
维基	纳米芯片组装复合体	wiki.main	纳米芯片组装复合体.html	
维基	纳米芯片组装复合体物流参考	wiki.main	纳米芯片组装复合体物流参考.html	
维基	纳米芯片组装复合体自动化	wiki.main	纳米芯片组装复合体自动化.html	
维基	纳米芯片组装矩阵	wiki.main	纳米芯片组装矩阵.html	
维基	纳米虚空旅行者之靴	wiki.main	纳米虚空旅行者之靴.html	
维基	纳米蜂群屏蔽玻璃	wiki.main	纳米蜂群屏蔽玻璃.html	
维基	纳米蜂群收容总线	wiki.main	纳米蜂群收容总线.html	
维基	纳米蜂群收纳总线	wiki.main	纳米蜂群收纳总线.html	
维基	纳米超级计算机	wiki.main	纳米超级计算机.html	
维基	纳米锻炉	wiki.main	纳米锻炉.html	
维基	纳米集群	wiki.main	纳米集群.html	
维基	纳米靴子	wiki.main	纳米靴子.html	
维基	线圈方块	wiki.main	线圈方块.html	
维基	线性加速器	wiki.main	线性加速器.html	
维基	线损	wiki.main	线损.html	
维基	线损率	wiki.main	线损率.html	
维基	线材轧机	wiki.main	线材轧机.html	
维基	线缆	wiki.main	线缆.html	
维基	线缆二极管	wiki.main	线缆二极管.html	
维基	线缆伪装板	wiki.main	线缆伪装板.html	
维基	线缆子部件	wiki.main	线缆子部件.html	
维基	线缆锚	wiki.main	线缆锚.html	
维基	组合箱	wiki.main	组合箱.html	
维基	组装机	wiki.main	组装机.html	
维基	细菌培养缸	wiki.main	细菌培养缸.html	
维基	织女B	wiki.main	织女B.html	
维基	织女一B	wiki.main	织女一B.html	
维基	终压时代	wiki.main	终压时代.html	
维基	终末	wiki.main	终末.html	
维基	终极UFO引擎	wiki.main	终极UFO引擎.html	
维基	终极便携式恒星	wiki.main	终极便携式恒星.html	
维基	终极元素聚合者	wiki.main	终极元素聚合者.html	
维基	终极兰波顿电池背包	wiki.main	终极兰波顿电池背包.html	
维基	终极冲击调制者	wiki.main	终极冲击调制者.html	
维基	终极分子龙卷风	wiki.main	终极分子龙卷风.html	
维基	终极分馏者	wiki.main	终极分馏者.html	
维基	终极化学反应执行者	wiki.main	终极化学反应执行者.html	
维基	终极化学浸渍者	wiki.main	终极化学浸渍者.html	
维基	终极化学能释放者	wiki.main	终极化学能释放者.html	
维基	终极原子激发器	wiki.main	终极原子激发器.html	
维基	终极发酵激励者	wiki.main	终极发酵激励者.html	
维基	终极变形驱动者	wiki.main	终极变形驱动者.html	
维基	终极增幅液制造者	wiki.main	终极增幅液制造者.html	
维基	终极太阳能板	wiki.main	终极太阳能板.html	
维基	终极存在创造者	wiki.main	终极存在创造者.html	
维基	终极导线成形者	wiki.main	终极导线成形者.html	
维基	终极工作台	wiki.main	终极工作台.html	
维基	终极应力施加者	wiki.main	终极应力施加者.html	
维基	终极强压结晶者	wiki.main	终极强压结晶者.html	
维基	终极形态毁灭者	wiki.main	终极形态毁灭者.html	
维基	终极提炼者	wiki.main	终极提炼者.html	
维基	终极时间扭曲装置	wiki.main	终极时间扭曲装置.html	
维基	终极流体石化者	wiki.main	终极流体石化者.html	
维基	终极液化抽吸者	wiki.main	终极液化抽吸者.html	
维基	终极液罐执行者	wiki.main	终极液罐执行者.html	
维基	终极滚筒洗矿厂	wiki.main	终极滚筒洗矿厂.html	
维基	终极火龙卷	wiki.main	终极火龙卷.html	
维基	终极热量注入者	wiki.main	终极热量注入者.html	
维基	终极物品分割者	wiki.main	终极物品分割者.html	
维基	终极物品抹杀者	wiki.main	终极物品抹杀者.html	
维基	终极物质组织者	wiki.main	终极物质组织者.html	
维基	终极物质聚压者	wiki.main	终极物质聚压者.html	
维基	终极电子显微镜	wiki.main	终极电子显微镜.html	
维基	终极电路组装机	wiki.main	终极电路组装机.html	
维基	终极电路组装机_II	wiki.main	终极电路组装机_II.html	
维基	终极电路组装机_III	wiki.main	终极电路组装机_III.html	
维基	终极电路组装机_IV	wiki.main	终极电路组装机_IV.html	
维基	终极电路组装机_V	wiki.main	终极电路组装机_V.html	
维基	终极目标	wiki.main	终极目标.html	
维基	终极短路加热者	wiki.main	终极短路加热者.html	
维基	终极磁星分离者	wiki.main	终极磁星分离者.html	
维基	终极磁能导入者	wiki.main	终极磁能导入者.html	
维基	终极离子发生器	wiki.main	终极离子发生器.html	
维基	终极秘方酿制者	wiki.main	终极秘方酿制者.html	
维基	终极等离子射流加热器	wiki.main	终极等离子射流加热器.html	
维基	终极精准光子加农	wiki.main	终极精准光子加农.html	
维基	终极组装构建者	wiki.main	终极组装构建者.html	
维基	终极罐头操纵者	wiki.main	终极罐头操纵者.html	
维基	终极脉动筛选者	wiki.main	终极脉动筛选者.html	
维基	终极表面压覆者	wiki.main	终极表面压覆者.html	
维基	终极装箱者	wiki.main	终极装箱者.html	
维基	终极车工大师	wiki.main	终极车工大师.html	
维基	终极量子切片者	wiki.main	终极量子切片者.html	
维基	终极金属熔合者	wiki.main	终极金属熔合者.html	
维基	终结之剑	wiki.main	终结之剑.html	
维基	终结之剑_MK-II	wiki.main	终结之剑_MK-II.html	
维基	终结之剑_MK-IV	wiki.main	终结之剑_MK-IV.html	
维基	终结之剑_MK2	wiki.main	终结之剑_MK2.html	
维基	经验交换方尖碑	wiki.main	经验交换方尖碑.html	
维基	绑定仪式	wiki.main	绑定仪式.html	
维基	结构拆解扳手	wiki.main	结构拆解扳手.html	
维基	结构玻璃	wiki.main	结构玻璃.html	
维基	绝对重子完美净化单元	wiki.main	绝对重子完美净化单元.html	
维基	绝缘云母箔	wiki.main	绝缘云母箔.html	
维基	绝缘红石导管	wiki.main	绝缘红石导管.html	
维基	绝缘线缆	wiki.main	绝缘线缆.html	
维基	维基技术地图	wiki.main	维基技术地图.html	
维基	维度	wiki.main	维度.html	
维基	维度偏移超流体	wiki.main	维度偏移超流体.html	
维基	维度收敛	wiki.main	维度收敛.html	
维基	维护	wiki.main	维护.html	
维基	维护仓	wiki.main	维护仓.html	
维基	维护提示覆盖板	wiki.main	维护提示覆盖板.html	
维基	维护问题	wiki.main	维护问题.html	
维基	绿宝石	wiki.main	绿宝石.html	
维基	绿色蓝宝石	wiki.main	绿色蓝宝石.html	
维基	绿藻生物质	wiki.main	绿藻生物质.html	
维基	绿铬云母	wiki.main	绿铬云母.html	
维基	缓存器	wiki.main	缓存器.html	
维基	缓存网络	wiki.main	缓存网络.html	
维基	缓慢	wiki.main	缓慢.html	
维基	缓降	wiki.main	缓降.html	
维基	编程多流体二合一输入仓	wiki.main	编程多流体二合一输入仓.html	
维基	编程电路	wiki.main	编程电路.html	
维基	编程电路1	wiki.main	编程电路1.html	
维基	编程电路10	wiki.main	编程电路10.html	
维基	编程电路11	wiki.main	编程电路11.html	
维基	编程电路12	wiki.main	编程电路12.html	
维基	编程电路13	wiki.main	编程电路13.html	
维基	编程电路14	wiki.main	编程电路14.html	
维基	编程电路15	wiki.main	编程电路15.html	
维基	编程电路16	wiki.main	编程电路16.html	
维基	编程电路17	wiki.main	编程电路17.html	
维基	编程电路18	wiki.main	编程电路18.html	
维基	编程电路19	wiki.main	编程电路19.html	
维基	编程电路2	wiki.main	编程电路2.html	
维基	编程电路20	wiki.main	编程电路20.html	
维基	编程电路21	wiki.main	编程电路21.html	
维基	编程电路22	wiki.main	编程电路22.html	
维基	编程电路23	wiki.main	编程电路23.html	
维基	编程电路24	wiki.main	编程电路24.html	
维基	编程电路3	wiki.main	编程电路3.html	
维基	编程电路4	wiki.main	编程电路4.html	
维基	编程电路5	wiki.main	编程电路5.html	
维基	编程电路6	wiki.main	编程电路6.html	
维基	编程电路7	wiki.main	编程电路7.html	
维基	编程电路8	wiki.main	编程电路8.html	
维基	编程电路9	wiki.main	编程电路9.html	
维基	编程缓冲二合一输入仓	wiki.main	编程缓冲二合一输入仓.html	
维基	缸中节点	wiki.main	缸中节点.html	
维基	网络可视化工具	wiki.main	网络可视化工具.html	
维基	网络导管(OC)	wiki.main	网络导管(OC).html	
维基	网络导管（OC）	wiki.main	网络导管（OC）.html	
维基	网络工具	wiki.main	网络工具.html	
维基	罗斯128b	wiki.main	罗斯128b.html	
维基	罗斯128ba	wiki.main	罗斯128ba.html	
维基	罗斯复兴	wiki.main	罗斯复兴.html	
维基	群组服务器搭建	wiki.main	群组服务器搭建.html	
维基	羽翼	wiki.main	羽翼.html	
维基	耐摔合金	wiki.main	耐摔合金.html	
维基	耐摔合金锭	wiki.main	耐摔合金锭.html	
维基	耐热铬铁合金-020	wiki.main	耐热铬铁合金-020.html	
维基	耐热铬铁合金-903	wiki.main	耐热铬铁合金-903.html	
维基	耐热铬铁合金-DS	wiki.main	耐热铬铁合金-DS.html	
维基	耐热铬铁合金-MA956	wiki.main	耐热铬铁合金-MA956.html	
维基	耐酸铝	wiki.main	耐酸铝.html	
维基	聚乙烯	wiki.main	聚乙烯.html	
维基	聚乙烯片	wiki.main	聚乙烯片.html	
维基	聚乙烯（PE）	wiki.main	聚乙烯（PE）.html	
维基	聚乙烯（PE）末	wiki.main	聚乙烯（PE）末.html	
维基	聚二甲基硅氧烷	wiki.main	聚二甲基硅氧烷.html	
维基	聚二甲基硅氧烷末	wiki.main	聚二甲基硅氧烷末.html	
维基	聚四氟乙烯	wiki.main	聚四氟乙烯.html	
维基	聚四氟乙烯片	wiki.main	聚四氟乙烯片.html	
维基	聚四氟乙烯（PTFE）	wiki.main	聚四氟乙烯（PTFE）.html	
维基	聚四氟乙烯（PTFE）末	wiki.main	聚四氟乙烯（PTFE）末.html	
维基	聚宝花	wiki.main	聚宝花.html	
维基	聚己内酰胺	wiki.main	聚己内酰胺.html	
维基	聚己内酰胺片	wiki.main	聚己内酰胺片.html	
维基	聚己内酰胺（PCL）	wiki.main	聚己内酰胺（PCL）.html	
维基	聚氯乙烯	wiki.main	聚氯乙烯.html	
维基	聚氯乙烯末	wiki.main	聚氯乙烯末.html	
维基	聚氯乙烯片	wiki.main	聚氯乙烯片.html	
维基	聚氯乙烯（PVC）	wiki.main	聚氯乙烯（PVC）.html	
维基	聚氯化铝	wiki.main	聚氯化铝.html	
维基	聚焦输入总线	wiki.main	聚焦输入总线.html	
维基	聚爆压缩机	wiki.main	聚爆压缩机.html	
维基	聚苯乙烯	wiki.main	聚苯乙烯.html	
维基	聚苯乙烯片	wiki.main	聚苯乙烯片.html	
维基	聚苯乙烯（PS）	wiki.main	聚苯乙烯（PS）.html	
维基	聚苯并咪唑	wiki.main	聚苯并咪唑.html	
维基	聚苯并咪唑（PBI）	wiki.main	聚苯并咪唑（PBI）.html	
维基	聚苯硫醚	wiki.main	聚苯硫醚.html	
维基	聚苯硫醚（PPS）	wiki.main	聚苯硫醚（PPS）.html	
维基	肼	wiki.main	肼.html	
维基	背包	wiki.main	背包.html	
维基	胶木	wiki.main	胶木.html	
维基	能源仓	wiki.main	能源仓.html	
维基	能源元件	wiki.main	能源元件.html	
维基	能源护目镜	wiki.main	能源护目镜.html	
维基	能源接收器	wiki.main	能源接收器.html	
维基	能源站	wiki.main	能源站.html	
维基	能源站控制节点	wiki.main	能源站控制节点.html	
维基	能量分配器	wiki.main	能量分配器.html	
维基	能量分配器(EV)	wiki.main	能量分配器(EV).html	
维基	能量分配器(HV)	wiki.main	能量分配器(HV).html	
维基	能量分配器(IV)	wiki.main	能量分配器(IV).html	
维基	能量分配器(LV)	wiki.main	能量分配器(LV).html	
维基	能量分配器(LuV)	wiki.main	能量分配器(LuV).html	
维基	能量分配器(MAX)	wiki.main	能量分配器(MAX).html	
维基	能量分配器(MV)	wiki.main	能量分配器(MV).html	
维基	能量分配器(UEV)	wiki.main	能量分配器(UEV).html	
维基	能量分配器(UHV)	wiki.main	能量分配器(UHV).html	
维基	能量分配器(UIV)	wiki.main	能量分配器(UIV).html	
维基	能量分配器(ULV)	wiki.main	能量分配器(ULV).html	
维基	能量分配器(UMV)	wiki.main	能量分配器(UMV).html	
维基	能量分配器(UV)	wiki.main	能量分配器(UV).html	
维基	能量分配器(UXV)	wiki.main	能量分配器(UXV).html	
维基	能量分配器(ZPM)	wiki.main	能量分配器(ZPM).html	
维基	能量分配器_IV	wiki.main	能量分配器_IV.html	
维基	能量分配器_LuV	wiki.main	能量分配器_LuV.html	
维基	能量分配器_ZPM	wiki.main	能量分配器_ZPM.html	
维基	能量分配器（EV）	wiki.main	能量分配器（EV）.html	
维基	能量分配器（HV）	wiki.main	能量分配器（HV）.html	
维基	能量分配器（IV）	wiki.main	能量分配器（IV）.html	
维基	能量分配器（LV）	wiki.main	能量分配器（LV）.html	
维基	能量分配器（LuV）	wiki.main	能量分配器（LuV）.html	
维基	能量分配器（MV）	wiki.main	能量分配器（MV）.html	
维基	能量分配器（ULV）	wiki.main	能量分配器（ULV）.html	
维基	能量分配器（UV）	wiki.main	能量分配器（UV）.html	
维基	能量分配器（ZPM）	wiki.main	能量分配器（ZPM）.html	
维基	能量导管	wiki.main	能量导管.html	
维基	能量探测覆盖板	wiki.main	能量探测覆盖板.html	
维基	能量核心	wiki.main	能量核心.html	
维基	能量水晶	wiki.main	能量水晶.html	
维基	能量注入仪	wiki.main	能量注入仪.html	
维基	能量注入器	wiki.main	能量注入器.html	
维基	能量监控器	wiki.main	能量监控器.html	
维基	能量缓冲器	wiki.main	能量缓冲器.html	
维基	能量缓存器	wiki.main	能量缓存器.html	
维基	脉冲发生器	wiki.main	脉冲发生器.html	
维基	脉冲合金	wiki.main	脉冲合金.html	
维基	脉冲铁	wiki.main	脉冲铁.html	
维基	脱水机	wiki.main	脱水机.html	
维基	腐化	wiki.main	腐化.html	
维基	腐毒	wiki.main	腐毒.html	
维基	腐胺	wiki.main	腐胺.html	
维基	自动养蜂	wiki.main	自动养蜂.html	
维基	自动化	wiki.main	自动化.html	
维基	自动化农场	wiki.main	自动化农场.html	
维基	自动化农场_简介	wiki.main	自动化农场_简介.html	
维基	自动化控制	wiki.main	自动化控制.html	
维基	自动化简介	wiki.main	自动化简介.html	
维基	自动合成	wiki.main	自动合成.html	
维基	自动合成的输入组划分参考	wiki.main	自动合成的输入组划分参考.html	
维基	自动合成的输入组最小划分	wiki.main	自动合成的输入组最小划分.html	
维基	自动售货机	wiki.main	自动售货机.html	
维基	自动工作台	wiki.main	自动工作台.html	
维基	自动工作台(EV)	wiki.main	自动工作台(EV).html	
维基	自动工作台(HV)	wiki.main	自动工作台(HV).html	
维基	自动工作台(IV)	wiki.main	自动工作台(IV).html	
维基	自动工作台(LV)	wiki.main	自动工作台(LV).html	
维基	自动工作台(LuV)	wiki.main	自动工作台(LuV).html	
维基	自动工作台(MV)	wiki.main	自动工作台(MV).html	
维基	自动工作台(UV)	wiki.main	自动工作台(UV).html	
维基	自动工作台(ZPM)	wiki.main	自动工作台(ZPM).html	
维基	自动数据访问仓	wiki.main	自动数据访问仓.html	
维基	自动维护仓	wiki.main	自动维护仓.html	
维基	自动贩卖机	wiki.main	自动贩卖机.html	
维基	自动雕刻机	wiki.main	自动雕刻机.html	
维基	自动雕刻机(Chisel)	wiki.main	自动雕刻机(Chisel).html	
维基	自然荒芜之斧	wiki.main	自然荒芜之斧.html	
维基	自爆引信	wiki.main	自爆引信.html	
维基	自贩机	wiki.main	自贩机.html	
维基	臭氧	wiki.main	臭氧.html	
维基	臭氧净化单元	wiki.main	臭氧净化单元.html	
维基	臭氧处理水(二级净化水)	wiki.main	臭氧处理水(二级净化水).html	
维基	臭氧处理水（二级净化水）	wiki.main	臭氧处理水（二级净化水）.html	
维基	致命线圈	wiki.main	致命线圈.html	
维基	致密ME导管	wiki.main	致密ME导管.html	
维基	致密能源元件	wiki.main	致密能源元件.html	
维基	航空煤油	wiki.main	航空煤油.html	
维基	航空煤油-3	wiki.main	航空煤油-3.html	
维基	航空煤油A	wiki.main	航空煤油A.html	
维基	艾萨研磨机	wiki.main	艾萨研磨机.html	
维基	节点	wiki.main	节点.html	
维基	花卉杂交	wiki.main	花卉杂交.html	
维基	花的力量	wiki.main	花的力量.html	
维基	花药台	wiki.main	花药台.html	
维基	苍穹树	wiki.main	苍穹树.html	
维基	苔藓球	wiki.main	苔藓球.html	
维基	苦难之井	wiki.main	苦难之井.html	
维基	苯	wiki.main	苯.html	
维基	苯胺	wiki.main	苯胺.html	
维基	苯酚	wiki.main	苯酚.html	
维基	草酸	wiki.main	草酸.html	
维基	荒古炼金炉	wiki.main	荒古炼金炉.html	
维基	荧光种子	wiki.main	荧光种子.html	
维基	荧光花	wiki.main	荧光花.html	
维基	荧石	wiki.main	荧石.html	
维基	荷鲁斯	wiki.main	荷鲁斯.html	
维基	莫比乌斯_稳定_不稳定_锭	wiki.main	莫比乌斯_稳定_不稳定_锭.html	
维基	莫比乌斯稳定不稳定	wiki.main	莫比乌斯稳定不稳定.html	
维基	菌泥	wiki.main	菌泥.html	
维基	菜园	wiki.main	菜园.html	
维基	菜园_简介	wiki.main	菜园_简介.html	
维基	萃取纳米树脂	wiki.main	萃取纳米树脂.html	
维基	萌发	wiki.main	萌发.html	
维基	萘	wiki.main	萘.html	
维基	萤光石英玻璃	wiki.main	萤光石英玻璃.html	
维基	萤光纯净玻璃	wiki.main	萤光纯净玻璃.html	
维基	萤石	wiki.main	萤石.html	
维基	营养不足	wiki.main	营养不足.html	
维基	营养充足	wiki.main	营养充足.html	
维基	营养学	wiki.main	营养学.html	
维基	蒸汽	wiki.main	蒸汽.html	
维基	蒸汽仓	wiki.main	蒸汽仓.html	
维基	蒸汽压缩机	wiki.main	蒸汽压缩机.html	
维基	蒸汽合金炉	wiki.main	蒸汽合金炉.html	
维基	蒸汽壁炉	wiki.main	蒸汽壁炉.html	
维基	蒸汽提取机	wiki.main	蒸汽提取机.html	
维基	蒸汽时代	wiki.main	蒸汽时代.html	
维基	蒸汽时代教程	wiki.main	蒸汽时代教程.html	
维基	蒸汽机	wiki.main	蒸汽机.html	
维基	蒸汽机器	wiki.main	蒸汽机器.html	
维基	蒸汽校准器	wiki.main	蒸汽校准器.html	
维基	蒸汽水泵	wiki.main	蒸汽水泵.html	
维基	蒸汽炉	wiki.main	蒸汽炉.html	
维基	蒸汽熔炉	wiki.main	蒸汽熔炉.html	
维基	蒸汽研磨机	wiki.main	蒸汽研磨机.html	
维基	蒸汽轮机	wiki.main	蒸汽轮机.html	
维基	蒸汽锻造锤	wiki.main	蒸汽锻造锤.html	
维基	蒸汽阀	wiki.main	蒸汽阀.html	
维基	蒸馏塔	wiki.main	蒸馏塔.html	
维基	蒸馏室	wiki.main	蒸馏室.html	
维基	蒸馏水	wiki.main	蒸馏水.html	
维基	蒽	wiki.main	蒽.html	
维基	蓄水仓	wiki.main	蓄水仓.html	
维基	蓄水器	wiki.main	蓄水器.html	
维基	蓄水库	wiki.main	蓄水库.html	
维基	蓄水箱	wiki.main	蓄水箱.html	
维基	蓝图	wiki.main	蓝图.html	
维基	蓝宝石	wiki.main	蓝宝石.html	
维基	蓝搅拌	wiki.main	蓝搅拌.html	
维基	蓝框岩浆	wiki.main	蓝框岩浆.html	
维基	蓝石	wiki.main	蓝石.html	
维基	蓝石计划	wiki.main	蓝石计划.html	
维基	蓝色合金	wiki.main	蓝色合金.html	
维基	蓝金石	wiki.main	蓝金石.html	
维基	蓝钢	wiki.main	蓝钢.html	
维基	蓝黄玉	wiki.main	蓝黄玉.html	
维基	藤蔓缠身	wiki.main	藤蔓缠身.html	
维基	藻类农场	wiki.main	藻类农场.html	
维基	藻类农场_2.8.4	wiki.main	藻类农场_2.8.4.html	
维基	藻类生物质	wiki.main	藻类生物质.html	
维基	虚弱	wiki.main	虚弱.html	
维基	虚弱气血宝珠	wiki.main	虚弱气血宝珠.html	
维基	虚恩	wiki.main	虚恩.html	
维基	虚拟油田	wiki.main	虚拟油田.html	
维基	虚拟电路板冲突	wiki.main	虚拟电路板冲突.html	
维基	虚空	wiki.main	虚空.html	
维基	虚空之魂石	wiki.main	虚空之魂石.html	
维基	虚空仓	wiki.main	虚空仓.html	
维基	虚空仓室	wiki.main	虚空仓室.html	
维基	虚空总线	wiki.main	虚空总线.html	
维基	虚空旅行者之靴	wiki.main	虚空旅行者之靴.html	
维基	虚空旅行者符文腰带	wiki.main	虚空旅行者符文腰带.html	
维基	虚空漫步者世界	wiki.main	虚空漫步者世界.html	
维基	虚空矿机出矿概率	wiki.main	虚空矿机出矿概率.html	
维基	虚空箱子	wiki.main	虚空箱子.html	
维基	虚空采矿场	wiki.main	虚空采矿场.html	
维基	虚空采矿场_I	wiki.main	虚空采矿场_I.html	
维基	虚空采矿场_II	wiki.main	虚空采矿场_II.html	
维基	虚空采矿场_III	wiki.main	虚空采矿场_III.html	
维基	虚空金属	wiki.main	虚空金属.html	
维基	虚空魔晶	wiki.main	虚空魔晶.html	
维基	虚采	wiki.main	虚采.html	
维基	蛋机	wiki.main	蛋机.html	
维基	蛋白石	wiki.main	蛋白石.html	
维基	蜂箱组	wiki.main	蜂箱组.html	
维基	蜂箱组保湿器	wiki.main	蜂箱组保湿器.html	
维基	蜂箱组克隆盒	wiki.main	蜂箱组克隆盒.html	
维基	蜂箱组加热器	wiki.main	蜂箱组加热器.html	
维基	蜂箱组日光灯	wiki.main	蜂箱组日光灯.html	
维基	蜂箱组滤网	wiki.main	蜂箱组滤网.html	
维基	蜂箱组稳定器	wiki.main	蜂箱组稳定器.html	
维基	蜂箱组能量接口	wiki.main	蜂箱组能量接口.html	
维基	蜂箱组遮光器	wiki.main	蜂箱组遮光器.html	
维基	蜂箱组风扇	wiki.main	蜂箱组风扇.html	
维基	蜜蜂育种	wiki.main	蜜蜂育种.html	
维基	蜜蜂育种自动化	wiki.main	蜜蜂育种自动化.html	
维基	蜡封木	wiki.main	蜡封木.html	
维基	螺丝刀	wiki.main	螺丝刀.html	
维基	血之祭坛	wiki.main	血之祭坛.html	
维基	血印	wiki.main	血印.html	
维基	血钢	wiki.main	血钢.html	
维基	血魔法	wiki.main	血魔法.html	
维基	血魔法祭坛自动化	wiki.main	血魔法祭坛自动化.html	
维基	行星气体钻机	wiki.main	行星气体钻机.html	
维基	行星气体钻机_2.8.4	wiki.main	行星气体钻机_2.8.4.html	
维基	行李箱	wiki.main	行李箱.html	
维基	装罐机	wiki.main	装罐机.html	
维基	装配台	wiki.main	装配台.html	
维基	装配器	wiki.main	装配器.html	
维基	装配线	wiki.main	装配线.html	
维基	装配线接收接口	wiki.main	装配线接收接口.html	
维基	装配线无线接收接口	wiki.main	装配线无线接收接口.html	
维基	装配线自动化	wiki.main	装配线自动化.html	
维基	褐煤	wiki.main	褐煤.html	
维基	褐藻生物质	wiki.main	褐藻生物质.html	
维基	褐铜	wiki.main	褐铜.html	
维基	西诺柏A243	wiki.main	西诺柏A243.html	
维基	要素	wiki.main	要素.html	
维基	要素_Aequalitas	wiki.main	要素_Aequalitas.html	
维基	要素_Aer	wiki.main	要素_Aer.html	
维基	要素_Alienis	wiki.main	要素_Alienis.html	
维基	要素_Aqua	wiki.main	要素_Aqua.html	
维基	要素_Arbor	wiki.main	要素_Arbor.html	
维基	要素_Astrum	wiki.main	要素_Astrum.html	
维基	要素_Auram	wiki.main	要素_Auram.html	
维基	要素_Bestia	wiki.main	要素_Bestia.html	
维基	要素_Caelum	wiki.main	要素_Caelum.html	
维基	要素_Cognitio	wiki.main	要素_Cognitio.html	
维基	要素_Corpus	wiki.main	要素_Corpus.html	
维基	要素_Desidia	wiki.main	要素_Desidia.html	
维基	要素_Electrum	wiki.main	要素_Electrum.html	
维基	要素_Exanimis	wiki.main	要素_Exanimis.html	
维基	要素_Fabrico	wiki.main	要素_Fabrico.html	
维基	要素_Fames	wiki.main	要素_Fames.html	
维基	要素_Gelum	wiki.main	要素_Gelum.html	
维基	要素_Gloria	wiki.main	要素_Gloria.html	
维基	要素_Gula	wiki.main	要素_Gula.html	
维基	要素_Herba	wiki.main	要素_Herba.html	
维基	要素_Humanus	wiki.main	要素_Humanus.html	
维基	要素_Ignis	wiki.main	要素_Ignis.html	
维基	要素_Infernus	wiki.main	要素_Infernus.html	
维基	要素_Instrumentum	wiki.main	要素_Instrumentum.html	
维基	要素_Invidia	wiki.main	要素_Invidia.html	
维基	要素_Ira	wiki.main	要素_Ira.html	
维基	要素_Iter	wiki.main	要素_Iter.html	
维基	要素_Limus	wiki.main	要素_Limus.html	
维基	要素_Lucrum	wiki.main	要素_Lucrum.html	
维基	要素_Lux	wiki.main	要素_Lux.html	
维基	要素_Luxuria	wiki.main	要素_Luxuria.html	
维基	要素_Machina	wiki.main	要素_Machina.html	
维基	要素_Magneto	wiki.main	要素_Magneto.html	
维基	要素_Messis	wiki.main	要素_Messis.html	
维基	要素_Metallum	wiki.main	要素_Metallum.html	
维基	要素_Meto	wiki.main	要素_Meto.html	
维基	要素_Mortuus	wiki.main	要素_Mortuus.html	
维基	要素_Motus	wiki.main	要素_Motus.html	
维基	要素_Nebrisum	wiki.main	要素_Nebrisum.html	
维基	要素_Ordo	wiki.main	要素_Ordo.html	
维基	要素_Pannus	wiki.main	要素_Pannus.html	
维基	要素_Perditio	wiki.main	要素_Perditio.html	
维基	要素_Perfodio	wiki.main	要素_Perfodio.html	
维基	要素_Permutatio	wiki.main	要素_Permutatio.html	
维基	要素_Potentia	wiki.main	要素_Potentia.html	
维基	要素_Praecantatio	wiki.main	要素_Praecantatio.html	
维基	要素_Primordium	wiki.main	要素_Primordium.html	
维基	要素_Radio	wiki.main	要素_Radio.html	
维基	要素_Sano	wiki.main	要素_Sano.html	
维基	要素_Sensus	wiki.main	要素_Sensus.html	
维基	要素_Spiritus	wiki.main	要素_Spiritus.html	
维基	要素_Strontio	wiki.main	要素_Strontio.html	
维基	要素_Superbia	wiki.main	要素_Superbia.html	
维基	要素_Tabernus	wiki.main	要素_Tabernus.html	
维基	要素_Telum	wiki.main	要素_Telum.html	
维基	要素_Tempestas	wiki.main	要素_Tempestas.html	
维基	要素_Tempus	wiki.main	要素_Tempus.html	
维基	要素_Tenebrae	wiki.main	要素_Tenebrae.html	
维基	要素_Terminus	wiki.main	要素_Terminus.html	
维基	要素_Terra	wiki.main	要素_Terra.html	
维基	要素_Tutamen	wiki.main	要素_Tutamen.html	
维基	要素_Vacuos	wiki.main	要素_Vacuos.html	
维基	要素_Venenum	wiki.main	要素_Venenum.html	
维基	要素_Vesania	wiki.main	要素_Vesania.html	
维基	要素_Victus	wiki.main	要素_Victus.html	
维基	要素_Vinculum	wiki.main	要素_Vinculum.html	
维基	要素_Vitium	wiki.main	要素_Vitium.html	
维基	要素_Vitreus	wiki.main	要素_Vitreus.html	
维基	要素_Volatus	wiki.main	要素_Volatus.html	
维基	覆盖板	wiki.main	覆盖板.html	
维基	覆盖板复制_粘贴工具	wiki.main	覆盖板复制_粘贴工具.html	
维基	覆盖板复制器	wiki.main	覆盖板复制器.html	
维基	覆膜电路基板	wiki.main	覆膜电路基板.html	
维基	观察日记：永生者	wiki.main	观察日记：永生者.html	
维基	观测阵列传送节点	wiki.main	观测阵列传送节点.html	
维基	视瞻昏渺	wiki.main	视瞻昏渺.html	
维基	觉醒核心	wiki.main	觉醒核心.html	
维基	觉醒物品错位器	wiki.main	觉醒物品错位器.html	
维基	觉醒龙	wiki.main	觉醒龙.html	
维基	觉醒龙块	wiki.main	觉醒龙块.html	
维基	觉醒龙线圈方块	wiki.main	觉醒龙线圈方块.html	
维基	觉醒龙锭线圈	wiki.main	觉醒龙锭线圈.html	
维基	觉醒龙锭线圈方块	wiki.main	觉醒龙锭线圈方块.html	
维基	角魔狩猎者	wiki.main	角魔狩猎者.html	
维基	解包器	wiki.main	解包器.html	
维基	计数器	wiki.main	计数器.html	
维基	计时器	wiki.main	计时器.html	
维基	计算器	wiki.main	计算器.html	
维基	计算机	wiki.main	计算机.html	
维基	计算机箱	wiki.main	计算机箱.html	
维基	认领区块	wiki.main	认领区块.html	
维基	论新手如何开始养蜂	wiki.main	论新手如何开始养蜂.html	
维基	论新手如何开始养蜂_历史	wiki.main	论新手如何开始养蜂_历史.html	
维基	设备活跃探测覆盖板	wiki.main	设备活跃探测覆盖板.html	
维基	设置游戏	wiki.main	设置游戏.html	
维基	诅咒之土	wiki.main	诅咒之土.html	
维基	诱变剂	wiki.main	诱变剂.html	
维基	诱变框架	wiki.main	诱变框架.html	
维基	诸神之锻炉	wiki.main	诸神之锻炉.html	
维基	诸神之锻炉升级节点	wiki.main	诸神之锻炉升级节点.html	
维基	读取	wiki.main	读取.html	
维基	调律循环	wiki.main	调律循环.html	
维基	调律源金	wiki.main	调律源金.html	
维基	谐磁	wiki.main	谐磁.html	
维基	谐鎡	wiki.main	谐鎡.html	
维基	谐镃	wiki.main	谐镃.html	
维基	谷神星	wiki.main	谷神星.html	
维基	贤者气血宝珠	wiki.main	贤者气血宝珠.html	
维基	质子_(p⁺)	wiki.main	质子_(p⁺).html	
维基	质量发生器	wiki.main	质量发生器.html	
维基	质量发生器CPU	wiki.main	质量发生器CPU.html	
维基	贩卖机	wiki.main	贩卖机.html	
维基	贫瘠下界废水	wiki.main	贫瘠下界废水.html	
维基	贫铀合金	wiki.main	贫铀合金.html	
维基	贴片二极管	wiki.main	贴片二极管.html	
维基	贴片晶体管	wiki.main	贴片晶体管.html	
维基	贴片电子元件	wiki.main	贴片电子元件.html	
维基	贴片电容	wiki.main	贴片电容.html	
维基	贴片电感	wiki.main	贴片电感.html	
维基	贴片电阻	wiki.main	贴片电阻.html	
维基	资源	wiki.main	资源.html	
维基	资源包	wiki.main	资源包.html	
维基	资源包与光影	wiki.main	资源包与光影.html	
维基	赛特	wiki.main	赛特.html	
维基	赛特斯石英	wiki.main	赛特斯石英.html	
维基	赛特斯石英切割刀	wiki.main	赛特斯石英切割刀.html	
维基	赛特斯石英扳手	wiki.main	赛特斯石英扳手.html	
维基	赛特斯石英水槽	wiki.main	赛特斯石英水槽.html	
维基	赦免	wiki.main	赦免.html	
维基	超临界致密蒸汽	wiki.main	超临界致密蒸汽.html	
维基	超临界蒸汽涡轮	wiki.main	超临界蒸汽涡轮.html	
维基	超临界蒸汽涡轮_2.8.4	wiki.main	超临界蒸汽涡轮_2.8.4.html	
维基	超低功率IC	wiki.main	超低功率IC.html	
维基	超低功率IC晶圆	wiki.main	超低功率IC晶圆.html	
维基	超低压合成表过滤器	wiki.main	超低压合成表过滤器.html	
维基	超低压校准器	wiki.main	超低压校准器.html	
维基	超低压流体储罐	wiki.main	超低压流体储罐.html	
维基	超低压涡轮充电器	wiki.main	超低压涡轮充电器.html	
维基	超低压物品分配器	wiki.main	超低压物品分配器.html	
维基	超低压物品过滤器	wiki.main	超低压物品过滤器.html	
维基	超低压电池充电器	wiki.main	超低压电池充电器.html	
维基	超低压类型过滤器	wiki.main	超低压类型过滤器.html	
维基	超低压缓存器	wiki.main	超低压缓存器.html	
维基	超低压能量缓冲器	wiki.main	超低压能量缓冲器.html	
维基	超低压超级缓存器	wiki.main	超低压超级缓存器.html	
维基	超光速加速卡	wiki.main	超光速加速卡.html	
维基	超净间	wiki.main	超净间.html	
维基	超净间控制器	wiki.main	超净间控制器.html	
维基	超导导线	wiki.main	超导导线.html	
维基	超导线圈方块	wiki.main	超导线圈方块.html	
维基	超导线圈方块与聚变线圈方块	wiki.main	超导线圈方块与聚变线圈方块.html	
维基	超导线束分离器	wiki.main	超导线束分离器.html	
维基	超时空主机	wiki.main	超时空主机.html	
维基	超时空处理器	wiki.main	超时空处理器.html	
维基	超时空强化硼玻璃方块	wiki.main	超时空强化硼玻璃方块.html	
维基	超时空系列电路板	wiki.main	超时空系列电路板.html	
维基	超时空超级计算机	wiki.main	超时空超级计算机.html	
维基	超时空金属	wiki.main	超时空金属.html	
维基	超时空金属纳米蜂群电极	wiki.main	超时空金属纳米蜂群电极.html	
维基	超时空集群	wiki.main	超时空集群.html	
维基	超极限压	wiki.main	超极限压.html	
维基	超极限压时代	wiki.main	超极限压时代.html	
维基	超极限压电池充电器	wiki.main	超极限压电池充电器.html	
维基	超极限压缓存器	wiki.main	超极限压缓存器.html	
维基	超生物突变电路基板	wiki.main	超生物突变电路基板.html	
维基	超空间引力透镜方块	wiki.main	超空间引力透镜方块.html	
维基	超级ME补充器	wiki.main	超级ME补充器.html	
维基	超级冷却机械方块	wiki.main	超级冷却机械方块.html	
维基	超级冷却液	wiki.main	超级冷却液.html	
维基	超级加速卡	wiki.main	超级加速卡.html	
维基	超级唱片机	wiki.main	超级唱片机.html	
维基	超级库存补充器	wiki.main	超级库存补充器.html	
维基	超级披萨手套	wiki.main	超级披萨手套.html	
维基	超级湿件维生电路基板	wiki.main	超级湿件维生电路基板.html	
维基	超级热交换机	wiki.main	超级热交换机.html	
维基	超级煲	wiki.main	超级煲.html	
维基	超级燃料黏合剂	wiki.main	超级燃料黏合剂.html	
维基	超级箱	wiki.main	超级箱.html	
维基	超级箱_I	wiki.main	超级箱_I.html	
维基	超级箱_II	wiki.main	超级箱_II.html	
维基	超级箱_III	wiki.main	超级箱_III.html	
维基	超级箱_IV	wiki.main	超级箱_IV.html	
维基	超级箱_V	wiki.main	超级箱_V.html	
维基	超级缓存器	wiki.main	超级缓存器.html	
维基	超级缓存器（多线程）	wiki.main	超级缓存器（多线程）.html	
维基	超级缸	wiki.main	超级缸.html	
维基	超级缸_I	wiki.main	超级缸_I.html	
维基	超级缸_II	wiki.main	超级缸_II.html	
维基	超级缸_III	wiki.main	超级缸_III.html	
维基	超级缸_IV	wiki.main	超级缸_IV.html	
维基	超级缸_V	wiki.main	超级缸_V.html	
维基	超级输入总线	wiki.main	超级输入总线.html	
维基	超级输入总线(UHV)	wiki.main	超级输入总线(UHV).html	
维基	超级输出总线	wiki.main	超级输出总线.html	
维基	超级输出总线(UHV)	wiki.main	超级输出总线(UHV).html	
维基	超级进气仓	wiki.main	超级进气仓.html	
维基	超维度催化剂	wiki.main	超维度催化剂.html	
维基	超维度残留	wiki.main	超维度残留.html	
维基	超维度等离子搅拌机	wiki.main	超维度等离子搅拌机.html	
维基	超维度等离子锻炉	wiki.main	超维度等离子锻炉.html	
维基	超维校准矩阵	wiki.main	超维校准矩阵.html	
维基	超能硅岩	wiki.main	超能硅岩.html	
维基	超致密铸造盆机械方块	wiki.main	超致密铸造盆机械方块.html	
维基	超重拉多X	wiki.main	超重拉多X.html	
维基	超频	wiki.main	超频.html	
维基	超频散热片	wiki.main	超频散热片.html	
维基	超高功率IC	wiki.main	超高功率IC.html	
维基	超高功率IC晶圆	wiki.main	超高功率IC晶圆.html	
维基	超高压合成表过滤器	wiki.main	超高压合成表过滤器.html	
维基	超高压时代	wiki.main	超高压时代.html	
维基	超高压校准器	wiki.main	超高压校准器.html	
维基	超高压涡轮充电器	wiki.main	超高压涡轮充电器.html	
维基	超高压物品分配器	wiki.main	超高压物品分配器.html	
维基	超高压物品过滤器	wiki.main	超高压物品过滤器.html	
维基	超高压电池充电器	wiki.main	超高压电池充电器.html	
维基	超高压类型过滤器	wiki.main	超高压类型过滤器.html	
维基	超高压缓存器	wiki.main	超高压缓存器.html	
维基	超高压能量缓冲器	wiki.main	超高压能量缓冲器.html	
维基	超高压超级缓存器	wiki.main	超高压超级缓存器.html	
维基	超高能蚀刻阵列	wiki.main	超高能蚀刻阵列.html	
维基	超高阶动能发电机	wiki.main	超高阶动能发电机.html	
维基	超高阶水力动能发生机	wiki.main	超高阶水力动能发生机.html	
维基	超高阶风力动能发生机	wiki.main	超高阶风力动能发生机.html	
维基	路菲恩化合物	wiki.main	路菲恩化合物.html	
维基	跳电提示	wiki.main	跳电提示.html	
维基	跳跃提升	wiki.main	跳跃提升.html	
维基	身份卡	wiki.main	身份卡.html	
维基	身轻体健	wiki.main	身轻体健.html	
维基	车床	wiki.main	车床.html	
维基	转子仓	wiki.main	转子仓.html	
维基	软锤	wiki.main	软锤.html	
维基	轻油	wiki.main	轻油.html	
维基	轻燃油	wiki.main	轻燃油.html	
维基	轻质硅岩燃料	wiki.main	轻质硅岩燃料.html	
维基	辉铋	wiki.main	辉铋.html	
维基	辊压机机械方块	wiki.main	辊压机机械方块.html	
维基	输入	wiki.main	输入.html	
维基	输入仓	wiki.main	输入仓.html	
维基	输入仓(LuV)	wiki.main	输入仓(LuV).html	
维基	输入仓(UMV)	wiki.main	输入仓(UMV).html	
维基	输入仓(ZPM)	wiki.main	输入仓(ZPM).html	
维基	输入仓室	wiki.main	输入仓室.html	
维基	输入仓（EV）	wiki.main	输入仓（EV）.html	
维基	输入仓（HV）	wiki.main	输入仓（HV）.html	
维基	输入仓（IV）	wiki.main	输入仓（IV）.html	
维基	输入仓（LV）	wiki.main	输入仓（LV）.html	
维基	输入仓（LuV）	wiki.main	输入仓（LuV）.html	
维基	输入仓（MAX）	wiki.main	输入仓（MAX）.html	
维基	输入仓（MV）	wiki.main	输入仓（MV）.html	
维基	输入仓（UEV）	wiki.main	输入仓（UEV）.html	
维基	输入仓（UHV）	wiki.main	输入仓（UHV）.html	
维基	输入仓（UIV）	wiki.main	输入仓（UIV）.html	
维基	输入仓（ULV）	wiki.main	输入仓（ULV）.html	
维基	输入仓（UMV）	wiki.main	输入仓（UMV）.html	
维基	输入仓（UV）	wiki.main	输入仓（UV）.html	
维基	输入仓（UXV）	wiki.main	输入仓（UXV）.html	
维基	输入仓（ZPM）	wiki.main	输入仓（ZPM）.html	
维基	输入总线	wiki.main	输入总线.html	
维基	输入总线(HV)	wiki.main	输入总线(HV).html	
维基	输入总线(ULV)	wiki.main	输入总线(ULV).html	
维基	输入总线(凿子)	wiki.main	输入总线(凿子).html	
维基	输入总线(蒸汽)	wiki.main	输入总线(蒸汽).html	
维基	输入总线_2.8.4	wiki.main	输入总线_2.8.4.html	
维基	输入总线（EV）	wiki.main	输入总线（EV）.html	
维基	输入总线（HV）	wiki.main	输入总线（HV）.html	
维基	输入总线（IV）	wiki.main	输入总线（IV）.html	
维基	输入总线（LV）	wiki.main	输入总线（LV）.html	
维基	输入总线（LuV）	wiki.main	输入总线（LuV）.html	
维基	输入总线（MAX）	wiki.main	输入总线（MAX）.html	
维基	输入总线（MV）	wiki.main	输入总线（MV）.html	
维基	输入总线（UEV）	wiki.main	输入总线（UEV）.html	
维基	输入总线（UHV）	wiki.main	输入总线（UHV）.html	
维基	输入总线（UIV）	wiki.main	输入总线（UIV）.html	
维基	输入总线（ULV）	wiki.main	输入总线（ULV）.html	
维基	输入总线（UMV）	wiki.main	输入总线（UMV）.html	
维基	输入总线（UV）	wiki.main	输入总线（UV）.html	
维基	输入总线（UXV）	wiki.main	输入总线（UXV）.html	
维基	输入总线（ZPM）	wiki.main	输入总线（ZPM）.html	
维基	输入组	wiki.main	输入组.html	
维基	输入隔离	wiki.main	输入隔离.html	
维基	输出	wiki.main	输出.html	
维基	输出仓	wiki.main	输出仓.html	
维基	输出仓(ME)	wiki.main	输出仓(ME).html	
维基	输出仓室	wiki.main	输出仓室.html	
维基	输出仓室(ME)	wiki.main	输出仓室(ME).html	
维基	输出仓室（ME）	wiki.main	输出仓室（ME）.html	
维基	输出仓（EV）	wiki.main	输出仓（EV）.html	
维基	输出仓（HV）	wiki.main	输出仓（HV）.html	
维基	输出仓（IV）	wiki.main	输出仓（IV）.html	
维基	输出仓（LV）	wiki.main	输出仓（LV）.html	
维基	输出仓（LuV）	wiki.main	输出仓（LuV）.html	
维基	输出仓（MAX）	wiki.main	输出仓（MAX）.html	
维基	输出仓（ME）	wiki.main	输出仓（ME）.html	
维基	输出仓（MV）	wiki.main	输出仓（MV）.html	
维基	输出仓（UEV）	wiki.main	输出仓（UEV）.html	
维基	输出仓（UHV）	wiki.main	输出仓（UHV）.html	
维基	输出仓（UIV）	wiki.main	输出仓（UIV）.html	
维基	输出仓（ULV）	wiki.main	输出仓（ULV）.html	
维基	输出仓（UMV）	wiki.main	输出仓（UMV）.html	
维基	输出仓（UV）	wiki.main	输出仓（UV）.html	
维基	输出仓（UXV）	wiki.main	输出仓（UXV）.html	
维基	输出仓（ZPM）	wiki.main	输出仓（ZPM）.html	
维基	输出总线	wiki.main	输出总线.html	
维基	输出总线(ME)	wiki.main	输出总线(ME).html	
维基	输出总线(蒸汽)	wiki.main	输出总线(蒸汽).html	
维基	输出总线_2.8.4	wiki.main	输出总线_2.8.4.html	
维基	输出总线（EV）	wiki.main	输出总线（EV）.html	
维基	输出总线（HV）	wiki.main	输出总线（HV）.html	
维基	输出总线（IV）	wiki.main	输出总线（IV）.html	
维基	输出总线（LV）	wiki.main	输出总线（LV）.html	
维基	输出总线（LuV）	wiki.main	输出总线（LuV）.html	
维基	输出总线（MAX）	wiki.main	输出总线（MAX）.html	
维基	输出总线（ME）	wiki.main	输出总线（ME）.html	
维基	输出总线（MV）	wiki.main	输出总线（MV）.html	
维基	输出总线（UEV）	wiki.main	输出总线（UEV）.html	
维基	输出总线（UHV）	wiki.main	输出总线（UHV）.html	
维基	输出总线（UIV）	wiki.main	输出总线（UIV）.html	
维基	输出总线（ULV）	wiki.main	输出总线（ULV）.html	
维基	输出总线（UMV）	wiki.main	输出总线（UMV）.html	
维基	输出总线（UV）	wiki.main	输出总线（UV）.html	
维基	输出总线（UXV）	wiki.main	输出总线（UXV）.html	
维基	输出总线（ZPM）	wiki.main	输出总线（ZPM）.html	
维基	输电内阻	wiki.main	输电内阻.html	
维基	辛烷	wiki.main	辛烷.html	
维基	过氧化氢	wiki.main	过氧化氢.html	
维基	过滤	wiki.main	过滤.html	
维基	过滤传送带覆盖板	wiki.main	过滤传送带覆盖板.html	
维基	过滤传送带覆盖板(输入)	wiki.main	过滤传送带覆盖板(输入).html	
维基	过滤传送带覆盖板(输出)	wiki.main	过滤传送带覆盖板(输出).html	
维基	过滤澄清水(一级净化水)	wiki.main	过滤澄清水(一级净化水).html	
维基	过滤澄清水（一级净化水）	wiki.main	过滤澄清水（一级净化水）.html	
维基	过热	wiki.main	过热.html	
维基	过热蒸汽	wiki.main	过热蒸汽.html	
维基	过硫酸钠	wiki.main	过硫酸钠.html	
维基	迈罕带	wiki.main	迈罕带.html	
维基	运算压印模板	wiki.main	运算压印模板.html	
维基	运算处理器	wiki.main	运算处理器.html	
维基	运算电路板	wiki.main	运算电路板.html	
维基	进化之扳手	wiki.main	进化之扳手.html	
维基	进气仓	wiki.main	进气仓.html	
维基	进装	wiki.main	进装.html	
维基	进阶UU增幅液生产器	wiki.main	进阶UU增幅液生产器.html	
维基	进阶UU增幅液生产器_II	wiki.main	进阶UU增幅液生产器_II.html	
维基	进阶UU增幅液生产器_III	wiki.main	进阶UU增幅液生产器_III.html	
维基	进阶UU增幅液生产器_IV	wiki.main	进阶UU增幅液生产器_IV.html	
维基	进阶世界加速器	wiki.main	进阶世界加速器.html	
维基	进阶世界加速器_II	wiki.main	进阶世界加速器_II.html	
维基	进阶世界加速器_III	wiki.main	进阶世界加速器_III.html	
维基	进阶世界加速器_IV	wiki.main	进阶世界加速器_IV.html	
维基	进阶两极磁化机	wiki.main	进阶两极磁化机.html	
维基	进阶两极磁化机_II	wiki.main	进阶两极磁化机_II.html	
维基	进阶两极磁化机_III	wiki.main	进阶两极磁化机_III.html	
维基	进阶两极磁化机_IV	wiki.main	进阶两极磁化机_IV.html	
维基	进阶作物合成机	wiki.main	进阶作物合成机.html	
维基	进阶作物合成机_II	wiki.main	进阶作物合成机_II.html	
维基	进阶作物合成机_III	wiki.main	进阶作物合成机_III.html	
维基	进阶作物合成机_IV	wiki.main	进阶作物合成机_IV.html	
维基	进阶作物合成机_V	wiki.main	进阶作物合成机_V.html	
维基	进阶作物合成机_VI	wiki.main	进阶作物合成机_VI.html	
维基	进阶作物合成机_VII	wiki.main	进阶作物合成机_VII.html	
维基	进阶作物合成机_VIII	wiki.main	进阶作物合成机_VIII.html	
维基	进阶作物基因提取机	wiki.main	进阶作物基因提取机.html	
维基	进阶作物基因提取机_II	wiki.main	进阶作物基因提取机_II.html	
维基	进阶作物基因提取机_III	wiki.main	进阶作物基因提取机_III.html	
维基	进阶作物基因提取机_IV	wiki.main	进阶作物基因提取机_IV.html	
维基	进阶作物基因提取机_V	wiki.main	进阶作物基因提取机_V.html	
维基	进阶作物基因提取机_VI	wiki.main	进阶作物基因提取机_VI.html	
维基	进阶作物基因提取机_VII	wiki.main	进阶作物基因提取机_VII.html	
维基	进阶作物基因提取机_VIII	wiki.main	进阶作物基因提取机_VIII.html	
维基	进阶作物复制机	wiki.main	进阶作物复制机.html	
维基	进阶作物复制机_II	wiki.main	进阶作物复制机_II.html	
维基	进阶作物复制机_III	wiki.main	进阶作物复制机_III.html	
维基	进阶作物复制机_IV	wiki.main	进阶作物复制机_IV.html	
维基	进阶作物复制机_V	wiki.main	进阶作物复制机_V.html	
维基	进阶作物复制机_VI	wiki.main	进阶作物复制机_VI.html	
维基	进阶作物复制机_VII	wiki.main	进阶作物复制机_VII.html	
维基	进阶作物复制机_VIII	wiki.main	进阶作物复制机_VIII.html	
维基	进阶兰波顿电池背包	wiki.main	进阶兰波顿电池背包.html	
维基	进阶内燃发电机	wiki.main	进阶内燃发电机.html	
维基	进阶冲压机床	wiki.main	进阶冲压机床.html	
维基	进阶冲压机床_II	wiki.main	进阶冲压机床_II.html	
维基	进阶冲压机床_III	wiki.main	进阶冲压机床_III.html	
维基	进阶冲压机床_IV	wiki.main	进阶冲压机床_IV.html	
维基	进阶化学反应釜	wiki.main	进阶化学反应釜.html	
维基	进阶化学反应釜_II	wiki.main	进阶化学反应釜_II.html	
维基	进阶化学反应釜_III	wiki.main	进阶化学反应釜_III.html	
维基	进阶化学反应釜_IV	wiki.main	进阶化学反应釜_IV.html	
维基	进阶化学浸洗机	wiki.main	进阶化学浸洗机.html	
维基	进阶化学浸洗机_II	wiki.main	进阶化学浸洗机_II.html	
维基	进阶化学浸洗机_III	wiki.main	进阶化学浸洗机_III.html	
维基	进阶化学浸洗机_IV	wiki.main	进阶化学浸洗机_IV.html	
维基	进阶半流质发电机	wiki.main	进阶半流质发电机.html	
维基	进阶卷板机	wiki.main	进阶卷板机.html	
维基	进阶卷板机_II	wiki.main	进阶卷板机_II.html	
维基	进阶卷板机_III	wiki.main	进阶卷板机_III.html	
维基	进阶卷板机_IV	wiki.main	进阶卷板机_IV.html	
维基	进阶压模机	wiki.main	进阶压模机.html	
维基	进阶压模机_II	wiki.main	进阶压模机_II.html	
维基	进阶压模机_III	wiki.main	进阶压模机_III.html	
维基	进阶压模机_IV	wiki.main	进阶压模机_IV.html	
维基	进阶压缩机	wiki.main	进阶压缩机.html	
维基	进阶压缩机_II	wiki.main	进阶压缩机_II.html	
维基	进阶压缩机_III	wiki.main	进阶压缩机_III.html	
维基	进阶发酵槽	wiki.main	进阶发酵槽.html	
维基	进阶发酵槽_II	wiki.main	进阶发酵槽_II.html	
维基	进阶发酵槽_III	wiki.main	进阶发酵槽_III.html	
维基	进阶发酵槽_IV	wiki.main	进阶发酵槽_IV.html	
维基	进阶合金炉	wiki.main	进阶合金炉.html	
维基	进阶合金炉_II	wiki.main	进阶合金炉_II.html	
维基	进阶合金炉_III	wiki.main	进阶合金炉_III.html	
维基	进阶合金炉_IV	wiki.main	进阶合金炉_IV.html	
维基	进阶回收机	wiki.main	进阶回收机.html	
维基	进阶回收机_II	wiki.main	进阶回收机_II.html	
维基	进阶回收机_III	wiki.main	进阶回收机_III.html	
维基	进阶回收机_IV	wiki.main	进阶回收机_IV.html	
维基	进阶地震勘探者	wiki.main	进阶地震勘探者.html	
维基	进阶地震勘探者_EV	wiki.main	进阶地震勘探者_EV.html	
维基	进阶地震勘探者_HV	wiki.main	进阶地震勘探者_HV.html	
维基	进阶地震勘探者_LV	wiki.main	进阶地震勘探者_LV.html	
维基	进阶地震勘探者_MV	wiki.main	进阶地震勘探者_MV.html	
维基	进阶复制机	wiki.main	进阶复制机.html	
维基	进阶复制机_II	wiki.main	进阶复制机_II.html	
维基	进阶复制机_III	wiki.main	进阶复制机_III.html	
维基	进阶复制机_IV	wiki.main	进阶复制机_IV.html	
维基	进阶太阳能板	wiki.main	进阶太阳能板.html	
维基	进阶太阳能板_II	wiki.main	进阶太阳能板_II.html	
维基	进阶太阳能板_III	wiki.main	进阶太阳能板_III.html	
维基	进阶太阳能板_IV	wiki.main	进阶太阳能板_IV.html	
维基	进阶存储输入仓(ME)	wiki.main	进阶存储输入仓(ME).html	
维基	进阶存储输入仓室	wiki.main	进阶存储输入仓室.html	
维基	进阶存储输入仓（ME）	wiki.main	进阶存储输入仓（ME）.html	
维基	进阶存储输入总线(ME)	wiki.main	进阶存储输入总线(ME).html	
维基	进阶存储输入总线（ME）	wiki.main	进阶存储输入总线（ME）.html	
维基	进阶微波炉	wiki.main	进阶微波炉.html	
维基	进阶微波炉_II	wiki.main	进阶微波炉_II.html	
维基	进阶微波炉_III	wiki.main	进阶微波炉_III.html	
维基	进阶微波炉_IV	wiki.main	进阶微波炉_IV.html	
维基	进阶打包机	wiki.main	进阶打包机.html	
维基	进阶打包机_II	wiki.main	进阶打包机_II.html	
维基	进阶打包机_III	wiki.main	进阶打包机_III.html	
维基	进阶打包机_IV	wiki.main	进阶打包机_IV.html	
维基	进阶打印机	wiki.main	进阶打印机.html	
维基	进阶打印机_II	wiki.main	进阶打印机_II.html	
维基	进阶打印机_III	wiki.main	进阶打印机_III.html	
维基	进阶打印机_IV	wiki.main	进阶打印机_IV.html	
维基	进阶打印机_V	wiki.main	进阶打印机_V.html	
维基	进阶打印机_VI	wiki.main	进阶打印机_VI.html	
维基	进阶打印机_VII	wiki.main	进阶打印机_VII.html	
维基	进阶扫描仪	wiki.main	进阶扫描仪.html	
维基	进阶扫描仪_II	wiki.main	进阶扫描仪_II.html	
维基	进阶扫描仪_III	wiki.main	进阶扫描仪_III.html	
维基	进阶扫描仪_IV	wiki.main	进阶扫描仪_IV.html	
维基	进阶提取机	wiki.main	进阶提取机.html	
维基	进阶提取机_II	wiki.main	进阶提取机_II.html	
维基	进阶提取机_III	wiki.main	进阶提取机_III.html	
维基	进阶提取机_IV	wiki.main	进阶提取机_IV.html	
维基	进阶搅拌机	wiki.main	进阶搅拌机.html	
维基	进阶搅拌机_II	wiki.main	进阶搅拌机_II.html	
维基	进阶搅拌机_III	wiki.main	进阶搅拌机_III.html	
维基	进阶搅拌机_IV	wiki.main	进阶搅拌机_IV.html	
维基	进阶敌对生物驱逐器	wiki.main	进阶敌对生物驱逐器.html	
维基	进阶敌对生物驱逐器_II	wiki.main	进阶敌对生物驱逐器_II.html	
维基	进阶敌对生物驱逐器_III	wiki.main	进阶敌对生物驱逐器_III.html	
维基	进阶敌对生物驱逐器_IV	wiki.main	进阶敌对生物驱逐器_IV.html	
维基	进阶敌对生物驱逐器_V	wiki.main	进阶敌对生物驱逐器_V.html	
维基	进阶敌对生物驱逐器_VI	wiki.main	进阶敌对生物驱逐器_VI.html	
维基	进阶敌对生物驱逐器_VII	wiki.main	进阶敌对生物驱逐器_VII.html	
维基	进阶数据访问仓	wiki.main	进阶数据访问仓.html	
维基	进阶板材切割机	wiki.main	进阶板材切割机.html	
维基	进阶板材切割机_II	wiki.main	进阶板材切割机_II.html	
维基	进阶板材切割机_III	wiki.main	进阶板材切割机_III.html	
维基	进阶板材切割机_IV	wiki.main	进阶板材切割机_IV.html	
维基	进阶污染清洗机	wiki.main	进阶污染清洗机.html	
维基	进阶泵	wiki.main	进阶泵.html	
维基	进阶洗矿厂	wiki.main	进阶洗矿厂.html	
维基	进阶洗矿厂_II	wiki.main	进阶洗矿厂_II.html	
维基	进阶洗矿厂_III	wiki.main	进阶洗矿厂_III.html	
维基	进阶流体加热器	wiki.main	进阶流体加热器.html	
维基	进阶流体加热器_II	wiki.main	进阶流体加热器_II.html	
维基	进阶流体加热器_III	wiki.main	进阶流体加热器_III.html	
维基	进阶流体加热器_IV	wiki.main	进阶流体加热器_IV.html	
维基	进阶流体固化器	wiki.main	进阶流体固化器.html	
维基	进阶流体固化器_II	wiki.main	进阶流体固化器_II.html	
维基	进阶流体固化器_III	wiki.main	进阶流体固化器_III.html	
维基	进阶流体固化器_IV	wiki.main	进阶流体固化器_IV.html	
维基	进阶流体提取机	wiki.main	进阶流体提取机.html	
维基	进阶流体提取机_II	wiki.main	进阶流体提取机_II.html	
维基	进阶流体提取机_III	wiki.main	进阶流体提取机_III.html	
维基	进阶流体提取机_IV	wiki.main	进阶流体提取机_IV.html	
维基	进阶流体灌装机	wiki.main	进阶流体灌装机.html	
维基	进阶消声仓	wiki.main	进阶消声仓.html	
维基	进阶混凝土回填机	wiki.main	进阶混凝土回填机.html	
维基	进阶火箭引擎	wiki.main	进阶火箭引擎.html	
维基	进阶热力离心机	wiki.main	进阶热力离心机.html	
维基	进阶热力离心机_II	wiki.main	进阶热力离心机_II.html	
维基	进阶热力离心机_III	wiki.main	进阶热力离心机_III.html	
维基	进阶热力离心机_IV	wiki.main	进阶热力离心机_IV.html	
维基	进阶燃气轮机	wiki.main	进阶燃气轮机.html	
维基	进阶电力喷气背包	wiki.main	进阶电力喷气背包.html	
维基	进阶电动唱片机	wiki.main	进阶电动唱片机.html	
维基	进阶电动唱片机_II	wiki.main	进阶电动唱片机_II.html	
维基	进阶电弧炉	wiki.main	进阶电弧炉.html	
维基	进阶电弧炉_II	wiki.main	进阶电弧炉_II.html	
维基	进阶电弧炉_III	wiki.main	进阶电弧炉_III.html	
维基	进阶电弧炉_IV	wiki.main	进阶电弧炉_IV.html	
维基	进阶电炉	wiki.main	进阶电炉.html	
维基	进阶电炉_II	wiki.main	进阶电炉_II.html	
维基	进阶电炉_III	wiki.main	进阶电炉_III.html	
维基	进阶电烤炉	wiki.main	进阶电烤炉.html	
维基	进阶电烤炉_II	wiki.main	进阶电烤炉_II.html	
维基	进阶电烤炉_III	wiki.main	进阶电烤炉_III.html	
维基	进阶电烤炉_IV	wiki.main	进阶电烤炉_IV.html	
维基	进阶电磁离析机	wiki.main	进阶电磁离析机.html	
维基	进阶电磁离析机_II	wiki.main	进阶电磁离析机_II.html	
维基	进阶电磁离析机_III	wiki.main	进阶电磁离析机_III.html	
维基	进阶电磁离析机_IV	wiki.main	进阶电磁离析机_IV.html	
维基	进阶电解机	wiki.main	进阶电解机.html	
维基	进阶电解机_II	wiki.main	进阶电解机_II.html	
维基	进阶电解机_III	wiki.main	进阶电解机_III.html	
维基	进阶电解机_IV	wiki.main	进阶电解机_IV.html	
维基	进阶电路基板	wiki.main	进阶电路基板.html	
维基	进阶电路组装机	wiki.main	进阶电路组装机.html	
维基	进阶电路组装机_II	wiki.main	进阶电路组装机_II.html	
维基	进阶电路组装机_III	wiki.main	进阶电路组装机_III.html	
维基	进阶电路组装机_IV	wiki.main	进阶电路组装机_IV.html	
维基	进阶电路组装机_V	wiki.main	进阶电路组装机_V.html	
维基	进阶电路组装机_VI	wiki.main	进阶电路组装机_VI.html	
维基	进阶电路组装机_VII	wiki.main	进阶电路组装机_VII.html	
维基	进阶研磨机	wiki.main	进阶研磨机.html	
维基	进阶碎石机	wiki.main	进阶碎石机.html	
维基	进阶碎石机_II	wiki.main	进阶碎石机_II.html	
维基	进阶碎石机_III	wiki.main	进阶碎石机_III.html	
维基	进阶磁悬浮能量塔	wiki.main	进阶磁悬浮能量塔.html	
维基	进阶磁悬浮能量塔_II	wiki.main	进阶磁悬浮能量塔_II.html	
维基	进阶磁悬浮能量塔_III	wiki.main	进阶磁悬浮能量塔_III.html	
维基	进阶离心机	wiki.main	进阶离心机.html	
维基	进阶离心机_II	wiki.main	进阶离心机_II.html	
维基	进阶离心机_III	wiki.main	进阶离心机_III.html	
维基	进阶离心机_IV	wiki.main	进阶离心机_IV.html	
维基	进阶等离子电弧炉	wiki.main	进阶等离子电弧炉.html	
维基	进阶等离子电弧炉_II	wiki.main	进阶等离子电弧炉_II.html	
维基	进阶等离子电弧炉_III	wiki.main	进阶等离子电弧炉_III.html	
维基	进阶等离子电弧炉_IV	wiki.main	进阶等离子电弧炉_IV.html	
维基	进阶筛选机	wiki.main	进阶筛选机.html	
维基	进阶筛选机_II	wiki.main	进阶筛选机_II.html	
维基	进阶筛选机_III	wiki.main	进阶筛选机_III.html	
维基	进阶筛选机_IV	wiki.main	进阶筛选机_IV.html	
维基	进阶精密激光蚀刻机	wiki.main	进阶精密激光蚀刻机.html	
维基	进阶精密激光蚀刻机_II	wiki.main	进阶精密激光蚀刻机_II.html	
维基	进阶精密激光蚀刻机_III	wiki.main	进阶精密激光蚀刻机_III.html	
维基	进阶精密激光蚀刻机_IV	wiki.main	进阶精密激光蚀刻机_IV.html	
维基	进阶红石信号发射器	wiki.main	进阶红石信号发射器.html	
维基	进阶红石信号发射器(外)	wiki.main	进阶红石信号发射器(外).html	
维基	进阶红石信号接收器	wiki.main	进阶红石信号接收器.html	
维基	进阶红石信号接收器(内)	wiki.main	进阶红石信号接收器(内).html	
维基	进阶红石信号接收器(外)	wiki.main	进阶红石信号接收器(外).html	
维基	进阶红石信号覆盖板	wiki.main	进阶红石信号覆盖板.html	
维基	进阶纳米重力胸甲	wiki.main	进阶纳米重力胸甲.html	
维基	进阶线材轧机	wiki.main	进阶线材轧机.html	
维基	进阶线材轧机_II	wiki.main	进阶线材轧机_II.html	
维基	进阶线材轧机_III	wiki.main	进阶线材轧机_III.html	
维基	进阶线材轧机_IV	wiki.main	进阶线材轧机_IV.html	
维基	进阶组装机	wiki.main	进阶组装机.html	
维基	进阶组装机_II	wiki.main	进阶组装机_II.html	
维基	进阶组装机_III	wiki.main	进阶组装机_III.html	
维基	进阶组装机_IV	wiki.main	进阶组装机_IV.html	
维基	进阶聚爆压缩机	wiki.main	进阶聚爆压缩机.html	
维基	进阶聚爆压缩机_2.8.4	wiki.main	进阶聚爆压缩机_2.8.4.html	
维基	进阶自动雕刻机	wiki.main	进阶自动雕刻机.html	
维基	进阶蒸汽轮机	wiki.main	进阶蒸汽轮机.html	
维基	进阶蒸馏室	wiki.main	进阶蒸馏室.html	
维基	进阶蒸馏室_II	wiki.main	进阶蒸馏室_II.html	
维基	进阶蒸馏室_III	wiki.main	进阶蒸馏室_III.html	
维基	进阶蒸馏室_IV	wiki.main	进阶蒸馏室_IV.html	
维基	进阶装罐机	wiki.main	进阶装罐机.html	
维基	进阶装罐机_II	wiki.main	进阶装罐机_II.html	
维基	进阶装罐机_III	wiki.main	进阶装罐机_III.html	
维基	进阶装罐机_IV	wiki.main	进阶装罐机_IV.html	
维基	进阶装配线	wiki.main	进阶装配线.html	
维基	进阶装配线自动化	wiki.main	进阶装配线自动化.html	
维基	进阶装配线自动化_历史	wiki.main	进阶装配线自动化_历史.html	
维基	进阶解包器	wiki.main	进阶解包器.html	
维基	进阶解包器_II	wiki.main	进阶解包器_II.html	
维基	进阶解包器_III	wiki.main	进阶解包器_III.html	
维基	进阶质量发生器	wiki.main	进阶质量发生器.html	
维基	进阶质量发生器_II	wiki.main	进阶质量发生器_II.html	
维基	进阶质量发生器_III	wiki.main	进阶质量发生器_III.html	
维基	进阶质量发生器_IV	wiki.main	进阶质量发生器_IV.html	
维基	进阶贴片二极管	wiki.main	进阶贴片二极管.html	
维基	进阶贴片晶体管	wiki.main	进阶贴片晶体管.html	
维基	进阶贴片电子元件	wiki.main	进阶贴片电子元件.html	
维基	进阶贴片电容	wiki.main	进阶贴片电容.html	
维基	进阶贴片电感	wiki.main	进阶贴片电感.html	
维基	进阶贴片电阻	wiki.main	进阶贴片电阻.html	
维基	进阶车床	wiki.main	进阶车床.html	
维基	进阶车床_II	wiki.main	进阶车床_II.html	
维基	进阶车床_III	wiki.main	进阶车床_III.html	
维基	进阶车床_IV	wiki.main	进阶车床_IV.html	
维基	进阶酿造室	wiki.main	进阶酿造室.html	
维基	进阶酿造室_II	wiki.main	进阶酿造室_II.html	
维基	进阶酿造室_III	wiki.main	进阶酿造室_III.html	
维基	进阶酿造室_IV	wiki.main	进阶酿造室_IV.html	
维基	进阶采矿机	wiki.main	进阶采矿机.html	
维基	进阶锅炉	wiki.main	进阶锅炉.html	
维基	进阶锻造锤	wiki.main	进阶锻造锤.html	
维基	进阶锻造锤_II	wiki.main	进阶锻造锤_II.html	
维基	进阶锻造锤_III	wiki.main	进阶锻造锤_III.html	
维基	进阶锻造锤_IV	wiki.main	进阶锻造锤_IV.html	
维基	进阶食材切片机	wiki.main	进阶食材切片机.html	
维基	进阶食材切片机_II	wiki.main	进阶食材切片机_II.html	
维基	进阶食材切片机_III	wiki.main	进阶食材切片机_III.html	
维基	进阶食材切片机_IV	wiki.main	进阶食材切片机_IV.html	
维基	进阶高压釜	wiki.main	进阶高压釜.html	
维基	进阶高压釜_II	wiki.main	进阶高压釜_II.html	
维基	进阶高压釜_III	wiki.main	进阶高压釜_III.html	
维基	进阶高压釜_IV	wiki.main	进阶高压釜_IV.html	
维基	远古残骸	wiki.main	远古残骸.html	
维基	远程伪装升级	wiki.main	远程伪装升级.html	
维基	远程接入升级	wiki.main	远程接入升级.html	
维基	远程接口	wiki.main	远程接口.html	
维基	远程访问升级	wiki.main	远程访问升级.html	
维基	远程访问器	wiki.main	远程访问器.html	
维基	退火铜	wiki.main	退火铜.html	
维基	适用于GTNH的自动化打龙	wiki.main	适用于GTNH的自动化打龙.html	
维基	透明气血宝珠	wiki.main	透明气血宝珠.html	
维基	透镜	wiki.main	透镜.html	
维基	透镜仓	wiki.main	透镜仓.html	
维基	透镜指示仓	wiki.main	透镜指示仓.html	
维基	通化	wiki.main	通化.html	
维基	通流琥珀金	wiki.main	通流琥珀金.html	
维基	通流琥珀金线圈	wiki.main	通流琥珀金线圈.html	
维基	通流琥珀金线圈方块	wiki.main	通流琥珀金线圈方块.html	
维基	通灵空间	wiki.main	通灵空间.html	
维基	通用下单_被动大元素复制机	wiki.main	通用下单_被动大元素复制机.html	
维基	通用化学燃料引擎	wiki.main	通用化学燃料引擎.html	
维基	通用化学燃料引擎_2.8.4	wiki.main	通用化学燃料引擎_2.8.4.html	
维基	通用化学能引擎	wiki.main	通用化学能引擎.html	
维基	通用束流思路与oc实现方法	wiki.main	通用束流思路与oc实现方法.html	
维基	通用研磨机	wiki.main	通用研磨机.html	
维基	通用粉碎机	wiki.main	通用粉碎机.html	
维基	速度	wiki.main	速度.html	
维基	速通	wiki.main	速通.html	
维基	速降	wiki.main	速降.html	
维基	逻辑压印模板	wiki.main	逻辑压印模板.html	
维基	逻辑处理器	wiki.main	逻辑处理器.html	
维基	逻辑电路板	wiki.main	逻辑电路板.html	
维基	逻辑管道	wiki.main	逻辑管道.html	
维基	逻辑系列电路板	wiki.main	逻辑系列电路板.html	
维基	遏制	wiki.main	遏制.html	
维基	遏制框架	wiki.main	遏制框架.html	
维基	避雷针	wiki.main	避雷针.html	
维基	避雷针_II	wiki.main	避雷针_II.html	
维基	避雷针_III	wiki.main	避雷针_III.html	
维基	避雷针自动化	wiki.main	避雷针自动化.html	
维基	邪恶原油	wiki.main	邪恶原油.html	
维基	邪恶气体	wiki.main	邪恶气体.html	
维基	邪术	wiki.main	邪术.html	
维基	邪术彗星之靴	wiki.main	邪术彗星之靴.html	
维基	邪术气血宝珠	wiki.main	邪术气血宝珠.html	
维基	邻二甲苯	wiki.main	邻二甲苯.html	
维基	邻苯二甲酸	wiki.main	邻苯二甲酸.html	
维基	部件	wiki.main	部件.html	
维基	部件装配线	wiki.main	部件装配线.html	
维基	配方	wiki.main	配方.html	
维基	配方优先级	wiki.main	配方优先级.html	
维基	配方共用	wiki.main	配方共用.html	
维基	配方冲突	wiki.main	配方冲突.html	
维基	配方冲突与配方竞争	wiki.main	配方冲突与配方竞争.html	
维基	配方查询	wiki.main	配方查询.html	
维基	配方标准功率	wiki.main	配方标准功率.html	
维基	配方竞争	wiki.main	配方竞争.html	
维基	配方顺序	wiki.main	配方顺序.html	
维基	酚醛树脂电路基板	wiki.main	酚醛树脂电路基板.html	
维基	酸性发电机	wiki.main	酸性发电机.html	
维基	酸性发电机(EV)	wiki.main	酸性发电机(EV).html	
维基	酸性发电机(HV)	wiki.main	酸性发电机(HV).html	
维基	酸性发电机(LV)	wiki.main	酸性发电机(LV).html	
维基	酸性发电机(MV)	wiki.main	酸性发电机(MV).html	
维基	酸性铱溶液	wiki.main	酸性铱溶液.html	
维基	酸性锇溶液	wiki.main	酸性锇溶液.html	
维基	酸碱中和水(四级净化水)	wiki.main	酸碱中和水(四级净化水).html	
维基	酸碱中和水（四级净化水）	wiki.main	酸碱中和水（四级净化水）.html	
维基	酿液桶	wiki.main	酿液桶.html	
维基	酿造专精	wiki.main	酿造专精.html	
维基	酿造台	wiki.main	酿造台.html	
维基	酿造室	wiki.main	酿造室.html	
维基	酿造机	wiki.main	酿造机.html	
维基	醒梦	wiki.main	醒梦.html	
维基	采矿场	wiki.main	采矿场.html	
维基	采矿场IV	wiki.main	采矿场IV.html	
维基	采矿场_II	wiki.main	采矿场_II.html	
维基	采矿场_III	wiki.main	采矿场_III.html	
维基	采矿场_IV	wiki.main	采矿场_IV.html	
维基	采矿无人机	wiki.main	采矿无人机.html	
维基	采矿机	wiki.main	采矿机.html	
维基	采矿模块	wiki.main	采矿模块.html	
维基	重力之星	wiki.main	重力之星.html	
维基	重力胸甲	wiki.main	重力胸甲.html	
维基	重力装甲	wiki.main	重力装甲.html	
维基	重拉多X	wiki.main	重拉多X.html	
维基	重油	wiki.main	重油.html	
维基	重燃油	wiki.main	重燃油.html	
维基	重生	wiki.main	重生.html	
维基	重质硅岩燃料	wiki.main	重质硅岩燃料.html	
维基	重铬酸钾	wiki.main	重铬酸钾.html	
维基	量子	wiki.main	量子.html	
维基	量子ME存储元件	wiki.main	量子ME存储元件.html	
维基	量子上行链路ME连接仓	wiki.main	量子上行链路ME连接仓.html	
维基	量子主机	wiki.main	量子主机.html	
维基	量子之星	wiki.main	量子之星.html	
维基	量子之眼	wiki.main	量子之眼.html	
维基	量子功率IC	wiki.main	量子功率IC.html	
维基	量子功率IC晶圆	wiki.main	量子功率IC晶圆.html	
维基	量子加工机	wiki.main	量子加工机.html	
维基	量子反常	wiki.main	量子反常.html	
维基	量子合金	wiki.main	量子合金.html	
维基	量子处理器	wiki.main	量子处理器.html	
维基	量子头盔	wiki.main	量子头盔.html	
维基	量子套装	wiki.main	量子套装.html	
维基	量子彗星之靴	wiki.main	量子彗星之靴.html	
维基	量子护腿	wiki.main	量子护腿.html	
维基	量子操纵者	wiki.main	量子操纵者.html	
维基	量子旅行者之靴	wiki.main	量子旅行者之靴.html	
维基	量子无限增幅器	wiki.main	量子无限增幅器.html	
维基	量子流星之靴	wiki.main	量子流星之靴.html	
维基	量子环	wiki.main	量子环.html	
维基	量子玻璃	wiki.main	量子玻璃.html	
维基	量子电路	wiki.main	量子电路.html	
维基	量子箱_I	wiki.main	量子箱_I.html	
维基	量子箱_II	wiki.main	量子箱_II.html	
维基	量子箱_III	wiki.main	量子箱_III.html	
维基	量子箱_IV	wiki.main	量子箱_IV.html	
维基	量子箱_V	wiki.main	量子箱_V.html	
维基	量子系列电路板	wiki.main	量子系列电路板.html	
维基	量子纠缠奇点	wiki.main	量子纠缠奇点.html	
维基	量子缸	wiki.main	量子缸.html	
维基	量子缸_I	wiki.main	量子缸_I.html	
维基	量子缸_II	wiki.main	量子缸_II.html	
维基	量子缸_III	wiki.main	量子缸_III.html	
维基	量子缸_IV	wiki.main	量子缸_IV.html	
维基	量子缸_V	wiki.main	量子缸_V.html	
维基	量子胸甲	wiki.main	量子胸甲.html	
维基	量子虚空旅行者之靴	wiki.main	量子虚空旅行者之靴.html	
维基	量子计算机	wiki.main	量子计算机.html	
维基	量子超级计算机	wiki.main	量子超级计算机.html	
维基	量子输入总线	wiki.main	量子输入总线.html	
维基	量子输出总线	wiki.main	量子输出总线.html	
维基	量子集群	wiki.main	量子集群.html	
维基	量子靴子	wiki.main	量子靴子.html	
维基	量操	wiki.main	量操.html	
维基	金	wiki.main	金.html	
维基	金刚杵	wiki.main	金刚杵.html	
维基	金制能量导管	wiki.main	金制能量导管.html	
维基	金属泥渣	wiki.main	金属泥渣.html	
维基	金星	wiki.main	金星.html	
维基	金桶	wiki.main	金桶.html	
维基	金箱子	wiki.main	金箱子.html	
维基	金红石	wiki.main	金红石.html	
维基	金褐藻生物质	wiki.main	金褐藻生物质.html	
维基	金质组合箱	wiki.main	金质组合箱.html	
维基	鎡	wiki.main	鎡.html	
维基	钆	wiki.main	钆.html	
维基	钇	wiki.main	钇.html	
维基	钇钡铜氧合金	wiki.main	钇钡铜氧合金.html	
维基	钇钡铜氧合金电极	wiki.main	钇钡铜氧合金电极.html	
维基	钋	wiki.main	钋.html	
维基	钌	wiki.main	钌.html	
维基	钌酸钠	wiki.main	钌酸钠.html	
维基	钌铱合金	wiki.main	钌铱合金.html	
维基	钍	wiki.main	钍.html	
维基	钍-232	wiki.main	钍-232.html	
维基	钍基流体燃料	wiki.main	钍基流体燃料.html	
维基	钍钇玻璃方块	wiki.main	钍钇玻璃方块.html	
维基	钍高温反应堆	wiki.main	钍高温反应堆.html	
维基	钐	wiki.main	钐.html	
维基	钐稀土精	wiki.main	钐稀土精.html	
维基	钐精	wiki.main	钐精.html	
维基	钐精法	wiki.main	钐精法.html	
维基	钒	wiki.main	钒.html	
维基	钒钢	wiki.main	钒钢.html	
维基	钒镁电气石	wiki.main	钒镁电气石.html	
维基	钒镓合金	wiki.main	钒镓合金.html	
维基	钕	wiki.main	钕.html	
维基	钕稀土精	wiki.main	钕稀土精.html	
维基	钙	wiki.main	钙.html	
维基	钙铁辉石	wiki.main	钙铁辉石.html	
维基	钚	wiki.main	钚.html	
维基	钚-238	wiki.main	钚-238.html	
维基	钚-239	wiki.main	钚-239.html	
维基	钚-241	wiki.main	钚-241.html	
维基	钚基流体燃料	wiki.main	钚基流体燃料.html	
维基	钛	wiki.main	钛.html	
维基	钛处理	wiki.main	钛处理.html	
维基	钛强化硼玻璃方块	wiki.main	钛强化硼玻璃方块.html	
维基	钛板	wiki.main	钛板.html	
维基	钛钼合金β-C	wiki.main	钛钼合金β-C.html	
维基	钛铁	wiki.main	钛铁.html	
维基	钛铁处理	wiki.main	钛铁处理.html	
维基	钛铁矿	wiki.main	钛铁矿.html	
维基	钛铂钒合金	wiki.main	钛铂钒合金.html	
维基	钛铂钒合金线圈	wiki.main	钛铂钒合金线圈.html	
维基	钛铂钒合金线圈方块	wiki.main	钛铂钒合金线圈方块.html	
维基	钠	wiki.main	钠.html	
维基	钡	wiki.main	钡.html	
维基	钢	wiki.main	钢.html	
维基	钢叶	wiki.main	钢叶.html	
维基	钢外壳	wiki.main	钢外壳.html	
维基	钢外壳_2	wiki.main	钢外壳_2.html	
维基	钢板	wiki.main	钢板.html	
维基	钢桶	wiki.main	钢桶.html	
维基	钨	wiki.main	钨.html	
维基	钨处理	wiki.main	钨处理.html	
维基	钨电极	wiki.main	钨电极.html	
维基	钨酸	wiki.main	钨酸.html	
维基	钨酸锂	wiki.main	钨酸锂.html	
维基	钨酸锰	wiki.main	钨酸锰.html	
维基	钨钢	wiki.main	钨钢.html	
维基	钨钢强化硼玻璃方块	wiki.main	钨钢强化硼玻璃方块.html	
维基	钨钢电极	wiki.main	钨钢电极.html	
维基	钨铁	wiki.main	钨铁.html	
维基	钪	wiki.main	钪.html	
维基	钫	wiki.main	钫.html	
维基	钬	wiki.main	钬.html	
维基	钯	wiki.main	钯.html	
维基	钯金属	wiki.main	钯金属.html	
维基	钴	wiki.main	钴.html	
维基	钴黄铜	wiki.main	钴黄铜.html	
维基	钷	wiki.main	钷.html	
维基	钻井液	wiki.main	钻井液.html	
维基	钻机模块	wiki.main	钻机模块.html	
维基	钻石	wiki.main	钻石.html	
维基	钻石储罐	wiki.main	钻石储罐.html	
维基	钻石建筑之杖	wiki.main	钻石建筑之杖.html	
维基	钻石桶	wiki.main	钻石桶.html	
维基	钻石箱子	wiki.main	钻石箱子.html	
维基	钻石组合箱	wiki.main	钻石组合箱.html	
维基	钼	wiki.main	钼.html	
维基	钼电极	wiki.main	钼电极.html	
维基	钽	wiki.main	钽.html	
维基	钽电极	wiki.main	钽电极.html	
维基	钽钨合金-60	wiki.main	钽钨合金-60.html	
维基	钽钨合金-61	wiki.main	钽钨合金-61.html	
维基	钾	wiki.main	钾.html	
维基	铀	wiki.main	铀.html	
维基	铀-232	wiki.main	铀-232.html	
维基	铀-233	wiki.main	铀-233.html	
维基	铀-235	wiki.main	铀-235.html	
维基	铀-238	wiki.main	铀-238.html	
维基	铀基流体燃料	wiki.main	铀基流体燃料.html	
维基	铀钛人	wiki.main	铀钛人.html	
维基	铁	wiki.main	铁.html	
维基	铁制能量导管	wiki.main	铁制能量导管.html	
维基	铁木	wiki.main	铁木.html	
维基	铁栅栏	wiki.main	铁栅栏.html	
维基	铁橄榄石	wiki.main	铁橄榄石.html	
维基	铁箱子	wiki.main	铁箱子.html	
维基	铁粉	wiki.main	铁粉.html	
维基	铁质建筑之杖	wiki.main	铁质建筑之杖.html	
维基	铁质组合箱	wiki.main	铁质组合箱.html	
维基	铁路	wiki.main	铁路.html	
维基	铂	wiki.main	铂.html	
维基	铂处理	wiki.main	铂处理.html	
维基	铂处理_钌	wiki.main	铂处理_钌.html	
维基	铂处理_钯	wiki.main	铂处理_钯.html	
维基	铂处理_铂	wiki.main	铂处理_铂.html	
维基	铂处理_铂渣	wiki.main	铂处理_铂渣.html	
维基	铂处理_铑	wiki.main	铂处理_铑.html	
维基	铂处理_铱	wiki.main	铂处理_铱.html	
维基	铂处理_锇	wiki.main	铂处理_锇.html	
维基	铂渣	wiki.main	铂渣.html	
维基	铂盐	wiki.main	铂盐.html	
维基	铂线	wiki.main	铂线.html	
维基	铂金属	wiki.main	铂金属.html	
维基	铅	wiki.main	铅.html	
维基	铅封盒	wiki.main	铅封盒.html	
维基	铅青铜	wiki.main	铅青铜.html	
维基	铈	wiki.main	铈.html	
维基	铊	wiki.main	铊.html	
维基	铋	wiki.main	铋.html	
维基	铋铅合金140	wiki.main	铋铅合金140.html	
维基	铋青铜	wiki.main	铋青铜.html	
维基	铌	wiki.main	铌.html	
维基	铌钛合金	wiki.main	铌钛合金.html	
维基	铍	wiki.main	铍.html	
维基	铑	wiki.main	铑.html	
维基	铒	wiki.main	铒.html	
维基	铕	wiki.main	铕.html	
维基	铕掺杂的单晶硅	wiki.main	铕掺杂的单晶硅.html	
维基	铕掺杂的晶圆	wiki.main	铕掺杂的晶圆.html	
维基	铜	wiki.main	铜.html	
维基	铜制能量导管	wiki.main	铜制能量导管.html	
维基	铜桶	wiki.main	铜桶.html	
维基	铜等离子体	wiki.main	铜等离子体.html	
维基	铜箱子	wiki.main	铜箱子.html	
维基	铜质组合箱	wiki.main	铜质组合箱.html	
维基	铜金合金	wiki.main	铜金合金.html	
维基	铝	wiki.main	铝.html	
维基	铝制能量导管	wiki.main	铝制能量导管.html	
维基	铝化镍	wiki.main	铝化镍.html	
维基	铝土处理	wiki.main	铝土处理.html	
维基	铝土矿	wiki.main	铝土矿.html	
维基	铝电气石	wiki.main	铝电气石.html	
维基	铝酸钠	wiki.main	铝酸钠.html	
维基	铝黄铜	wiki.main	铝黄铜.html	
维基	铟	wiki.main	铟.html	
维基	铟产线	wiki.main	铟产线.html	
维基	铥	wiki.main	铥.html	
维基	铪	wiki.main	铪.html	
维基	铬	wiki.main	铬.html	
维基	铬钴磷酸盐合金	wiki.main	铬钴磷酸盐合金.html	
维基	铬钴锰钛合金	wiki.main	铬钴锰钛合金.html	
维基	铬铝电气石	wiki.main	铬铝电气石.html	
维基	铯	wiki.main	铯.html	
维基	铱	wiki.main	铱.html	
维基	铱强化硼玻璃方块	wiki.main	铱强化硼玻璃方块.html	
维基	铱金属渣	wiki.main	铱金属渣.html	
维基	铱锇合金	wiki.main	铱锇合金.html	
维基	银	wiki.main	银.html	
维基	银制电容	wiki.main	银制电容.html	
维基	银制能量导管	wiki.main	银制能量导管.html	
维基	银桶	wiki.main	银桶.html	
维基	铷	wiki.main	铷.html	
维基	铸铁	wiki.main	铸铁.html	
维基	铼	wiki.main	铼.html	
维基	铽	wiki.main	铽.html	
维基	铿铀	wiki.main	铿铀.html	
维基	锁定卡	wiki.main	锁定卡.html	
维基	锂	wiki.main	锂.html	
维基	锂-7	wiki.main	锂-7.html	
维基	锂辉石	wiki.main	锂辉石.html	
维基	锄头	wiki.main	锄头.html	
维基	锅炉	wiki.main	锅炉.html	
维基	锅炉(Railcraft)	wiki.main	锅炉(Railcraft).html	
维基	锆	wiki.main	锆.html	
维基	锆锡合金-2	wiki.main	锆锡合金-2.html	
维基	锆锡合金-4	wiki.main	锆锡合金-4.html	
维基	锇	wiki.main	锇.html	
维基	锇强化硼玻璃方块	wiki.main	锇强化硼玻璃方块.html	
维基	锇溶液	wiki.main	锇溶液.html	
维基	锉	wiki.main	锉.html	
维基	锌	wiki.main	锌.html	
维基	锌曜钢	wiki.main	锌曜钢.html	
维基	锌矿砂砾	wiki.main	锌矿砂砾.html	
维基	锌钍合金	wiki.main	锌钍合金.html	
维基	锌钍合金线	wiki.main	锌钍合金线.html	
维基	锎	wiki.main	锎.html	
维基	锑	wiki.main	锑.html	
维基	锔	wiki.main	锔.html	
维基	锗	wiki.main	锗.html	
维基	错位宝石	wiki.main	错位宝石.html	
维基	错位宝石底座	wiki.main	错位宝石底座.html	
维基	错位宝石抑制器	wiki.main	错位宝石抑制器.html	
维基	错位容器	wiki.main	错位容器.html	
维基	锝	wiki.main	锝.html	
维基	锡	wiki.main	锡.html	
维基	锡铁合金	wiki.main	锡铁合金.html	
维基	锯子	wiki.main	锯子.html	
维基	锰	wiki.main	锰.html	
维基	锶	wiki.main	锶.html	
维基	锻造锤	wiki.main	锻造锤.html	
维基	锻造锤(工具)	wiki.main	锻造锤(工具).html	
维基	锻造锤(机器)	wiki.main	锻造锤(机器).html	
维基	锻铁	wiki.main	锻铁.html	
维基	镀铑钯	wiki.main	镀铑钯.html	
维基	镀铑钯强化硼玻璃方块	wiki.main	镀铑钯强化硼玻璃方块.html	
维基	镁	wiki.main	镁.html	
维基	镁橄榄石	wiki.main	镁橄榄石.html	
维基	镁铝合金	wiki.main	镁铝合金.html	
维基	镃	wiki.main	镃.html	
维基	镄	wiki.main	镄.html	
维基	镅	wiki.main	镅.html	
维基	镅掺杂的单晶硅	wiki.main	镅掺杂的单晶硅.html	
维基	镅掺杂的晶圆	wiki.main	镅掺杂的晶圆.html	
维基	镉	wiki.main	镉.html	
维基	镍	wiki.main	镍.html	
维基	镍钛诺60	wiki.main	镍钛诺60.html	
维基	镍铬合金	wiki.main	镍铬合金.html	
维基	镍铬合金线圈	wiki.main	镍铬合金线圈.html	
维基	镍铬合金线圈方块	wiki.main	镍铬合金线圈方块.html	
维基	镍铬基合金-625	wiki.main	镍铬基合金-625.html	
维基	镍铬基合金-690	wiki.main	镍铬基合金-690.html	
维基	镍铬基合金-792	wiki.main	镍铬基合金-792.html	
维基	镍锌铁氧体	wiki.main	镍锌铁氧体.html	
维基	镎	wiki.main	镎.html	
维基	镓	wiki.main	镓.html	
维基	镜中世界	wiki.main	镜中世界.html	
维基	镝	wiki.main	镝.html	
维基	镤	wiki.main	镤.html	
维基	镥	wiki.main	镥.html	
维基	镧	wiki.main	镧.html	
维基	镧处理	wiki.main	镧处理.html	
维基	镨	wiki.main	镨.html	
维基	镭	wiki.main	镭.html	
维基	镭射器	wiki.main	镭射器.html	
维基	镱	wiki.main	镱.html	
维基	长距离流体管道	wiki.main	长距离流体管道.html	
维基	长距离物品管道	wiki.main	长距离物品管道.html	
维基	长距离管道	wiki.main	长距离管道.html	
维基	门规	wiki.main	门规.html	
维基	闪存	wiki.main	闪存.html	
维基	间二甲苯	wiki.main	间二甲苯.html	
维基	防化头盔	wiki.main	防化头盔.html	
维基	防化服	wiki.main	防化服.html	
维基	防化服套装	wiki.main	防化服套装.html	
维基	防化裤	wiki.main	防化裤.html	
维基	防毒面具	wiki.main	防毒面具.html	
维基	防水钢	wiki.main	防水钢.html	
维基	防火	wiki.main	防火.html	
维基	阳光化合物	wiki.main	阳光化合物.html	
维基	阳光过敏	wiki.main	阳光过敏.html	
维基	阶段	wiki.main	阶段.html	
维基	阶段简表	wiki.main	阶段简表.html	
维基	阻挡模式	wiki.main	阻挡模式.html	
维基	阿努比斯	wiki.main	阿努比斯.html	
维基	阿卡西记录	wiki.main	阿卡西记录.html	
维基	阿尔宙斯合金2B	wiki.main	阿尔宙斯合金2B.html	
维基	阿岱姆钢	wiki.main	阿岱姆钢.html	
维基	阿斯加德蒲公英	wiki.main	阿斯加德蒲公英.html	
维基	阿瑟锡	wiki.main	阿瑟锡.html	
维基	阿米功率IC	wiki.main	阿米功率IC.html	
维基	阿米功率IC晶圆	wiki.main	阿米功率IC晶圆.html	
维基	阿蒙克气血宝珠	wiki.main	阿蒙克气血宝珠.html	
维基	阿迪特	wiki.main	阿迪特.html	
维基	附身	wiki.main	附身.html	
维基	附魔仪式	wiki.main	附魔仪式.html	
维基	附魔台	wiki.main	附魔台.html	
维基	附魔器	wiki.main	附魔器.html	
维基	附魔器（Ender_IO）	wiki.main	附魔器（Ender_IO）.html	
维基	降压变压器	wiki.main	降压变压器.html	
维基	限制物品过滤器	wiki.main	限制物品过滤器.html	
维基	除气机控制仓	wiki.main	除气机控制仓.html	
维基	陨石罗盘	wiki.main	陨石罗盘.html	
维基	陨钢	wiki.main	陨钢.html	
维基	陨铁	wiki.main	陨铁.html	
维基	隐身	wiki.main	隐身.html	
维基	隔热机械方块	wiki.main	隔热机械方块.html	
维基	隔离	wiki.main	隔离.html	
维基	雄黄	wiki.main	雄黄.html	
维基	集成处理器	wiki.main	集成处理器.html	
维基	集成矿石处理厂	wiki.main	集成矿石处理厂.html	
维基	集成矿石处理厂_2.8.4	wiki.main	集成矿石处理厂_2.8.4.html	
维基	集成系列电路板	wiki.main	集成系列电路板.html	
维基	集成逻辑电路	wiki.main	集成逻辑电路.html	
维基	集成逻辑电路板	wiki.main	集成逻辑电路板.html	
维基	集成逻辑电路（晶圆）	wiki.main	集成逻辑电路（晶圆）.html	
维基	集束线缆	wiki.main	集束线缆.html	
维基	集水器	wiki.main	集水器.html	
维基	集水器壁	wiki.main	集水器壁.html	
维基	集水器壁板	wiki.main	集水器壁板.html	
维基	雕刻玛玉灵晶体芯片	wiki.main	雕刻玛玉灵晶体芯片.html	
维基	雨水传感器	wiki.main	雨水传感器.html	
维基	雪迹	wiki.main	雪迹.html	
维基	零点压	wiki.main	零点压.html	
维基	零点压合成表过滤器	wiki.main	零点压合成表过滤器.html	
维基	零点压时代	wiki.main	零点压时代.html	
维基	零点压校准器	wiki.main	零点压校准器.html	
维基	零点压涡轮充电器	wiki.main	零点压涡轮充电器.html	
维基	零点压物品分配器	wiki.main	零点压物品分配器.html	
维基	零点压物品过滤器	wiki.main	零点压物品过滤器.html	
维基	零点压电池充电器	wiki.main	零点压电池充电器.html	
维基	零点压类型过滤器	wiki.main	零点压类型过滤器.html	
维基	零点压缓存器	wiki.main	零点压缓存器.html	
维基	零点压能量缓冲器	wiki.main	零点压能量缓冲器.html	
维基	零点压超级缓存器	wiki.main	零点压超级缓存器.html	
维基	霍金辐射重组焦点	wiki.main	霍金辐射重组焦点.html	
维基	青金石	wiki.main	青金石.html	
维基	青金种子	wiki.main	青金种子.html	
维基	青金草	wiki.main	青金草.html	
维基	青铜	wiki.main	青铜.html	
维基	青铜组合箱	wiki.main	青铜组合箱.html	
维基	静寂合金	wiki.main	静寂合金.html	
维基	静电震击	wiki.main	静电震击.html	
维基	静空奇点	wiki.main	静空奇点.html	
维基	非光子物质排斥玻璃	wiki.main	非光子物质排斥玻璃.html	
维基	非对齐夸克释放催化剂	wiki.main	非对齐夸克释放催化剂.html	
维基	音速流体灌装机	wiki.main	音速流体灌装机.html	
维基	预备光子晶圆	wiki.main	预备光子晶圆.html	
维基	领地	wiki.main	领地.html	
维基	额定功率	wiki.main	额定功率.html	
维基	风之碎片	wiki.main	风之碎片.html	
维基	风之魔晶	wiki.main	风之魔晶.html	
维基	风之魔晶粉	wiki.main	风之魔晶粉.html	
维基	风元浸染	wiki.main	风元浸染.html	
维基	风力动能发生机	wiki.main	风力动能发生机.html	
维基	风盾	wiki.main	风盾.html	
维基	风车	wiki.main	风车.html	
维基	飘浮	wiki.main	飘浮.html	
维基	飞米功率IC	wiki.main	飞米功率IC.html	
维基	飞米功率IC晶圆	wiki.main	飞米功率IC晶圆.html	
维基	飞行	wiki.main	飞行.html	
维基	食材切片机	wiki.main	食材切片机.html	
维基	食物	wiki.main	食物.html	
维基	饥饿	wiki.main	饥饿.html	
维基	饱和	wiki.main	饱和.html	
维基	饱和声子晶体溶液	wiki.main	饱和声子晶体溶液.html	
维基	饱食	wiki.main	饱食.html	
维基	首页	wiki.main	首页.html	
维基	马氏体时效钢250	wiki.main	马氏体时效钢250.html	
维基	马氏体时效钢300	wiki.main	马氏体时效钢300.html	
维基	马氏体时效钢350	wiki.main	马氏体时效钢350.html	
维基	马赫斯	wiki.main	马赫斯.html	
维基	驱逐攻击者	wiki.main	驱逐攻击者.html	
维基	骑士金属	wiki.main	骑士金属.html	
维基	骨	wiki.main	骨.html	
维基	高功率IC	wiki.main	高功率IC.html	
维基	高功率IC晶圆	wiki.main	高功率IC晶圆.html	
维基	高十六烷值柴油	wiki.main	高十六烷值柴油.html	
维基	高压合成表过滤器	wiki.main	高压合成表过滤器.html	
维基	高压合金炉	wiki.main	高压合金炉.html	
维基	高压时代	wiki.main	高压时代.html	
维基	高压校准器	wiki.main	高压校准器.html	
维基	高压流体储罐	wiki.main	高压流体储罐.html	
维基	高压流体箱	wiki.main	高压流体箱.html	
维基	高压涡轮充电器	wiki.main	高压涡轮充电器.html	
维基	高压燃煤锅炉	wiki.main	高压燃煤锅炉.html	
维基	高压物品分配器	wiki.main	高压物品分配器.html	
维基	高压物品过滤器	wiki.main	高压物品过滤器.html	
维基	高压电池充电器	wiki.main	高压电池充电器.html	
维基	高压类型过滤器	wiki.main	高压类型过滤器.html	
维基	高压缓存器	wiki.main	高压缓存器.html	
维基	高压能量缓冲器	wiki.main	高压能量缓冲器.html	
维基	高压蒸汽压缩机	wiki.main	高压蒸汽压缩机.html	
维基	高压蒸汽提取机	wiki.main	高压蒸汽提取机.html	
维基	高压蒸汽熔炉	wiki.main	高压蒸汽熔炉.html	
维基	高压蒸汽研磨机	wiki.main	高压蒸汽研磨机.html	
维基	高压蒸汽锻造锤	wiki.main	高压蒸汽锻造锤.html	
维基	高压超级缓存器	wiki.main	高压超级缓存器.html	
维基	高压釜	wiki.main	高压釜.html	
维基	高压锅炉	wiki.main	高压锅炉.html	
维基	高大暮色橡树	wiki.main	高大暮色橡树.html	
维基	高度先进电子元件	wiki.main	高度先进电子元件.html	
维基	高强度激光蚀刻机	wiki.main	高强度激光蚀刻机.html	
维基	高温气冷反应堆	wiki.main	高温气冷反应堆.html	
维基	高温气冷反应堆_2.8.0	wiki.main	高温气冷反应堆_2.8.0.html	
维基	高炉	wiki.main	高炉.html	
维基	高电流变压器	wiki.main	高电流变压器.html	
维基	高级传送符咒	wiki.main	高级传送符咒.html	
维基	高级内存卡	wiki.main	高级内存卡.html	
维基	高级压印器	wiki.main	高级压印器.html	
维基	高级大型物品过滤器	wiki.main	高级大型物品过滤器.html	
维基	高级太阳能锅炉	wiki.main	高级太阳能锅炉.html	
维基	高级散热片	wiki.main	高级散热片.html	
维基	高级无线设置工具	wiki.main	高级无线设置工具.html	
维基	高级晶圆	wiki.main	高级晶圆.html	
维基	高级焦炉	wiki.main	高级焦炉.html	
维基	高级物品过滤器	wiki.main	高级物品过滤器.html	
维基	高级玩家探测器	wiki.main	高级玩家探测器.html	
维基	高级电路基板	wiki.main	高级电路基板.html	
维基	高级电路板	wiki.main	高级电路板.html	
维基	高级网络工具	wiki.main	高级网络工具.html	
维基	高级胶水	wiki.main	高级胶水.html	
维基	高级错位宝石	wiki.main	高级错位宝石.html	
维基	高级镍钛诺	wiki.main	高级镍钛诺.html	
维基	高级防化头盔	wiki.main	高级防化头盔.html	
维基	高级防化护腿	wiki.main	高级防化护腿.html	
维基	高级防化服	wiki.main	高级防化服.html	
维基	高级防化靴子	wiki.main	高级防化靴子.html	
维基	高级阻挡卡	wiki.main	高级阻挡卡.html	
维基	高纯硅岩溶液	wiki.main	高纯硅岩溶液.html	
维基	高纯超能硅岩溶液	wiki.main	高纯超能硅岩溶液.html	
维基	高耐久性复合钢	wiki.main	高耐久性复合钢.html	
维基	高能变压器	wiki.main	高能变压器.html	
维基	高能晶圆	wiki.main	高能晶圆.html	
维基	高能束流聚焦对撞靶室	wiki.main	高能束流聚焦对撞靶室.html	
维基	高能激光净化单元	wiki.main	高能激光净化单元.html	
维基	高能粒子束对撞合成室	wiki.main	高能粒子束对撞合成室.html	
维基	高能粒子辐射激发源室	wiki.main	高能粒子辐射激发源室.html	
维基	高辛烷值汽油	wiki.main	高辛烷值汽油.html	
维基	高速钢-E	wiki.main	高速钢-E.html	
维基	高速钢-G	wiki.main	高速钢-G.html	
维基	高速钢-G线圈	wiki.main	高速钢-G线圈.html	
维基	高速钢-G线圈方块	wiki.main	高速钢-G线圈方块.html	
维基	高速钢-S	wiki.main	高速钢-S.html	
维基	高速钢-S线圈	wiki.main	高速钢-S线圈.html	
维基	高速钢-S线圈方块	wiki.main	高速钢-S线圈方块.html	
维基	高阶养蜂思路分享	wiki.main	高阶养蜂思路分享.html	
维基	高阶养蜂思路分享_历史	wiki.main	高阶养蜂思路分享_历史.html	
维基	高阶动能发电机	wiki.main	高阶动能发电机.html	
维基	高阶水力动能发生机	wiki.main	高阶水力动能发生机.html	
维基	高阶风力动能发生机	wiki.main	高阶风力动能发生机.html	
维基	魂金	wiki.main	魂金.html	
维基	魔力之石	wiki.main	魔力之石.html	
维基	魔力亲和	wiki.main	魔力亲和.html	
维基	魔力喷泉	wiki.main	魔力喷泉.html	
维基	魔力灌注	wiki.main	魔力灌注.html	
维基	魔力玻璃	wiki.main	魔力玻璃.html	
维基	魔力钢	wiki.main	魔力钢.html	
维基	魔力钻石	wiki.main	魔力钻石.html	
维基	魔力附魔台	wiki.main	魔力附魔台.html	
维基	魔导源质存储元件	wiki.main	魔导源质存储元件.html	
维基	魔法木头	wiki.main	魔法木头.html	
维基	魔法能源吸收器	wiki.main	魔法能源吸收器.html	
维基	魔法能源转换器	wiki.main	魔法能源转换器.html	
维基	魔法蜜蜂	wiki.main	魔法蜜蜂.html	
维基	魔法超级燃料	wiki.main	魔法超级燃料.html	
维基	魔法超级燃料黏合剂	wiki.main	魔法超级燃料黏合剂.html	
维基	魔镜	wiki.main	魔镜.html	
维基	魔镜（巫术）	wiki.main	魔镜（巫术）.html	
维基	鱼油	wiki.main	鱼油.html	
维基	鲁格诺	wiki.main	鲁格诺.html	
维基	鲸鱼座T星E	wiki.main	鲸鱼座T星E.html	
维基	鲸鱼座T星E藻类提取物	wiki.main	鲸鱼座T星E藻类提取物.html	
维基	鸟神星	wiki.main	鸟神星.html	
维基	鸿蒙之眼	wiki.main	鸿蒙之眼.html	
维基	鸿蒙之眼原料发配自动化	wiki.main	鸿蒙之眼原料发配自动化.html	
维基	鸿蒙之眼原料发配自动化_历史	wiki.main	鸿蒙之眼原料发配自动化_历史.html	
维基	鸿蒙之眼星阵共用及原料发配自动化	wiki.main	鸿蒙之眼星阵共用及原料发配自动化.html	
维基	鸿蒙之眼星阵共用自动化	wiki.main	鸿蒙之眼星阵共用自动化.html	
维基	鸿蒙之眼自动化	wiki.main	鸿蒙之眼自动化.html	
维基	麻痹	wiki.main	麻痹.html	
维基	黄氯汞	wiki.main	黄氯汞.html	
维基	黄玉	wiki.main	黄玉.html	
维基	黄石榴石	wiki.main	黄石榴石.html	
维基	黄铜	wiki.main	黄铜.html	
维基	黏土	wiki.main	黏土.html	
维基	黏性卡	wiki.main	黏性卡.html	
维基	黑中子	wiki.main	黑中子.html	
维基	黑暗石英玻璃	wiki.main	黑暗石英玻璃.html	
维基	黑暗纯净玻璃	wiki.main	黑暗纯净玻璃.html	
维基	黑暗过敏	wiki.main	黑暗过敏.html	
维基	黑曜石	wiki.main	黑曜石.html	
维基	黑曜石桶	wiki.main	黑曜石桶.html	
维基	黑洞	wiki.main	黑洞.html	
维基	黑洞压缩机	wiki.main	黑洞压缩机.html	
维基	黑洞坍缩器	wiki.main	黑洞坍缩器.html	
维基	黑洞多功能仓	wiki.main	黑洞多功能仓.html	
维基	黑洞多功能舱口	wiki.main	黑洞多功能舱口.html	
维基	黑物质	wiki.main	黑物质.html	
维基	黑矮星物质	wiki.main	黑矮星物质.html	
维基	黑花岗岩	wiki.main	黑花岗岩.html	
维基	黑话	wiki.main	黑话.html	
维基	黑钚	wiki.main	黑钚.html	
维基	黑钛	wiki.main	黑钛.html	
维基	黑钢	wiki.main	黑钢.html	
维基	黑青铜	wiki.main	黑青铜.html	
维基	鼠标原始输入	wiki.main	鼠标原始输入.html	
维基	龙	wiki.main	龙.html	
维基	龙之剑	wiki.main	龙之剑.html	
维基	龙之头盔	wiki.main	龙之头盔.html	
维基	龙之弓	wiki.main	龙之弓.html	
维基	龙之心	wiki.main	龙之心.html	
维基	龙之护腿	wiki.main	龙之护腿.html	
维基	龙之斧	wiki.main	龙之斧.html	
维基	龙之权杖	wiki.main	龙之权杖.html	
维基	龙之研究	wiki.main	龙之研究.html	
维基	龙之胸甲	wiki.main	龙之胸甲.html	
维基	龙之铲	wiki.main	龙之铲.html	
维基	龙之锄	wiki.main	龙之锄.html	
维基	龙之镐	wiki.main	龙之镐.html	
维基	龙之靴	wiki.main	龙之靴.html	
维基	龙堆	wiki.main	龙堆.html	
维基	龙套装	wiki.main	龙套装.html	
维基	龙石	wiki.main	龙石.html	
维基	龙研聚合装置	wiki.main	龙研聚合装置.html	
维基	龙箱	wiki.main	龙箱.html	
维基	龙芯	wiki.main	龙芯.html	
维基	龙蛋	wiki.main	龙蛋.html	
维基	龙血	wiki.main	龙血.html	
维基	龙血等离子体	wiki.main	龙血等离子体.html	
维基	龙血粉	wiki.main	龙血粉.html	
维基	鿫	wiki.main	鿫.html	
维基	𫓧	wiki.main	𫓧.html	
维基:category	分类_AE2	wiki.category	分类_AE2.html	
维基:category	分类_AE2工具	wiki.category	分类_AE2工具.html	
维基:category	分类_Changelog	wiki.category	分类_Changelog.html	
维基:category	分类_CropsNH作物	wiki.category	分类_CropsNH作物.html	
维基:category	分类_GTNL多方块结构	wiki.category	分类_GTNL多方块结构.html	
维基:category	分类_Mods	wiki.category	分类_Mods.html	
维基:category	分类_RichTab	wiki.category	分类_RichTab.html	
维基:category	分类_TST多方块结构	wiki.category	分类_TST多方块结构.html	
维基:category	分类_世界生成	wiki.category	分类_世界生成.html	
维基:category	分类_产线	wiki.category	分类_产线.html	
维基:category	分类_仓室	wiki.category	分类_仓室.html	
维基:category	分类_使用Tabber解析器标签的页面	wiki.category	分类_使用Tabber解析器标签的页面.html	
维基:category	分类_使用了流程图模板的页面	wiki.category	分类_使用了流程图模板的页面.html	
维基:category	分类_使用了计算器模板的页面	wiki.category	分类_使用了计算器模板的页面.html	
维基:category	分类_使用了长参数的黑幕模板的页面	wiki.category	分类_使用了长参数的黑幕模板的页面.html	
维基:category	分类_使用危险模板的页面	wiki.category	分类_使用危险模板的页面.html	
维基:category	分类_化合物材料	wiki.category	分类_化合物材料.html	
维基:category	分类_化工原料	wiki.category	分类_化工原料.html	
维基:category	分类_单方块机器	wiki.category	分类_单方块机器.html	
维基:category	分类_单方块机器_模板	wiki.category	分类_单方块机器_模板.html	
维基:category	分类_单质材料	wiki.category	分类_单质材料.html	
维基:category	分类_历史版本	wiki.category	分类_历史版本.html	
维基:category	分类_可能过时	wiki.category	分类_可能过时.html	
维基:category	分类_可能需要同步的页面	wiki.category	分类_可能需要同步的页面.html	
维基:category	分类_可获得对象	wiki.category	分类_可获得对象.html	
维基:category	分类_合成表模板	wiki.category	分类_合成表模板.html	
维基:category	分类_合金材料	wiki.category	分类_合金材料.html	
维基:category	分类_含有受损文件链接的页面	wiki.category	分类_含有受损文件链接的页面.html	
维基:category	分类_在模板调用中使用重复参数的页面	wiki.category	分类_在模板调用中使用重复参数的页面.html	
维基:category	分类_基于开放式电脑的教程	wiki.category	分类_基于开放式电脑的教程.html	
维基:category	分类_多方块结构	wiki.category	分类_多方块结构.html	
维基:category	分类_多方块结构_EV	wiki.category	分类_多方块结构_EV.html	
维基:category	分类_多方块结构_HV	wiki.category	分类_多方块结构_HV.html	
维基:category	分类_多方块结构_IV	wiki.category	分类_多方块结构_IV.html	
维基:category	分类_多方块结构_LV	wiki.category	分类_多方块结构_LV.html	
维基:category	分类_多方块结构_LuV	wiki.category	分类_多方块结构_LuV.html	
维基:category	分类_多方块结构_MV	wiki.category	分类_多方块结构_MV.html	
维基:category	分类_多方块结构_UEV	wiki.category	分类_多方块结构_UEV.html	
维基:category	分类_多方块结构_UHV	wiki.category	分类_多方块结构_UHV.html	
维基:category	分类_多方块结构_UIV	wiki.category	分类_多方块结构_UIV.html	
维基:category	分类_多方块结构_UMV	wiki.category	分类_多方块结构_UMV.html	
维基:category	分类_多方块结构_UV	wiki.category	分类_多方块结构_UV.html	
维基:category	分类_多方块结构_ZPM	wiki.category	分类_多方块结构_ZPM.html	
维基:category	分类_多方块结构_产能设备	wiki.category	分类_多方块结构_产能设备.html	
维基:category	分类_多方块结构_加工设备	wiki.category	分类_多方块结构_加工设备.html	
维基:category	分类_多方块结构_存储设备	wiki.category	分类_多方块结构_存储设备.html	
维基:category	分类_多方块结构_已弃用	wiki.category	分类_多方块结构_已弃用.html	
维基:category	分类_多方块结构_未知功能	wiki.category	分类_多方块结构_未知功能.html	
维基:category	分类_多方块结构_未知阶段	wiki.category	分类_多方块结构_未知阶段.html	
维基:category	分类_多方块结构_模板	wiki.category	分类_多方块结构_模板.html	
维基:category	分类_多方块结构_环境设备	wiki.category	分类_多方块结构_环境设备.html	
维基:category	分类_多方块结构_生产设备	wiki.category	分类_多方块结构_生产设备.html	
维基:category	分类_多方块结构_能源设备	wiki.category	分类_多方块结构_能源设备.html	
维基:category	分类_多方块结构_蒸汽	wiki.category	分类_多方块结构_蒸汽.html	
维基:category	分类_多方块结构_资源设备	wiki.category	分类_多方块结构_资源设备.html	
维基:category	分类_多方块结构_采矿设备	wiki.category	分类_多方块结构_采矿设备.html	
维基:category	分类_存储设备	wiki.category	分类_存储设备.html	
维基:category	分类_存在语法高亮错误的页面	wiki.category	分类_存在语法高亮错误的页面.html	
维基:category	分类_工具	wiki.category	分类_工具.html	
维基:category	分类_应用能源2	wiki.category	分类_应用能源2.html	
维基:category	分类_开发	wiki.category	分类_开发.html	
维基:category	分类_引用模板后大小超过限制的页面	wiki.category	分类_引用模板后大小超过限制的页面.html	
维基:category	分类_支持数据库的模板或模块	wiki.category	分类_支持数据库的模板或模块.html	
维基:category	分类_教程	wiki.category	分类_教程.html	
维基:category	分类_无机化工原料	wiki.category	分类_无机化工原料.html	
维基:category	分类_无法索引至数据库物品条目	wiki.category	分类_无法索引至数据库物品条目.html	
维基:category	分类_有脚本错误的页面	wiki.category	分类_有脚本错误的页面.html	
维基:category	分类_有过多高开销解析器函数调用的页面	wiki.category	分类_有过多高开销解析器函数调用的页面.html	
维基:category	分类_未使用表单的材料页面	wiki.category	分类_未使用表单的材料页面.html	
维基:category	分类_机器	wiki.category	分类_机器.html	
维基:category	分类_材料	wiki.category	分类_材料.html	
维基:category	分类_橡胶	wiki.category	分类_橡胶.html	
维基:category	分类_特性前瞻	wiki.category	分类_特性前瞻.html	
维基:category	分类_特殊材料	wiki.category	分类_特殊材料.html	
维基:category	分类_生物质化工	wiki.category	分类_生物质化工.html	
维基:category	分类_电路板	wiki.category	分类_电路板.html	
维基:category	分类_电路板部件	wiki.category	分类_电路板部件.html	
维基:category	分类_石油化工	wiki.category	分类_石油化工.html	
维基:category	分类_神秘时代	wiki.category	分类_神秘时代.html	
维基:category	分类_缺失配方或模板的合成表模板	wiki.category	分类_缺失配方或模板的合成表模板.html	
维基:category	分类_血魔法	wiki.category	分类_血魔法.html	
维基:category	分类_覆盖板	wiki.category	分类_覆盖板.html	
维基:category	分类_重要可获得对象	wiki.category	分类_重要可获得对象.html	
维基:category	分类_隐藏分类	wiki.category	分类_隐藏分类.html	
维基:category	分类_需要合并	wiki.category	分类_需要合并.html	
维基:category	分类_需要帮助	wiki.category	分类_需要帮助.html	
维基:category	分类_需要扩展	wiki.category	分类_需要扩展.html	
维基:category	分类_需要拆分	wiki.category	分类_需要拆分.html	
维基:category	分类_需要更新	wiki.category	分类_需要更新.html	
维基:category	分类_需要翻译	wiki.category	分类_需要翻译.html	
维基:category	分类_非自动生成的合成表模板	wiki.category	分类_非自动生成的合成表模板.html	
维基:data	Data_DidYouKnow.tabx	wiki.data	Data_DidYouKnow.tabx.html	
维基:data	Data_ElementSources.tabx	wiki.data	Data_ElementSources.tabx.html	
维基:data	Data_Fluids.json	wiki.data	Data_Fluids.json.html	
维基:data	Data_Gtmaterial_1.json	wiki.data	Data_Gtmaterial_1.json.html	
维基:data	Data_Gtmaterial_1.json_doc	wiki.data	Data_Gtmaterial_1.json_doc.html	
维基:data	Data_Gtmaterial_2.json	wiki.data	Data_Gtmaterial_2.json.html	
维基:data	Data_Gtmaterial_2.json_doc	wiki.data	Data_Gtmaterial_2.json_doc.html	
维基:data	Data_Gtnhdimension.json	wiki.data	Data_Gtnhdimension.json.html	
维基:data	Data_Gtorevein.json	wiki.data	Data_Gtorevein.json.html	
维基:data	Data_Gtsmallorevein.json	wiki.data	Data_Gtsmallorevein.json.html	
维基:data	Data_Gtundergroundfluid.json	wiki.data	Data_Gtundergroundfluid.json.html	
维基:data	Data_Index.tabx	wiki.data	Data_Index.tabx.html	
维基:data	Data_Items.tabx	wiki.data	Data_Items.tabx.html	
维基:data	Data_Items_1.json	wiki.data	Data_Items_1.json.html	
维基:data	Data_Items_10.json	wiki.data	Data_Items_10.json.html	
维基:data	Data_Items_11.json	wiki.data	Data_Items_11.json.html	
维基:data	Data_Items_12.json	wiki.data	Data_Items_12.json.html	
维基:data	Data_Items_13.json	wiki.data	Data_Items_13.json.html	
维基:data	Data_Items_14.json	wiki.data	Data_Items_14.json.html	
维基:data	Data_Items_15.json	wiki.data	Data_Items_15.json.html	
维基:data	Data_Items_16.json	wiki.data	Data_Items_16.json.html	
维基:data	Data_Items_17.json	wiki.data	Data_Items_17.json.html	
维基:data	Data_Items_18.json	wiki.data	Data_Items_18.json.html	
维基:data	Data_Items_19.json	wiki.data	Data_Items_19.json.html	
维基:data	Data_Items_2.json	wiki.data	Data_Items_2.json.html	
维基:data	Data_Items_20.json	wiki.data	Data_Items_20.json.html	
维基:data	Data_Items_21.json	wiki.data	Data_Items_21.json.html	
维基:data	Data_Items_22.json	wiki.data	Data_Items_22.json.html	
维基:data	Data_Items_23.json	wiki.data	Data_Items_23.json.html	
维基:data	Data_Items_24.json	wiki.data	Data_Items_24.json.html	
维基:data	Data_Items_25.json	wiki.data	Data_Items_25.json.html	
维基:data	Data_Items_26.json	wiki.data	Data_Items_26.json.html	
维基:data	Data_Items_27.json	wiki.data	Data_Items_27.json.html	
维基:data	Data_Items_28.json	wiki.data	Data_Items_28.json.html	
维基:data	Data_Items_29.json	wiki.data	Data_Items_29.json.html	
维基:data	Data_Items_3.json	wiki.data	Data_Items_3.json.html	
维基:data	Data_Items_30.json	wiki.data	Data_Items_30.json.html	
维基:data	Data_Items_4.json	wiki.data	Data_Items_4.json.html	
维基:data	Data_Items_5.json	wiki.data	Data_Items_5.json.html	
维基:data	Data_Items_6.json	wiki.data	Data_Items_6.json.html	
维基:data	Data_Items_7.json	wiki.data	Data_Items_7.json.html	
维基:data	Data_Items_8.json	wiki.data	Data_Items_8.json.html	
维基:data	Data_Items_9.json	wiki.data	Data_Items_9.json.html	
维基:data	Data_Items_custom.json	wiki.data	Data_Items_custom.json.html	
维基:data	Data_MeteorWeight.json	wiki.data	Data_MeteorWeight.json.html	
维基:data	Data_OreDictionary_1.json	wiki.data	Data_OreDictionary_1.json.html	
维基:data	Data_OreDictionary_2.json	wiki.data	Data_OreDictionary_2.json.html	
维基:data	Data_ParatranzStats.json	wiki.data	Data_ParatranzStats.json.html	
维基:data	Data_PipeInfo.tabx	wiki.data	Data_PipeInfo.tabx.html	
维基:data	Data_Recipes_AWWayofTime_NEIAlchemyRecipeHandler_alchemy.json	wiki.data	Data_Recipes_AWWayofTime_NEIAlchemyRecipeHandler_alchemy.json.html	
维基:data	Data_Recipes_AWWayofTime_NEIAltarRecipeHandler_altarrecipes.json	wiki.data	Data_Recipes_AWWayofTime_NEIAltarRecipeHandler_altarrecipes.json.html	
维基:data	Data_Recipes_AWWayofTime_NEIBindingRitualHandler_bindingritual.json	wiki.data	Data_Recipes_AWWayofTime_NEIBindingRitualHandler_bindingritual.json.html	
维基:data	Data_Recipes_AWWayofTime_NEIBloodOrbShapedHandler_crafting.json	wiki.data	Data_Recipes_AWWayofTime_NEIBloodOrbShapedHandler_crafting.json.html	
维基:data	Data_Recipes_AWWayofTime_NEIBloodOrbShapelessHandler_crafting.json	wiki.data	Data_Recipes_AWWayofTime_NEIBloodOrbShapelessHandler_crafting.json.html	
维基:data	Data_Recipes_AWWayofTime_NEICalcinatorHandler_calcinator.json	wiki.data	Data_Recipes_AWWayofTime_NEICalcinatorHandler_calcinator.json.html	
维基:data	Data_Recipes_AWWayofTime_NEIMeteorRecipeHandler_meteor.json	wiki.data	Data_Recipes_AWWayofTime_NEIMeteorRecipeHandler_meteor.json.html	
维基:data	Data_Recipes_AdvancedSolarPanel_MTRecipeHandler_null.json	wiki.data	Data_Recipes_AdvancedSolarPanel_MTRecipeHandler_null.json.html	
维基:data	Data_Recipes_Avaritia_CompressionHandler_extreme_compression.json	wiki.data	Data_Recipes_Avaritia_CompressionHandler_extreme_compression.json.html	
维基:data	Data_Recipes_Avaritia_ExtremeShapedRecipeHandler_extreme.json	wiki.data	Data_Recipes_Avaritia_ExtremeShapedRecipeHandler_extreme.json.html	
维基:data	Data_Recipes_Avaritia_ExtremeShapelessRecipeHandler_extreme.json	wiki.data	Data_Recipes_Avaritia_ExtremeShapelessRecipeHandler_extreme.json.html	
维基:data	Data_Recipes_Botania_RecipeHandlerBrewery_null.json	wiki.data	Data_Recipes_Botania_RecipeHandlerBrewery_null.json.html	
维基:data	Data_Recipes_Botania_RecipeHandlerElvenTrade_null.json	wiki.data	Data_Recipes_Botania_RecipeHandlerElvenTrade_null.json.html	
维基:data	Data_Recipes_Botania_RecipeHandlerFloatingFlowers_null.json	wiki.data	Data_Recipes_Botania_RecipeHandlerFloatingFlowers_null.json.html	
维基:data	Data_Recipes_Botania_RecipeHandlerLexicaBotania_null.json	wiki.data	Data_Recipes_Botania_RecipeHandlerLexicaBotania_null.json.html	
维基:data	Data_Recipes_Botania_RecipeHandlerManaPool_null.json	wiki.data	Data_Recipes_Botania_RecipeHandlerManaPool_null.json.html	
维基:data	Data_Recipes_Botania_RecipeHandlerPetalApothecary_null.json	wiki.data	Data_Recipes_Botania_RecipeHandlerPetalApothecary_null.json.html	
维基:data	Data_Recipes_Botania_RecipeHandlerPureDaisy_null.json	wiki.data	Data_Recipes_Botania_RecipeHandlerPureDaisy_null.json.html	
维基:data	Data_Recipes_Botania_RecipeHandlerRunicAltar_null.json	wiki.data	Data_Recipes_Botania_RecipeHandlerRunicAltar_null.json.html	
维基:data	Data_Recipes_Botany_FlowerBreedingHandler_null.json	wiki.data	Data_Recipes_Botany_FlowerBreedingHandler_null.json.html	
维基:data	Data_Recipes_DraconicEvolution_ReactorNEIHandler_reactor.json	wiki.data	Data_Recipes_DraconicEvolution_ReactorNEIHandler_reactor.json.html	
维基:data	Data_Recipes_EnderIO_AlloySmelterRecipeHandler_EnderIOAlloySmelter.json	wiki.data	Data_Recipes_EnderIO_AlloySmelterRecipeHandler_EnderIOAlloySmelter.json.html	
维基:data	Data_Recipes_EnderIO_EnchanterRecipeHandler_EIOEnchanter.json	wiki.data	Data_Recipes_EnderIO_EnchanterRecipeHandler_EIOEnchanter.json.html	
维基:data	Data_Recipes_EnderIO_SagMillRecipeHandler_EnderIOSagMill_1.json	wiki.data	Data_Recipes_EnderIO_SagMillRecipeHandler_EnderIOSagMill_1.json.html	
维基:data	Data_Recipes_EnderIO_SagMillRecipeHandler_EnderIOSagMill_2.json	wiki.data	Data_Recipes_EnderIO_SagMillRecipeHandler_EnderIOSagMill_2.json.html	
维基:data	Data_Recipes_EnderIO_SliceAndSpliceRecipeHandler_EnderIOSliceAndSplice.json	wiki.data	Data_Recipes_EnderIO_SliceAndSpliceRecipeHandler_EnderIOSliceAndSplice.json.html	
维基:data	Data_Recipes_EnderIO_SoulBinderRecipeHandler_EnderIOSoulBinder.json	wiki.data	Data_Recipes_EnderIO_SoulBinderRecipeHandler_EnderIOSoulBinder.json.html	
维基:data	Data_Recipes_EnderIO_VatRecipeHandler_EnderIOVat.json	wiki.data	Data_Recipes_EnderIO_VatRecipeHandler_EnderIOVat.json.html	
维基:data	Data_Recipes_ExtraTrees_NEIHandlerLumbermill_lumbermill.json	wiki.data	Data_Recipes_ExtraTrees_NEIHandlerLumbermill_lumbermill.json.html	
维基:data	Data_Recipes_ExtraUtilities_EnderConstructorHandler_qedcrafting.json	wiki.data	Data_Recipes_ExtraUtilities_EnderConstructorHandler_qedcrafting.json.html	
维基:data	Data_Recipes_ExtraUtilities_FMPMicroBlocksHandler_crafting.json	wiki.data	Data_Recipes_ExtraUtilities_FMPMicroBlocksHandler_crafting.json.html	
维基:data	Data_Recipes_ExtraUtilities_InfoHandler_null.json	wiki.data	Data_Recipes_ExtraUtilities_InfoHandler_null.json.html	
维基:data	Data_Recipes_ExtraUtilities_MicroBlocksHandler_crafting.json	wiki.data	Data_Recipes_ExtraUtilities_MicroBlocksHandler_crafting.json.html	
维基:data	Data_Recipes_ExtraUtilities_SoulHandler_null.json	wiki.data	Data_Recipes_ExtraUtilities_SoulHandler_null.json.html	
维基:data	Data_Recipes_Forestry_BBABGuiRecipeTreeHandler_null.json	wiki.data	Data_Recipes_Forestry_BBABGuiRecipeTreeHandler_null.json.html	
维基:data	Data_Recipes_Forestry_BeeBreedingHandler_null.json	wiki.data	Data_Recipes_Forestry_BeeBreedingHandler_null.json.html	
维基:data	Data_Recipes_Forestry_BeeBreedingHandler_null_1.json	wiki.data	Data_Recipes_Forestry_BeeBreedingHandler_null_1.json.html	
维基:data	Data_Recipes_Forestry_BeeBreedingHandler_null_2.json	wiki.data	Data_Recipes_Forestry_BeeBreedingHandler_null_2.json.html	
维基:data	Data_Recipes_Forestry_BeeProduceHandler_null.json	wiki.data	Data_Recipes_Forestry_BeeProduceHandler_null.json.html	
维基:data	Data_Recipes_Forestry_ButterflyBreedingHandler_null.json	wiki.data	Data_Recipes_Forestry_ButterflyBreedingHandler_null.json.html	
维基:data	Data_Recipes_Forestry_NEIHandlerBottler_bottler.json	wiki.data	Data_Recipes_Forestry_NEIHandlerBottler_bottler.json.html	
维基:data	Data_Recipes_Forestry_NEIHandlerCarpenter_carpenter.json	wiki.data	Data_Recipes_Forestry_NEIHandlerCarpenter_carpenter.json.html	
维基:data	Data_Recipes_Forestry_NEIHandlerCentrifuge_centrifuge.json	wiki.data	Data_Recipes_Forestry_NEIHandlerCentrifuge_centrifuge.json.html	
维基:data	Data_Recipes_Forestry_NEIHandlerFabricator_fabricator.json	wiki.data	Data_Recipes_Forestry_NEIHandlerFabricator_fabricator.json.html	
维基:data	Data_Recipes_Forestry_NEIHandlerFermenter_fermenter.json	wiki.data	Data_Recipes_Forestry_NEIHandlerFermenter_fermenter.json.html	
维基:data	Data_Recipes_Forestry_NEIHandlerMoistener_moistener.json	wiki.data	Data_Recipes_Forestry_NEIHandlerMoistener_moistener.json.html	
维基:data	Data_Recipes_Forestry_NEIHandlerSqueezer_squeezer.json	wiki.data	Data_Recipes_Forestry_NEIHandlerSqueezer_squeezer.json.html	
维基:data	Data_Recipes_Forestry_NEIHandlerStill_still.json	wiki.data	Data_Recipes_Forestry_NEIHandlerStill_still.json.html	
维基:data	Data_Recipes_Forestry_TreeBreedingHandler_null.json	wiki.data	Data_Recipes_Forestry_TreeBreedingHandler_null.json.html	
维基:data	Data_Recipes_Forestry_TreeProduceHandler_null.json	wiki.data	Data_Recipes_Forestry_TreeProduceHandler_null.json.html	
维基:data	Data_Recipes_GalacticraftAmunRa_ARCircuitFab_null.json	wiki.data	Data_Recipes_GalacticraftAmunRa_ARCircuitFab_null.json.html	
维基:data	Data_Recipes_GalacticraftAmunRa_ARNasaWorkbenchShuttle_null.json	wiki.data	Data_Recipes_GalacticraftAmunRa_ARNasaWorkbenchShuttle_null.json.html	
维基:data	Data_Recipes_GalacticraftCore_AstroMinerRecipeHandler_null.json	wiki.data	Data_Recipes_GalacticraftCore_AstroMinerRecipeHandler_null.json.html	
维基:data	Data_Recipes_GalacticraftCore_BuggyRecipeHandler_null.json	wiki.data	Data_Recipes_GalacticraftCore_BuggyRecipeHandler_null.json.html	
维基:data	Data_Recipes_GalacticraftCore_CargoRocketRecipeHandler_null.json	wiki.data	Data_Recipes_GalacticraftCore_CargoRocketRecipeHandler_null.json.html	
维基:data	Data_Recipes_GalacticraftCore_CircuitFabricatorRecipeHandler_null.json	wiki.data	Data_Recipes_GalacticraftCore_CircuitFabricatorRecipeHandler_null.json.html	
维基:data	Data_Recipes_GalacticraftCore_RefineryRecipeHandler_null.json	wiki.data	Data_Recipes_GalacticraftCore_RefineryRecipeHandler_null.json.html	
维基:data	Data_Recipes_GalacticraftCore_RocketT1RecipeHandler_null.json	wiki.data	Data_Recipes_GalacticraftCore_RocketT1RecipeHandler_null.json.html	
维基:data	Data_Recipes_GalacticraftMars_RocketT2RecipeHandler_null.json	wiki.data	Data_Recipes_GalacticraftMars_RocketT2RecipeHandler_null.json.html	
维基:data	Data_Recipes_GalacticraftMars_RocketT3RecipeHandler_null.json	wiki.data	Data_Recipes_GalacticraftMars_RocketT3RecipeHandler_null.json.html	
维基:data	Data_Recipes_GalaxySpace_AssemblyMachineRecipeHandler_null.json	wiki.data	Data_Recipes_GalaxySpace_AssemblyMachineRecipeHandler_null.json.html	
维基:data	Data_Recipes_GalaxySpace_RocketT4RecipeHandler_null.json	wiki.data	Data_Recipes_GalaxySpace_RocketT4RecipeHandler_null.json.html	
维基:data	Data_Recipes_GalaxySpace_RocketT5RecipeHandler_null.json	wiki.data	Data_Recipes_GalaxySpace_RocketT5RecipeHandler_null.json.html	
维基:data	Data_Recipes_GalaxySpace_RocketT6RecipeHandler_null.json	wiki.data	Data_Recipes_GalaxySpace_RocketT6RecipeHandler_null.json.html	
维基:data	Data_Recipes_GalaxySpace_RocketT7RecipeHandler_null.json	wiki.data	Data_Recipes_GalaxySpace_RocketT7RecipeHandler_null.json.html	
维基:data	Data_Recipes_GalaxySpace_RocketT8RecipeHandler_null.json	wiki.data	Data_Recipes_GalaxySpace_RocketT8RecipeHandler_null.json.html	
维基:data	Data_Recipes_Genetics_AcclimatiserRecipeHandler_acclimatiser.json	wiki.data	Data_Recipes_Genetics_AcclimatiserRecipeHandler_acclimatiser.json.html	
维基:data	Data_Recipes_Genetics_AnalyserRecipeHandler_analyser.json	wiki.data	Data_Recipes_Genetics_AnalyserRecipeHandler_analyser.json.html	
维基:data	Data_Recipes_Genetics_AnalyserRecipeHandler_analyser_1.json	wiki.data	Data_Recipes_Genetics_AnalyserRecipeHandler_analyser_1.json.html	
维基:data	Data_Recipes_Genetics_AnalyserRecipeHandler_analyser_2.json	wiki.data	Data_Recipes_Genetics_AnalyserRecipeHandler_analyser_2.json.html	
维基:data	Data_Recipes_Genetics_AnalyserRecipeHandler_analyser_3.json	wiki.data	Data_Recipes_Genetics_AnalyserRecipeHandler_analyser_3.json.html	
维基:data	Data_Recipes_Genetics_DatabaseRecipeHandler_database.json	wiki.data	Data_Recipes_Genetics_DatabaseRecipeHandler_database.json.html	
维基:data	Data_Recipes_Genetics_GenepoolRecipeHandler_genepool.json	wiki.data	Data_Recipes_Genetics_GenepoolRecipeHandler_genepool.json.html	
维基:data	Data_Recipes_Genetics_GenepoolRecipeHandler_genepool_1.json	wiki.data	Data_Recipes_Genetics_GenepoolRecipeHandler_genepool_1.json.html	
维基:data	Data_Recipes_Genetics_GenepoolRecipeHandler_genepool_2.json	wiki.data	Data_Recipes_Genetics_GenepoolRecipeHandler_genepool_2.json.html	
维基:data	Data_Recipes_Genetics_GenepoolRecipeHandler_genepool_3.json	wiki.data	Data_Recipes_Genetics_GenepoolRecipeHandler_genepool_3.json.html	
维基:data	Data_Recipes_Genetics_IncubatorRecipeHandler_incubator.json	wiki.data	Data_Recipes_Genetics_IncubatorRecipeHandler_incubator.json.html	
维基:data	Data_Recipes_Genetics_InoculatorRecipeHandler_inoculator.json	wiki.data	Data_Recipes_Genetics_InoculatorRecipeHandler_inoculator.json.html	
维基:data	Data_Recipes_Genetics_InoculatorRecipeHandler_inoculator_1.json	wiki.data	Data_Recipes_Genetics_InoculatorRecipeHandler_inoculator_1.json.html	
维基:data	Data_Recipes_Genetics_InoculatorRecipeHandler_inoculator_2.json	wiki.data	Data_Recipes_Genetics_InoculatorRecipeHandler_inoculator_2.json.html	
维基:data	Data_Recipes_Genetics_InoculatorRecipeHandler_inoculator_3.json	wiki.data	Data_Recipes_Genetics_InoculatorRecipeHandler_inoculator_3.json.html	
维基:data	Data_Recipes_Genetics_IsolatorRecipeHandler_isolator.json	wiki.data	Data_Recipes_Genetics_IsolatorRecipeHandler_isolator.json.html	
维基:data	Data_Recipes_Genetics_IsolatorRecipeHandler_isolator_1.json	wiki.data	Data_Recipes_Genetics_IsolatorRecipeHandler_isolator_1.json.html	
维基:data	Data_Recipes_Genetics_IsolatorRecipeHandler_isolator_2.json	wiki.data	Data_Recipes_Genetics_IsolatorRecipeHandler_isolator_2.json.html	
维基:data	Data_Recipes_Genetics_IsolatorRecipeHandler_isolator_3.json	wiki.data	Data_Recipes_Genetics_IsolatorRecipeHandler_isolator_3.json.html	
维基:data	Data_Recipes_Genetics_PolymeriserRecipeHandler_polymeriser.json	wiki.data	Data_Recipes_Genetics_PolymeriserRecipeHandler_polymeriser.json.html	
维基:data	Data_Recipes_Genetics_SequencerRecipeHandler_sequencer.json	wiki.data	Data_Recipes_Genetics_SequencerRecipeHandler_sequencer.json.html	
维基:data	Data_Recipes_Genetics_SplicerRecipeHandler_splicer.json	wiki.data	Data_Recipes_Genetics_SplicerRecipeHandler_splicer.json.html	
维基:data	Data_Recipes_Genetics_SplicerRecipeHandler_splicer_1.json	wiki.data	Data_Recipes_Genetics_SplicerRecipeHandler_splicer_1.json.html	
维基:data	Data_Recipes_Genetics_SplicerRecipeHandler_splicer_2.json	wiki.data	Data_Recipes_Genetics_SplicerRecipeHandler_splicer_2.json.html	
维基:data	Data_Recipes_Genetics_SplicerRecipeHandler_splicer_3.json	wiki.data	Data_Recipes_Genetics_SplicerRecipeHandler_splicer_3.json.html	
维基:data	Data_Recipes_GoodGenerator_GTNEIDefaultHandler_componentassemblyline.json	wiki.data	Data_Recipes_GoodGenerator_GTNEIDefaultHandler_componentassemblyline.json.html	
维基:data	Data_Recipes_GoodGenerator_GTNEIDefaultHandler_extreme_heat_exchanger.json	wiki.data	Data_Recipes_GoodGenerator_GTNEIDefaultHandler_extreme_heat_exchanger.json.html	
维基:data	Data_Recipes_GoodGenerator_GTNEIDefaultHandler_naquadah_fuel_refine_factory.json	wiki.data	Data_Recipes_GoodGenerator_GTNEIDefaultHandler_naquadah_fuel_refine_factory.json.html	
维基:data	Data_Recipes_GoodGenerator_GTNEIDefaultHandler_naquadah_reactor.json	wiki.data	Data_Recipes_GoodGenerator_GTNEIDefaultHandler_naquadah_reactor.json.html	
维基:data	Data_Recipes_GoodGenerator_GTNEIDefaultHandler_neutron_activator.json	wiki.data	Data_Recipes_GoodGenerator_GTNEIDefaultHandler_neutron_activator.json.html	
维基:data	Data_Recipes_GoodGenerator_GTNEIDefaultHandler_precise_assembler.json	wiki.data	Data_Recipes_GoodGenerator_GTNEIDefaultHandler_precise_assembler.json.html	
维基:data	Data_Recipes_IC2_AdvRecipeHandler_crafting.json	wiki.data	Data_Recipes_IC2_AdvRecipeHandler_crafting.json.html	
维基:data	Data_Recipes_IC2_AdvShapelessRecipeHandler_crafting.json	wiki.data	Data_Recipes_IC2_AdvShapelessRecipeHandler_crafting.json.html	
维基:data	Data_Recipes_IC2_BlastFurnaceRecipeHandler_blastfurnace.json	wiki.data	Data_Recipes_IC2_BlastFurnaceRecipeHandler_blastfurnace.json.html	
维基:data	Data_Recipes_IC2_BlockCutterRecipeHandler_BlockCutter.json	wiki.data	Data_Recipes_IC2_BlockCutterRecipeHandler_BlockCutter.json.html	
维基:data	Data_Recipes_IC2_CentrifugeRecipeHandler_centrifuge.json	wiki.data	Data_Recipes_IC2_CentrifugeRecipeHandler_centrifuge.json.html	
维基:data	Data_Recipes_IC2_CompressorRecipeHandler_compressor.json	wiki.data	Data_Recipes_IC2_CompressorRecipeHandler_compressor.json.html	
维基:data	Data_Recipes_IC2_ExtractorRecipeHandler_extractor.json	wiki.data	Data_Recipes_IC2_ExtractorRecipeHandler_extractor.json.html	
维基:data	Data_Recipes_IC2_FluidCannerRecipeHandler_fluidcanner.json	wiki.data	Data_Recipes_IC2_FluidCannerRecipeHandler_fluidcanner.json.html	
维基:data	Data_Recipes_IC2_LatheRecipeHandler_null.json	wiki.data	Data_Recipes_IC2_LatheRecipeHandler_null.json.html	
维基:data	Data_Recipes_IC2_MaceratorRecipeHandler_macerator.json	wiki.data	Data_Recipes_IC2_MaceratorRecipeHandler_macerator.json.html	
维基:data	Data_Recipes_IC2_MetalFormerRecipeHandlerCutting_metalformer.json	wiki.data	Data_Recipes_IC2_MetalFormerRecipeHandlerCutting_metalformer.json.html	
维基:data	Data_Recipes_IC2_MetalFormerRecipeHandlerExtruding_metalformer.json	wiki.data	Data_Recipes_IC2_MetalFormerRecipeHandlerExtruding_metalformer.json.html	
维基:data	Data_Recipes_IC2_MetalFormerRecipeHandlerRolling_metalformer.json	wiki.data	Data_Recipes_IC2_MetalFormerRecipeHandlerRolling_metalformer.json.html	
维基:data	Data_Recipes_IC2_OreWashingRecipeHandler_oreWashing.json	wiki.data	Data_Recipes_IC2_OreWashingRecipeHandler_oreWashing.json.html	
维基:data	Data_Recipes_IC2_ScrapboxRecipeHandler_null.json	wiki.data	Data_Recipes_IC2_ScrapboxRecipeHandler_null.json.html	
维基:data	Data_Recipes_IC2_SolidCannerRecipeHandler_solidcanner.json	wiki.data	Data_Recipes_IC2_SolidCannerRecipeHandler_solidcanner.json.html	
维基:data	Data_Recipes_Ic2Nei_NEIPlugin_null.json	wiki.data	Data_Recipes_Ic2Nei_NEIPlugin_null.json.html	
维基:data	Data_Recipes_OpenComputers_CallbackDocHandler_null.json	wiki.data	Data_Recipes_OpenComputers_CallbackDocHandler_null.json.html	
维基:data	Data_Recipes_OpenComputers_ManualUsageHandler_null.json	wiki.data	Data_Recipes_OpenComputers_ManualUsageHandler_null.json.html	
维基:data	Data_Recipes_ProjectBlue_NEIRecipeHandler_crafting.json	wiki.data	Data_Recipes_ProjectBlue_NEIRecipeHandler_crafting.json.html	
维基:data	Data_Recipes_Railcraft_RecipeHandlerBlastFurnace_null.json	wiki.data	Data_Recipes_Railcraft_RecipeHandlerBlastFurnace_null.json.html	
维基:data	Data_Recipes_Railcraft_RecipeHandlerCokeOven_null.json	wiki.data	Data_Recipes_Railcraft_RecipeHandlerCokeOven_null.json.html	
维基:data	Data_Recipes_Railcraft_RecipeHandlerRockCrusher_null.json	wiki.data	Data_Recipes_Railcraft_RecipeHandlerRockCrusher_null.json.html	
维基:data	Data_Recipes_Railcraft_RecipeHandlerRollingMachineShaped_null.json	wiki.data	Data_Recipes_Railcraft_RecipeHandlerRollingMachineShaped_null.json.html	
维基:data	Data_Recipes_Railcraft_RecipeHandlerRollingMachineShapeless_null.json	wiki.data	Data_Recipes_Railcraft_RecipeHandlerRollingMachineShapeless_null.json.html	
维基:data	Data_Recipes_RandomThings_ImbuingStationRecipeHandler_imbuing.json	wiki.data	Data_Recipes_RandomThings_ImbuingStationRecipeHandler_imbuing.json.html	
维基:data	Data_Recipes_TConstruct_RecipeHandlerAlloying_null.json	wiki.data	Data_Recipes_TConstruct_RecipeHandlerAlloying_null.json.html	
维基:data	Data_Recipes_TConstruct_RecipeHandlerCastingBasin_null.json	wiki.data	Data_Recipes_TConstruct_RecipeHandlerCastingBasin_null.json.html	
维基:data	Data_Recipes_TConstruct_RecipeHandlerCastingTable_null.json	wiki.data	Data_Recipes_TConstruct_RecipeHandlerCastingTable_null.json.html	
维基:data	Data_Recipes_TConstruct_RecipeHandlerDryingRack_null.json	wiki.data	Data_Recipes_TConstruct_RecipeHandlerDryingRack_null.json.html	
维基:data	Data_Recipes_TConstruct_RecipeHandlerMelting_null.json	wiki.data	Data_Recipes_TConstruct_RecipeHandlerMelting_null.json.html	
维基:data	Data_Recipes_TConstruct_RecipeHandlerToolMaterials_null.json	wiki.data	Data_Recipes_TConstruct_RecipeHandlerToolMaterials_null.json.html	
维基:data	Data_Recipes_Thaumcraft_ArcaneCraftingShapedHandler_arcaneshapedrecipes.json	wiki.data	Data_Recipes_Thaumcraft_ArcaneCraftingShapedHandler_arcaneshapedrecipes.json.html	
维基:data	Data_Recipes_Thaumcraft_ArcaneCraftingShapelessHandler_arcaneshapelessrecipes.json	wiki.data	Data_Recipes_Thaumcraft_ArcaneCraftingShapelessHandler_arcaneshapelessrecipes.json.html	
维基:data	Data_Recipes_Thaumcraft_AspectCombinationHandler_null.json	wiki.data	Data_Recipes_Thaumcraft_AspectCombinationHandler_null.json.html	
维基:data	Data_Recipes_Thaumcraft_TCNACrucibleRecipeHandler_cruciblerecipe.json	wiki.data	Data_Recipes_Thaumcraft_TCNACrucibleRecipeHandler_cruciblerecipe.json.html	
维基:data	Data_Recipes_Thaumcraft_TCNAInfusionRecipeHandler_infusionCrafting.json	wiki.data	Data_Recipes_Thaumcraft_TCNAInfusionRecipeHandler_infusionCrafting.json.html	
维基:data	Data_Recipes_Thaumcraft_TCNAInfusionRecipeHandler_infusionCrafting_1.json	wiki.data	Data_Recipes_Thaumcraft_TCNAInfusionRecipeHandler_infusionCrafting_1.json.html	
维基:data	Data_Recipes_Thaumcraft_TCNAInfusionRecipeHandler_infusionCrafting_2.json	wiki.data	Data_Recipes_Thaumcraft_TCNAInfusionRecipeHandler_infusionCrafting_2.json.html	
维基:data	Data_Recipes_Unknown_NEIRecipeInfoHandler_crafting.json	wiki.data	Data_Recipes_Unknown_NEIRecipeInfoHandler_crafting.json.html	
维基:data	Data_Recipes_Unknown_NEISolderingStationRecipeManager_crafting.json	wiki.data	Data_Recipes_Unknown_NEISolderingStationRecipeManager_crafting.json.html	
维基:data	Data_Recipes_Unknown_ProfilerRecipeHandler_null.json	wiki.data	Data_Recipes_Unknown_ProfilerRecipeHandler_null.json.html	
维基:data	Data_Recipes_WitcheryExtras_NEI_Handler_Cauldron_witchery_brewing_plus.json	wiki.data	Data_Recipes_WitcheryExtras_NEI_Handler_Cauldron_witchery_brewing_plus.json.html	
维基:data	Data_Recipes_WitcheryExtras_NEI_Handler_Distillery_witchery_distilling.json	wiki.data	Data_Recipes_WitcheryExtras_NEI_Handler_Distillery_witchery_distilling.json.html	
维基:data	Data_Recipes_WitcheryExtras_NEI_Handler_Kettle_witchery_brewing.json	wiki.data	Data_Recipes_WitcheryExtras_NEI_Handler_Kettle_witchery_brewing.json.html	
维基:data	Data_Recipes_WitcheryExtras_NEI_Handler_Oven_witchery_cooking.json	wiki.data	Data_Recipes_WitcheryExtras_NEI_Handler_Oven_witchery_cooking.json.html	
维基:data	Data_Recipes_WitcheryExtras_NEI_Handler_SpinningWheel_witchery_spinning.json	wiki.data	Data_Recipes_WitcheryExtras_NEI_Handler_SpinningWheel_witchery_spinning.json.html	
维基:data	Data_Recipes_WitchingGadgets_NEIInfernalBlastfurnaceHandler_wgInfernalBlastfurnace.json	wiki.data	Data_Recipes_WitchingGadgets_NEIInfernalBlastfurnaceHandler_wgInfernalBlastfurnace.json.html	
维基:data	Data_Recipes_WitchingGadgets_NEISpinningWheelHandler_wgSpinningWheel.json	wiki.data	Data_Recipes_WitchingGadgets_NEISpinningWheelHandler_wgSpinningWheel.json.html	
维基:data	Data_Recipes_appliedenergistics2_NEIAEShapedRecipeHandler_crafting.json	wiki.data	Data_Recipes_appliedenergistics2_NEIAEShapedRecipeHandler_crafting.json.html	
维基:data	Data_Recipes_appliedenergistics2_NEIAEShapelessRecipeHandler_crafting.json	wiki.data	Data_Recipes_appliedenergistics2_NEIAEShapelessRecipeHandler_crafting.json.html	
维基:data	Data_Recipes_appliedenergistics2_NEICellViewHandler_null.json	wiki.data	Data_Recipes_appliedenergistics2_NEICellViewHandler_null.json.html	
维基:data	Data_Recipes_appliedenergistics2_NEIFacadeRecipeHandler_AEFacadeCrafting.json	wiki.data	Data_Recipes_appliedenergistics2_NEIFacadeRecipeHandler_AEFacadeCrafting.json.html	
维基:data	Data_Recipes_appliedenergistics2_NEIInscriberRecipeHandler_inscriber.json	wiki.data	Data_Recipes_appliedenergistics2_NEIInscriberRecipeHandler_inscriber.json.html	
维基:data	Data_Recipes_appliedenergistics2_NEIPatternViewHandler_null.json	wiki.data	Data_Recipes_appliedenergistics2_NEIPatternViewHandler_null.json.html	
维基:data	Data_Recipes_appliedenergistics2_NEIWorldCraftingHandler_null.json	wiki.data	Data_Recipes_appliedenergistics2_NEIWorldCraftingHandler_null.json.html	
维基:data	Data_Recipes_bartworks_BioLabNEIHandler_biolab.json	wiki.data	Data_Recipes_bartworks_BioLabNEIHandler_biolab.json.html	
维基:data	Data_Recipes_bartworks_BioVatNEIHandler_BacteriaVat.json	wiki.data	Data_Recipes_bartworks_BioVatNEIHandler_BacteriaVat.json.html	
维基:data	Data_Recipes_bartworks_GTNEIDefaultHandler_acidgens.json	wiki.data	Data_Recipes_bartworks_GTNEIDefaultHandler_acidgens.json.html	
维基:data	Data_Recipes_bartworks_GTNEIDefaultHandler_cal.json	wiki.data	Data_Recipes_bartworks_GTNEIDefaultHandler_cal.json.html	
维基:data	Data_Recipes_bartworks_GTNEIDefaultHandler_electricimplosioncompressor.json	wiki.data	Data_Recipes_bartworks_GTNEIDefaultHandler_electricimplosioncompressor.json.html	
维基:data	Data_Recipes_bartworks_GTNEIDefaultHandler_radhatch.json	wiki.data	Data_Recipes_bartworks_GTNEIDefaultHandler_radhatch.json.html	
维基:data	Data_Recipes_bq_standard_QuestRecipeHandler_bq_quest.json	wiki.data	Data_Recipes_bq_standard_QuestRecipeHandler_bq_quest.json.html	
维基:data	Data_Recipes_chisel_RecipeHandlerChisel_null.json	wiki.data	Data_Recipes_chisel_RecipeHandlerChisel_null.json.html	
维基:data	Data_Recipes_dreamcraft_GTNEIDefaultHandler_spaceAssembler.json	wiki.data	Data_Recipes_dreamcraft_GTNEIDefaultHandler_spaceAssembler.json.html	
维基:data	Data_Recipes_dreamcraft_GTNEIDefaultHandler_spaceMining.json	wiki.data	Data_Recipes_dreamcraft_GTNEIDefaultHandler_spaceMining.json.html	
维基:data	Data_Recipes_dreamcraft_GTNEIDefaultHandler_spaceResearch.json	wiki.data	Data_Recipes_dreamcraft_GTNEIDefaultHandler_spaceResearch.json.html	
维基:data	Data_Recipes_enhancedlootbags_enhancedlootbags_enhancedlootbags.json	wiki.data	Data_Recipes_enhancedlootbags_enhancedlootbags_enhancedlootbags.json.html	
维基:data	Data_Recipes_etfuturum_BannerPatternHandler_crafting.json	wiki.data	Data_Recipes_etfuturum_BannerPatternHandler_crafting.json.html	
维基:data	Data_Recipes_etfuturum_BlastFurnaceRecipeHandler_blastfurnace.json	wiki.data	Data_Recipes_etfuturum_BlastFurnaceRecipeHandler_blastfurnace.json.html	
维基:data	Data_Recipes_etfuturum_SmokerRecipeHandler_smoker.json	wiki.data	Data_Recipes_etfuturum_SmokerRecipeHandler_smoker.json.html	
维基:data	Data_Recipes_gendustry_ExtractorHandler_null.json	wiki.data	Data_Recipes_gendustry_ExtractorHandler_null.json.html	
维基:data	Data_Recipes_gendustry_ImprinterHandler_null.json	wiki.data	Data_Recipes_gendustry_ImprinterHandler_null.json.html	
维基:data	Data_Recipes_gendustry_LiquifierHandler_null.json	wiki.data	Data_Recipes_gendustry_LiquifierHandler_null.json.html	
维基:data	Data_Recipes_gendustry_MutagenProducerHandler_null.json	wiki.data	Data_Recipes_gendustry_MutagenProducerHandler_null.json.html	
维基:data	Data_Recipes_gendustry_MutatronHandler_null.json	wiki.data	Data_Recipes_gendustry_MutatronHandler_null.json.html	
维基:data	Data_Recipes_gendustry_ReplicatorHandler_null.json	wiki.data	Data_Recipes_gendustry_ReplicatorHandler_null.json.html	
维基:data	Data_Recipes_gendustry_SamplerHandler_null.json	wiki.data	Data_Recipes_gendustry_SamplerHandler_null.json.html	
维基:data	Data_Recipes_gendustry_TemplateCraftingHandler_crafting.json	wiki.data	Data_Recipes_gendustry_TemplateCraftingHandler_crafting.json.html	
维基:data	Data_Recipes_gendustry_TransposerHandler_null.json	wiki.data	Data_Recipes_gendustry_TransposerHandler_null.json.html	
维基:data	Data_Recipes_gregtech_GTNEIDefaultHandler_abs_non_alloy_recipes.json	wiki.data	Data_Recipes_gregtech_GTNEIDefaultHandler_abs_non_alloy_recipes.json.html	
维基:data	Data_Recipes_gregtech_GTNEIDefaultHandler_alloy_smelter_molding.json	wiki.data	Data_Recipes_gregtech_GTNEIDefaultHandler_alloy_smelter_molding.json.html	
维基:data	Data_Recipes_gregtech_GTNEIDefaultHandler_alloy_smelter_recycling_1.json	wiki.data	Data_Recipes_gregtech_GTNEIDefaultHandler_alloy_smelter_recycling_1.json.html	
维基:data	Data_Recipes_gregtech_GTNEIDefaultHandler_alloy_smelter_recycling_2.json	wiki.data	Data_Recipes_gregtech_GTNEIDefaultHandler_alloy_smelter_recycling_2.json.html	
维基:data	Data_Recipes_gregtech_GTNEIDefaultHandler_alloysmelter.json	wiki.data	Data_Recipes_gregtech_GTNEIDefaultHandler_alloysmelter.json.html	
维基:data	Data_Recipes_gregtech_GTNEIDefaultHandler_arc_furnace_recycling_1.json	wiki.data	Data_Recipes_gregtech_GTNEIDefaultHandler_arc_furnace_recycling_1.json.html	
维基:data	Data_Recipes_gregtech_GTNEIDefaultHandler_arc_furnace_recycling_2.json	wiki.data	Data_Recipes_gregtech_GTNEIDefaultHandler_arc_furnace_recycling_2.json.html	
维基:data	Data_Recipes_gregtech_GTNEIDefaultHandler_arc_furnace_recycling_3.json	wiki.data	Data_Recipes_gregtech_GTNEIDefaultHandler_arc_furnace_recycling_3.json.html	
维基:data	Data_Recipes_gregtech_GTNEIDefaultHandler_arcfurnace.json	wiki.data	Data_Recipes_gregtech_GTNEIDefaultHandler_arcfurnace.json.html	
维基:data	Data_Recipes_gregtech_GTNEIDefaultHandler_assembler_1.json	wiki.data	Data_Recipes_gregtech_GTNEIDefaultHandler_assembler_1.json.html	
维基:data	Data_Recipes_gregtech_GTNEIDefaultHandler_assembler_2.json	wiki.data	Data_Recipes_gregtech_GTNEIDefaultHandler_assembler_2.json.html	
维基:data	Data_Recipes_gregtech_GTNEIDefaultHandler_assembler_3.json	wiki.data	Data_Recipes_gregtech_GTNEIDefaultHandler_assembler_3.json.html	
维基:data	Data_Recipes_gregtech_GTNEIDefaultHandler_autoclave.json	wiki.data	Data_Recipes_gregtech_GTNEIDefaultHandler_autoclave.json.html	
维基:data	Data_Recipes_gregtech_GTNEIDefaultHandler_blastfurnace.json	wiki.data	Data_Recipes_gregtech_GTNEIDefaultHandler_blastfurnace.json.html	
维基:data	Data_Recipes_gregtech_GTNEIDefaultHandler_brewer.json	wiki.data	Data_Recipes_gregtech_GTNEIDefaultHandler_brewer.json.html	
维基:data	Data_Recipes_gregtech_GTNEIDefaultHandler_cable.json	wiki.data	Data_Recipes_gregtech_GTNEIDefaultHandler_cable.json.html	
维基:data	Data_Recipes_gregtech_GTNEIDefaultHandler_canner.json	wiki.data	Data_Recipes_gregtech_GTNEIDefaultHandler_canner.json.html	
维基:data	Data_Recipes_gregtech_GTNEIDefaultHandler_cauldron.json	wiki.data	Data_Recipes_gregtech_GTNEIDefaultHandler_cauldron.json.html	
维基:data	Data_Recipes_gregtech_GTNEIDefaultHandler_centrifuge.json	wiki.data	Data_Recipes_gregtech_GTNEIDefaultHandler_centrifuge.json.html	
维基:data	Data_Recipes_gregtech_GTNEIDefaultHandler_chemicalbath.json	wiki.data	Data_Recipes_gregtech_GTNEIDefaultHandler_chemicalbath.json.html	
维基:data	Data_Recipes_gregtech_GTNEIDefaultHandler_chemicalreactor.json	wiki.data	Data_Recipes_gregtech_GTNEIDefaultHandler_chemicalreactor.json.html	
维基:data	Data_Recipes_gregtech_GTNEIDefaultHandler_circuitassembler.json	wiki.data	Data_Recipes_gregtech_GTNEIDefaultHandler_circuitassembler.json.html	
维基:data	Data_Recipes_gregtech_GTNEIDefaultHandler_cokeoven.json	wiki.data	Data_Recipes_gregtech_GTNEIDefaultHandler_cokeoven.json.html	
维基:data	Data_Recipes_gregtech_GTNEIDefaultHandler_compressor.json	wiki.data	Data_Recipes_gregtech_GTNEIDefaultHandler_compressor.json.html	
维基:data	Data_Recipes_gregtech_GTNEIDefaultHandler_craker.json	wiki.data	Data_Recipes_gregtech_GTNEIDefaultHandler_craker.json.html	
维基:data	Data_Recipes_gregtech_GTNEIDefaultHandler_cuttingsaw_1.json	wiki.data	Data_Recipes_gregtech_GTNEIDefaultHandler_cuttingsaw_1.json.html	
维基:data	Data_Recipes_gregtech_GTNEIDefaultHandler_cuttingsaw_2.json	wiki.data	Data_Recipes_gregtech_GTNEIDefaultHandler_cuttingsaw_2.json.html	
维基:data	Data_Recipes_gregtech_GTNEIDefaultHandler_dieselgeneratorfuel.json	wiki.data	Data_Recipes_gregtech_GTNEIDefaultHandler_dieselgeneratorfuel.json.html	
维基:data	Data_Recipes_gregtech_GTNEIDefaultHandler_distillationtower.json	wiki.data	Data_Recipes_gregtech_GTNEIDefaultHandler_distillationtower.json.html	
维基:data	Data_Recipes_gregtech_GTNEIDefaultHandler_distillery.json	wiki.data	Data_Recipes_gregtech_GTNEIDefaultHandler_distillery.json.html	
维基:data	Data_Recipes_gregtech_GTNEIDefaultHandler_electrolyzer.json	wiki.data	Data_Recipes_gregtech_GTNEIDefaultHandler_electrolyzer.json.html	
维基:data	Data_Recipes_gregtech_GTNEIDefaultHandler_electromagneticseparator.json	wiki.data	Data_Recipes_gregtech_GTNEIDefaultHandler_electromagneticseparator.json.html	
维基:data	Data_Recipes_gregtech_GTNEIDefaultHandler_entropic-processing.json	wiki.data	Data_Recipes_gregtech_GTNEIDefaultHandler_entropic-processing.json.html	
维基:data	Data_Recipes_gregtech_GTNEIDefaultHandler_extractor.json	wiki.data	Data_Recipes_gregtech_GTNEIDefaultHandler_extractor.json.html	
维基:data	Data_Recipes_gregtech_GTNEIDefaultHandler_extrahugenaquadahreactor.json	wiki.data	Data_Recipes_gregtech_GTNEIDefaultHandler_extrahugenaquadahreactor.json.html	
维基:data	Data_Recipes_gregtech_GTNEIDefaultHandler_extremedieselgeneratorfuel.json	wiki.data	Data_Recipes_gregtech_GTNEIDefaultHandler_extremedieselgeneratorfuel.json.html	
维基:data	Data_Recipes_gregtech_GTNEIDefaultHandler_extruder.json	wiki.data	Data_Recipes_gregtech_GTNEIDefaultHandler_extruder.json.html	
维基:data	Data_Recipes_gregtech_GTNEIDefaultHandler_fakeAssemblylineProcess.json	wiki.data	Data_Recipes_gregtech_GTNEIDefaultHandler_fakeAssemblylineProcess.json.html	
维基:data	Data_Recipes_gregtech_GTNEIDefaultHandler_fakespaceprojects.json	wiki.data	Data_Recipes_gregtech_GTNEIDefaultHandler_fakespaceprojects.json.html	
维基:data	Data_Recipes_gregtech_GTNEIDefaultHandler_fermenter.json	wiki.data	Data_Recipes_gregtech_GTNEIDefaultHandler_fermenter.json.html	
维基:data	Data_Recipes_gregtech_GTNEIDefaultHandler_fluid_extractor_recycling_1.json	wiki.data	Data_Recipes_gregtech_GTNEIDefaultHandler_fluid_extractor_recycling_1.json.html	
维基:data	Data_Recipes_gregtech_GTNEIDefaultHandler_fluid_extractor_recycling_2.json	wiki.data	Data_Recipes_gregtech_GTNEIDefaultHandler_fluid_extractor_recycling_2.json.html	
维基:data	Data_Recipes_gregtech_GTNEIDefaultHandler_fluidcanner.json	wiki.data	Data_Recipes_gregtech_GTNEIDefaultHandler_fluidcanner.json.html	
维基:data	Data_Recipes_gregtech_GTNEIDefaultHandler_fluidextractor.json	wiki.data	Data_Recipes_gregtech_GTNEIDefaultHandler_fluidextractor.json.html	
维基:data	Data_Recipes_gregtech_GTNEIDefaultHandler_fluidheater.json	wiki.data	Data_Recipes_gregtech_GTNEIDefaultHandler_fluidheater.json.html	
维基:data	Data_Recipes_gregtech_GTNEIDefaultHandler_fluidnaquadahreactor.json	wiki.data	Data_Recipes_gregtech_GTNEIDefaultHandler_fluidnaquadahreactor.json.html	
维基:data	Data_Recipes_gregtech_GTNEIDefaultHandler_fluidsolidifier.json	wiki.data	Data_Recipes_gregtech_GTNEIDefaultHandler_fluidsolidifier.json.html	
维基:data	Data_Recipes_gregtech_GTNEIDefaultHandler_forge_hammer_recycling.json	wiki.data	Data_Recipes_gregtech_GTNEIDefaultHandler_forge_hammer_recycling.json.html	
维基:data	Data_Recipes_gregtech_GTNEIDefaultHandler_fusionreactor.json	wiki.data	Data_Recipes_gregtech_GTNEIDefaultHandler_fusionreactor.json.html	
维基:data	Data_Recipes_gregtech_GTNEIDefaultHandler_gasturbinefuel.json	wiki.data	Data_Recipes_gregtech_GTNEIDefaultHandler_gasturbinefuel.json.html	
维基:data	Data_Recipes_gregtech_GTNEIDefaultHandler_hammer_1.json	wiki.data	Data_Recipes_gregtech_GTNEIDefaultHandler_hammer_1.json.html	
维基:data	Data_Recipes_gregtech_GTNEIDefaultHandler_hammer_2.json	wiki.data	Data_Recipes_gregtech_GTNEIDefaultHandler_hammer_2.json.html	
维基:data	Data_Recipes_gregtech_GTNEIDefaultHandler_hugenaquadahreactor.json	wiki.data	Data_Recipes_gregtech_GTNEIDefaultHandler_hugenaquadahreactor.json.html	
维基:data	Data_Recipes_gregtech_GTNEIDefaultHandler_ic2nuke.json	wiki.data	Data_Recipes_gregtech_GTNEIDefaultHandler_ic2nuke.json.html	
维基:data	Data_Recipes_gregtech_GTNEIDefaultHandler_implosioncompressor.json	wiki.data	Data_Recipes_gregtech_GTNEIDefaultHandler_implosioncompressor.json.html	
维基:data	Data_Recipes_gregtech_GTNEIDefaultHandler_isotope-decay.json	wiki.data	Data_Recipes_gregtech_GTNEIDefaultHandler_isotope-decay.json.html	
维基:data	Data_Recipes_gregtech_GTNEIDefaultHandler_largeboilerfakefuels.json	wiki.data	Data_Recipes_gregtech_GTNEIDefaultHandler_largeboilerfakefuels.json.html	
维基:data	Data_Recipes_gregtech_GTNEIDefaultHandler_largechemicalreactor.json	wiki.data	Data_Recipes_gregtech_GTNEIDefaultHandler_largechemicalreactor.json.html	
维基:data	Data_Recipes_gregtech_GTNEIDefaultHandler_largenaquadahreactor.json	wiki.data	Data_Recipes_gregtech_GTNEIDefaultHandler_largenaquadahreactor.json.html	
维基:data	Data_Recipes_gregtech_GTNEIDefaultHandler_laserengraver.json	wiki.data	Data_Recipes_gregtech_GTNEIDefaultHandler_laserengraver.json.html	
维基:data	Data_Recipes_gregtech_GTNEIDefaultHandler_lathe.json	wiki.data	Data_Recipes_gregtech_GTNEIDefaultHandler_lathe.json.html	
维基:data	Data_Recipes_gregtech_GTNEIDefaultHandler_macerator_1.json	wiki.data	Data_Recipes_gregtech_GTNEIDefaultHandler_macerator_1.json.html	
维基:data	Data_Recipes_gregtech_GTNEIDefaultHandler_macerator_2.json	wiki.data	Data_Recipes_gregtech_GTNEIDefaultHandler_macerator_2.json.html	
维基:data	Data_Recipes_gregtech_GTNEIDefaultHandler_macerator_3.json	wiki.data	Data_Recipes_gregtech_GTNEIDefaultHandler_macerator_3.json.html	
维基:data	Data_Recipes_gregtech_GTNEIDefaultHandler_macerator_4.json	wiki.data	Data_Recipes_gregtech_GTNEIDefaultHandler_macerator_4.json.html	
维基:data	Data_Recipes_gregtech_GTNEIDefaultHandler_macerator_recycling_1.json	wiki.data	Data_Recipes_gregtech_GTNEIDefaultHandler_macerator_recycling_1.json.html	
维基:data	Data_Recipes_gregtech_GTNEIDefaultHandler_macerator_recycling_2.json	wiki.data	Data_Recipes_gregtech_GTNEIDefaultHandler_macerator_recycling_2.json.html	
维基:data	Data_Recipes_gregtech_GTNEIDefaultHandler_magicfuels.json	wiki.data	Data_Recipes_gregtech_GTNEIDefaultHandler_magicfuels.json.html	
维基:data	Data_Recipes_gregtech_GTNEIDefaultHandler_massfab.json	wiki.data	Data_Recipes_gregtech_GTNEIDefaultHandler_massfab.json.html	
维基:data	Data_Recipes_gregtech_GTNEIDefaultHandler_metalbender.json	wiki.data	Data_Recipes_gregtech_GTNEIDefaultHandler_metalbender.json.html	
维基:data	Data_Recipes_gregtech_GTNEIDefaultHandler_mixer.json	wiki.data	Data_Recipes_gregtech_GTNEIDefaultHandler_mixer.json.html	
维基:data	Data_Recipes_gregtech_GTNEIDefaultHandler_nanoforge.json	wiki.data	Data_Recipes_gregtech_GTNEIDefaultHandler_nanoforge.json.html	
维基:data	Data_Recipes_gregtech_GTNEIDefaultHandler_neutroniumcompressor.json	wiki.data	Data_Recipes_gregtech_GTNEIDefaultHandler_neutroniumcompressor.json.html	
维基:data	Data_Recipes_gregtech_GTNEIDefaultHandler_orewasher.json	wiki.data	Data_Recipes_gregtech_GTNEIDefaultHandler_orewasher.json.html	
维基:data	Data_Recipes_gregtech_GTNEIDefaultHandler_packager.json	wiki.data	Data_Recipes_gregtech_GTNEIDefaultHandler_packager.json.html	
维基:data	Data_Recipes_gregtech_GTNEIDefaultHandler_pcbfactory.json	wiki.data	Data_Recipes_gregtech_GTNEIDefaultHandler_pcbfactory.json.html	
维基:data	Data_Recipes_gregtech_GTNEIDefaultHandler_plasmaarcfurnace.json	wiki.data	Data_Recipes_gregtech_GTNEIDefaultHandler_plasmaarcfurnace.json.html	
维基:data	Data_Recipes_gregtech_GTNEIDefaultHandler_plasmaforge.json	wiki.data	Data_Recipes_gregtech_GTNEIDefaultHandler_plasmaforge.json.html	
维基:data	Data_Recipes_gregtech_GTNEIDefaultHandler_plasmageneratorfuels.json	wiki.data	Data_Recipes_gregtech_GTNEIDefaultHandler_plasmageneratorfuels.json.html	
维基:data	Data_Recipes_gregtech_GTNEIDefaultHandler_polarizer.json	wiki.data	Data_Recipes_gregtech_GTNEIDefaultHandler_polarizer.json.html	
维基:data	Data_Recipes_gregtech_GTNEIDefaultHandler_press.json	wiki.data	Data_Recipes_gregtech_GTNEIDefaultHandler_press.json.html	
维基:data	Data_Recipes_gregtech_GTNEIDefaultHandler_primitiveblastfurnace.json	wiki.data	Data_Recipes_gregtech_GTNEIDefaultHandler_primitiveblastfurnace.json.html	
维基:data	Data_Recipes_gregtech_GTNEIDefaultHandler_printer.json	wiki.data	Data_Recipes_gregtech_GTNEIDefaultHandler_printer.json.html	
维基:data	Data_Recipes_gregtech_GTNEIDefaultHandler_purificationplantclarifier.json	wiki.data	Data_Recipes_gregtech_GTNEIDefaultHandler_purificationplantclarifier.json.html	
维基:data	Data_Recipes_gregtech_GTNEIDefaultHandler_purificationplantdegasifier.json	wiki.data	Data_Recipes_gregtech_GTNEIDefaultHandler_purificationplantdegasifier.json.html	
维基:data	Data_Recipes_gregtech_GTNEIDefaultHandler_purificationplantflocculation.json	wiki.data	Data_Recipes_gregtech_GTNEIDefaultHandler_purificationplantflocculation.json.html	
维基:data	Data_Recipes_gregtech_GTNEIDefaultHandler_purificationplantozonation.json	wiki.data	Data_Recipes_gregtech_GTNEIDefaultHandler_purificationplantozonation.json.html	
维基:data	Data_Recipes_gregtech_GTNEIDefaultHandler_purificationplantphadjustment.json	wiki.data	Data_Recipes_gregtech_GTNEIDefaultHandler_purificationplantphadjustment.json.html	
维基:data	Data_Recipes_gregtech_GTNEIDefaultHandler_purificationplantplasmaheating.json	wiki.data	Data_Recipes_gregtech_GTNEIDefaultHandler_purificationplantplasmaheating.json.html	
维基:data	Data_Recipes_gregtech_GTNEIDefaultHandler_purificationplantquarkextractor.json	wiki.data	Data_Recipes_gregtech_GTNEIDefaultHandler_purificationplantquarkextractor.json.html	
维基:data	Data_Recipes_gregtech_GTNEIDefaultHandler_purificationplantuvtreatment.json	wiki.data	Data_Recipes_gregtech_GTNEIDefaultHandler_purificationplantuvtreatment.json.html	
维基:data	Data_Recipes_gregtech_GTNEIDefaultHandler_pyro.json	wiki.data	Data_Recipes_gregtech_GTNEIDefaultHandler_pyro.json.html	
维基:data	Data_Recipes_gregtech_GTNEIDefaultHandler_quantumcomputer.json	wiki.data	Data_Recipes_gregtech_GTNEIDefaultHandler_quantumcomputer.json.html	
维基:data	Data_Recipes_gregtech_GTNEIDefaultHandler_replicator.json	wiki.data	Data_Recipes_gregtech_GTNEIDefaultHandler_replicator.json.html	
维基:data	Data_Recipes_gregtech_GTNEIDefaultHandler_rockbreaker.json	wiki.data	Data_Recipes_gregtech_GTNEIDefaultHandler_rockbreaker.json.html	
维基:data	Data_Recipes_gregtech_GTNEIDefaultHandler_scanner.json	wiki.data	Data_Recipes_gregtech_GTNEIDefaultHandler_scanner.json.html	
维基:data	Data_Recipes_gregtech_GTNEIDefaultHandler_sifter.json	wiki.data	Data_Recipes_gregtech_GTNEIDefaultHandler_sifter.json.html	
维基:data	Data_Recipes_gregtech_GTNEIDefaultHandler_slicer.json	wiki.data	Data_Recipes_gregtech_GTNEIDefaultHandler_slicer.json.html	
维基:data	Data_Recipes_gregtech_GTNEIDefaultHandler_smallnaquadahreactor.json	wiki.data	Data_Recipes_gregtech_GTNEIDefaultHandler_smallnaquadahreactor.json.html	
维基:data	Data_Recipes_gregtech_GTNEIDefaultHandler_solarfactory.json	wiki.data	Data_Recipes_gregtech_GTNEIDefaultHandler_solarfactory.json.html	
维基:data	Data_Recipes_gregtech_GTNEIDefaultHandler_thermalcentrifuge.json	wiki.data	Data_Recipes_gregtech_GTNEIDefaultHandler_thermalcentrifuge.json.html	
维基:data	Data_Recipes_gregtech_GTNEIDefaultHandler_thermalgeneratorfuel.json	wiki.data	Data_Recipes_gregtech_GTNEIDefaultHandler_thermalgeneratorfuel.json.html	
维基:data	Data_Recipes_gregtech_GTNEIDefaultHandler_tic_bolt_molding_8.json	wiki.data	Data_Recipes_gregtech_GTNEIDefaultHandler_tic_bolt_molding_8.json.html	
维基:data	Data_Recipes_gregtech_GTNEIDefaultHandler_tic_part_extruding_3.json	wiki.data	Data_Recipes_gregtech_GTNEIDefaultHandler_tic_part_extruding_3.json.html	
维基:data	Data_Recipes_gregtech_GTNEIDefaultHandler_toolcast.json	wiki.data	Data_Recipes_gregtech_GTNEIDefaultHandler_toolcast.json.html	
维基:data	Data_Recipes_gregtech_GTNEIDefaultHandler_transcendentplasmamixerrecipes.json	wiki.data	Data_Recipes_gregtech_GTNEIDefaultHandler_transcendentplasmamixerrecipes.json.html	
维基:data	Data_Recipes_gregtech_GTNEIDefaultHandler_unpackager.json	wiki.data	Data_Recipes_gregtech_GTNEIDefaultHandler_unpackager.json.html	
维基:data	Data_Recipes_gregtech_GTNEIDefaultHandler_uuamplifier.json	wiki.data	Data_Recipes_gregtech_GTNEIDefaultHandler_uuamplifier.json.html	
维基:data	Data_Recipes_gregtech_GTNEIDefaultHandler_vacuumfreezer.json	wiki.data	Data_Recipes_gregtech_GTNEIDefaultHandler_vacuumfreezer.json.html	
维基:data	Data_Recipes_gregtech_GTNEIDefaultHandler_wiremill.json	wiki.data	Data_Recipes_gregtech_GTNEIDefaultHandler_wiremill.json.html	
维基:data	Data_Recipes_gregtech_GTNEIImprintHandler_cal-imprinting.json	wiki.data	Data_Recipes_gregtech_GTNEIImprintHandler_cal-imprinting.json.html	
维基:data	Data_Recipes_gtneioreplugin_PluginGT5SmallOreStat_null.json	wiki.data	Data_Recipes_gtneioreplugin_PluginGT5SmallOreStat_null.json.html	
维基:data	Data_Recipes_gtneioreplugin_PluginGT5UndergroundFluid_null.json	wiki.data	Data_Recipes_gtneioreplugin_PluginGT5UndergroundFluid_null.json.html	
维基:data	Data_Recipes_gtneioreplugin_PluginGT5VeinStat_null.json	wiki.data	Data_Recipes_gtneioreplugin_PluginGT5VeinStat_null.json.html	
维基:data	Data_Recipes_gtnhintergalactic_GasSiphonRecipeHandler_null.json	wiki.data	Data_Recipes_gtnhintergalactic_GasSiphonRecipeHandler_null.json.html	
维基:data	Data_Recipes_gtnhintergalactic_SpacePumpModuleRecipeHandler_null.json	wiki.data	Data_Recipes_gtnhintergalactic_SpacePumpModuleRecipeHandler_null.json.html	
维基:data	Data_Recipes_gtnhlanth_GTNEIDefaultHandler_digester.json	wiki.data	Data_Recipes_gtnhlanth_GTNEIDefaultHandler_digester.json.html	
维基:data	Data_Recipes_gtnhlanth_GTNEIDefaultHandler_disstank.json	wiki.data	Data_Recipes_gtnhlanth_GTNEIDefaultHandler_disstank.json.html	
维基:data	Data_Recipes_gtnhlanth_GTNEIDefaultHandler_sc.json	wiki.data	Data_Recipes_gtnhlanth_GTNEIDefaultHandler_sc.json.html	
维基:data	Data_Recipes_gtnhlanth_GTNEIDefaultHandler_tc.json	wiki.data	Data_Recipes_gtnhlanth_GTNEIDefaultHandler_tc.json.html	
维基:data	Data_Recipes_harvestcraft_AnimalTrapRecipeHandler_harvestcraftAnimalTrapDrops.json	wiki.data	Data_Recipes_harvestcraft_AnimalTrapRecipeHandler_harvestcraftAnimalTrapDrops.json.html	
维基:data	Data_Recipes_harvestcraft_FishTrapRecipeHandler_harvestcraftFishTrapDrops.json	wiki.data	Data_Recipes_harvestcraft_FishTrapRecipeHandler_harvestcraftFishTrapDrops.json.html	
维基:data	Data_Recipes_harvestcraft_GardenRecipeHandler_harvestcraftGardenDrops.json	wiki.data	Data_Recipes_harvestcraft_GardenRecipeHandler_harvestcraftGardenDrops.json.html	
维基:data	Data_Recipes_kubatech_GTNEIDefaultHandler_defusioncrafter.json	wiki.data	Data_Recipes_kubatech_GTNEIDefaultHandler_defusioncrafter.json.html	
维基:data	Data_Recipes_kubatech_GTNEIDefaultHandler_htgrrecipes.json	wiki.data	Data_Recipes_kubatech_GTNEIDefaultHandler_htgrrecipes.json.html	
维基:data	Data_Recipes_matter-manipulator_UpdateRecipeNEIHandler_upgrades.json	wiki.data	Data_Recipes_matter-manipulator_UpdateRecipeNEIHandler_upgrades.json.html	
维基:data	Data_Recipes_minecraft_BrewingRecipeHandler_brewing.json	wiki.data	Data_Recipes_minecraft_BrewingRecipeHandler_brewing.json.html	
维基:data	Data_Recipes_minecraft_FireworkRecipeHandler_crafting.json	wiki.data	Data_Recipes_minecraft_FireworkRecipeHandler_crafting.json.html	
维基:data	Data_Recipes_minecraft_FuelRecipeHandler_fuel.json	wiki.data	Data_Recipes_minecraft_FuelRecipeHandler_fuel.json.html	
维基:data	Data_Recipes_minecraft_FurnaceRecipeHandler_smelting.json	wiki.data	Data_Recipes_minecraft_FurnaceRecipeHandler_smelting.json.html	
维基:data	Data_Recipes_minecraft_RecipeHandlerFluidRegistry_null.json	wiki.data	Data_Recipes_minecraft_RecipeHandlerFluidRegistry_null.json.html	
维基:data	Data_Recipes_minecraft_RecipeHandlerOreDictionary_null.json	wiki.data	Data_Recipes_minecraft_RecipeHandlerOreDictionary_null.json.html	
维基:data	Data_Recipes_minecraft_ShapedRecipeHandler_crafting_1.json	wiki.data	Data_Recipes_minecraft_ShapedRecipeHandler_crafting_1.json.html	
维基:data	Data_Recipes_minecraft_ShapedRecipeHandler_crafting_10.json	wiki.data	Data_Recipes_minecraft_ShapedRecipeHandler_crafting_10.json.html	
维基:data	Data_Recipes_minecraft_ShapedRecipeHandler_crafting_11.json	wiki.data	Data_Recipes_minecraft_ShapedRecipeHandler_crafting_11.json.html	
维基:data	Data_Recipes_minecraft_ShapedRecipeHandler_crafting_12.json	wiki.data	Data_Recipes_minecraft_ShapedRecipeHandler_crafting_12.json.html	
维基:data	Data_Recipes_minecraft_ShapedRecipeHandler_crafting_13.json	wiki.data	Data_Recipes_minecraft_ShapedRecipeHandler_crafting_13.json.html	
维基:data	Data_Recipes_minecraft_ShapedRecipeHandler_crafting_14.json	wiki.data	Data_Recipes_minecraft_ShapedRecipeHandler_crafting_14.json.html	
维基:data	Data_Recipes_minecraft_ShapedRecipeHandler_crafting_15.json	wiki.data	Data_Recipes_minecraft_ShapedRecipeHandler_crafting_15.json.html	
维基:data	Data_Recipes_minecraft_ShapedRecipeHandler_crafting_16.json	wiki.data	Data_Recipes_minecraft_ShapedRecipeHandler_crafting_16.json.html	
维基:data	Data_Recipes_minecraft_ShapedRecipeHandler_crafting_17.json	wiki.data	Data_Recipes_minecraft_ShapedRecipeHandler_crafting_17.json.html	
维基:data	Data_Recipes_minecraft_ShapedRecipeHandler_crafting_2.json	wiki.data	Data_Recipes_minecraft_ShapedRecipeHandler_crafting_2.json.html	
维基:data	Data_Recipes_minecraft_ShapedRecipeHandler_crafting_3.json	wiki.data	Data_Recipes_minecraft_ShapedRecipeHandler_crafting_3.json.html	
维基:data	Data_Recipes_minecraft_ShapedRecipeHandler_crafting_4.json	wiki.data	Data_Recipes_minecraft_ShapedRecipeHandler_crafting_4.json.html	
维基:data	Data_Recipes_minecraft_ShapedRecipeHandler_crafting_5.json	wiki.data	Data_Recipes_minecraft_ShapedRecipeHandler_crafting_5.json.html	
维基:data	Data_Recipes_minecraft_ShapedRecipeHandler_crafting_6.json	wiki.data	Data_Recipes_minecraft_ShapedRecipeHandler_crafting_6.json.html	
维基:data	Data_Recipes_minecraft_ShapedRecipeHandler_crafting_7.json	wiki.data	Data_Recipes_minecraft_ShapedRecipeHandler_crafting_7.json.html	
维基:data	Data_Recipes_minecraft_ShapedRecipeHandler_crafting_8.json	wiki.data	Data_Recipes_minecraft_ShapedRecipeHandler_crafting_8.json.html	
维基:data	Data_Recipes_minecraft_ShapedRecipeHandler_crafting_9.json	wiki.data	Data_Recipes_minecraft_ShapedRecipeHandler_crafting_9.json.html	
维基:data	Data_Recipes_minecraft_ShapelessRecipeHandler_crafting.json	wiki.data	Data_Recipes_minecraft_ShapelessRecipeHandler_crafting.json.html	
维基:data	Data_Recipes_minecraft_ShapelessRecipeHandler_crafting_1.json	wiki.data	Data_Recipes_minecraft_ShapelessRecipeHandler_crafting_1.json.html	
维基:data	Data_Recipes_minecraft_ShapelessRecipeHandler_crafting_2.json	wiki.data	Data_Recipes_minecraft_ShapelessRecipeHandler_crafting_2.json.html	
维基:data	Data_Recipes_miscutils_DecayableRecipeHandler_GTPP_Decayables.json	wiki.data	Data_Recipes_miscutils_DecayableRecipeHandler_GTPP_Decayables.json.html	
维基:data	Data_Recipes_miscutils_GTNEIDefaultHandler_RTGgenerators.json	wiki.data	Data_Recipes_miscutils_GTNEIDefaultHandler_RTGgenerators.json.html	
维基:data	Data_Recipes_miscutils_GTNEIDefaultHandler_alloyblastsmelter.json	wiki.data	Data_Recipes_miscutils_GTNEIDefaultHandler_alloyblastsmelter.json.html	
维基:data	Data_Recipes_miscutils_GTNEIDefaultHandler_chemicaldehydrator.json	wiki.data	Data_Recipes_miscutils_GTNEIDefaultHandler_chemicaldehydrator.json.html	
维基:data	Data_Recipes_miscutils_GTNEIDefaultHandler_cokeoven.json	wiki.data	Data_Recipes_miscutils_GTNEIDefaultHandler_cokeoven.json.html	
维基:data	Data_Recipes_miscutils_GTNEIDefaultHandler_coldtrap.json	wiki.data	Data_Recipes_miscutils_GTNEIDefaultHandler_coldtrap.json.html	
维基:data	Data_Recipes_miscutils_GTNEIDefaultHandler_cryogenicfreezer.json	wiki.data	Data_Recipes_miscutils_GTNEIDefaultHandler_cryogenicfreezer.json.html	
维基:data	Data_Recipes_miscutils_GTNEIDefaultHandler_cyclotron.json	wiki.data	Data_Recipes_miscutils_GTNEIDefaultHandler_cyclotron.json.html	
维基:data	Data_Recipes_miscutils_GTNEIDefaultHandler_fishpond.json	wiki.data	Data_Recipes_miscutils_GTNEIDefaultHandler_fishpond.json.html	
维基:data	Data_Recipes_miscutils_GTNEIDefaultHandler_fissionfuel.json	wiki.data	Data_Recipes_miscutils_GTNEIDefaultHandler_fissionfuel.json.html	
维基:data	Data_Recipes_miscutils_GTNEIDefaultHandler_flotationcell.json	wiki.data	Data_Recipes_miscutils_GTNEIDefaultHandler_flotationcell.json.html	
维基:data	Data_Recipes_miscutils_GTNEIDefaultHandler_fluidchemicaleactor.json	wiki.data	Data_Recipes_miscutils_GTNEIDefaultHandler_fluidchemicaleactor.json.html	
维基:data	Data_Recipes_miscutils_GTNEIDefaultHandler_lftr.json	wiki.data	Data_Recipes_miscutils_GTNEIDefaultHandler_lftr.json.html	
维基:data	Data_Recipes_miscutils_GTNEIDefaultHandler_matterfab2.json	wiki.data	Data_Recipes_miscutils_GTNEIDefaultHandler_matterfab2.json.html	
维基:data	Data_Recipes_miscutils_GTNEIDefaultHandler_moleculartransformer.json	wiki.data	Data_Recipes_miscutils_GTNEIDefaultHandler_moleculartransformer.json.html	
维基:data	Data_Recipes_miscutils_GTNEIDefaultHandler_multicentrifuge.json	wiki.data	Data_Recipes_miscutils_GTNEIDefaultHandler_multicentrifuge.json.html	
维基:data	Data_Recipes_miscutils_GTNEIDefaultHandler_multidehydrator.json	wiki.data	Data_Recipes_miscutils_GTNEIDefaultHandler_multidehydrator.json.html	
维基:data	Data_Recipes_miscutils_GTNEIDefaultHandler_multielectro.json	wiki.data	Data_Recipes_miscutils_GTNEIDefaultHandler_multielectro.json.html	
维基:data	Data_Recipes_miscutils_GTNEIDefaultHandler_multimixer.json	wiki.data	Data_Recipes_miscutils_GTNEIDefaultHandler_multimixer.json.html	
维基:data	Data_Recipes_miscutils_GTNEIDefaultHandler_nuclearsaltprocessingplant.json	wiki.data	Data_Recipes_miscutils_GTNEIDefaultHandler_nuclearsaltprocessingplant.json.html	
维基:data	Data_Recipes_miscutils_GTNEIDefaultHandler_oremill.json	wiki.data	Data_Recipes_miscutils_GTNEIDefaultHandler_oremill.json.html	
维基:data	Data_Recipes_miscutils_GTNEIDefaultHandler_quantumforcesmelter.json	wiki.data	Data_Recipes_miscutils_GTNEIDefaultHandler_quantumforcesmelter.json.html	
维基:data	Data_Recipes_miscutils_GTNEIDefaultHandler_reactorprocessingunit.json	wiki.data	Data_Recipes_miscutils_GTNEIDefaultHandler_reactorprocessingunit.json.html	
维基:data	Data_Recipes_miscutils_GTNEIDefaultHandler_rocketenginefuel.json	wiki.data	Data_Recipes_miscutils_GTNEIDefaultHandler_rocketenginefuel.json.html	
维基:data	Data_Recipes_miscutils_GTNEIDefaultHandler_semifluidgeneratorfuels.json	wiki.data	Data_Recipes_miscutils_GTNEIDefaultHandler_semifluidgeneratorfuels.json.html	
维基:data	Data_Recipes_miscutils_GTNEIDefaultHandler_simplewasher.json	wiki.data	Data_Recipes_miscutils_GTNEIDefaultHandler_simplewasher.json.html	
维基:data	Data_Recipes_miscutils_GTNEIDefaultHandler_solartower.json	wiki.data	Data_Recipes_miscutils_GTNEIDefaultHandler_solartower.json.html	
维基:data	Data_Recipes_miscutils_GTNEIDefaultHandler_sparging.json	wiki.data	Data_Recipes_miscutils_GTNEIDefaultHandler_sparging.json.html	
维基:data	Data_Recipes_miscutils_GTNEIDefaultHandler_thermalgeneratorfuel.json	wiki.data	Data_Recipes_miscutils_GTNEIDefaultHandler_thermalgeneratorfuel.json.html	
维基:data	Data_Recipes_miscutils_GTNEIDefaultHandler_treefarm.json	wiki.data	Data_Recipes_miscutils_GTNEIDefaultHandler_treefarm.json.html	
维基:data	Data_Recipes_miscutils_GTNEIDefaultHandler_vacfurnace.json	wiki.data	Data_Recipes_miscutils_GTNEIDefaultHandler_vacfurnace.json.html	
维基:data	Data_Recipes_mobsinfo_MobHandlerInfernal_mobhandlerinfernal.json	wiki.data	Data_Recipes_mobsinfo_MobHandlerInfernal_mobhandlerinfernal.json.html	
维基:data	Data_Recipes_mobsinfo_MobHandler_mobhandler.json	wiki.data	Data_Recipes_mobsinfo_MobHandler_mobhandler.json.html	
维基:data	Data_Recipes_mobsinfo_VillagerTradesHandler_villagertradeshandler.json	wiki.data	Data_Recipes_mobsinfo_VillagerTradesHandler_villagertradeshandler.json.html	
维基:data	Data_Recipes_nei_InformationHandler_information.json	wiki.data	Data_Recipes_nei_InformationHandler_information.json.html	
维基:data	Data_Recipes_neicustomdiagram_chestoverview_null.json	wiki.data	Data_Recipes_neicustomdiagram_chestoverview_null.json.html	
维基:data	Data_Recipes_neicustomdiagram_circuits_null.json	wiki.data	Data_Recipes_neicustomdiagram_circuits_null.json.html	
维基:data	Data_Recipes_neicustomdiagram_lenses_null.json	wiki.data	Data_Recipes_neicustomdiagram_lenses_null.json.html	
维基:data	Data_Recipes_neicustomdiagram_materialparts_null.json	wiki.data	Data_Recipes_neicustomdiagram_materialparts_null.json.html	
维基:data	Data_Recipes_neicustomdiagram_materialtools_null.json	wiki.data	Data_Recipes_neicustomdiagram_materialtools_null.json.html	
维基:data	Data_Recipes_neicustomdiagram_oreprocessing_null.json	wiki.data	Data_Recipes_neicustomdiagram_oreprocessing_null.json.html	
维基:data	Data_Recipes_neicustomdiagram_tankoverview_null.json	wiki.data	Data_Recipes_neicustomdiagram_tankoverview_null.json.html	
维基:data	Data_Recipes_structurelib_StructureCompatNEIHandler_StructureCompatNEIHandler.json	wiki.data	Data_Recipes_structurelib_StructureCompatNEIHandler_StructureCompatNEIHandler.json.html	
维基:data	Data_Recipes_tectech_GTNEIDefaultHandler_eyeofharmony.json	wiki.data	Data_Recipes_tectech_GTNEIDefaultHandler_eyeofharmony.json.html	
维基:data	Data_Recipes_tectech_GTNEIDefaultHandler_fog_exotic.json	wiki.data	Data_Recipes_tectech_GTNEIDefaultHandler_fog_exotic.json.html	
维基:data	Data_Recipes_tectech_GTNEIDefaultHandler_fog_molten.json	wiki.data	Data_Recipes_tectech_GTNEIDefaultHandler_fog_molten.json.html	
维基:data	Data_Recipes_tectech_GTNEIDefaultHandler_fog_plasma.json	wiki.data	Data_Recipes_tectech_GTNEIDefaultHandler_fog_plasma.json.html	
维基:data	Data_Recipes_tectech_GTNEIDefaultHandler_researchStation.json	wiki.data	Data_Recipes_tectech_GTNEIDefaultHandler_researchStation.json.html	
维基:data	Data_Recipes_tectech_GTNEIDefaultHandler_upgrade_costs.json	wiki.data	Data_Recipes_tectech_GTNEIDefaultHandler_upgrade_costs.json.html	
维基:data	Data_Recipes_vendingmachine_NeiRecipeHandler_vendingmachine.json	wiki.data	Data_Recipes_vendingmachine_NeiRecipeHandler_vendingmachine.json.html	
维基:data	Data_SpaceMinerAsteroidData.tab	wiki.data	Data_SpaceMinerAsteroidData.tab.html	
维基:data	Data_SpaceMinerSort.tab	wiki.data	Data_SpaceMinerSort.tab.html	
维基:data	Data_Structures_28联巨冰箱.json	wiki.data	Data_Structures_28联巨冰箱.json.html	
维基:data	Data_Structures_HV阶段多方块柴油产线.json	wiki.data	Data_Structures_HV阶段多方块柴油产线.json.html	
维基:data	Data_Structures_HV阶段高十六柴油产线.json	wiki.data	Data_Structures_HV阶段高十六柴油产线.json.html	
维基:data	Data_Structures_LV阶段过度轻燃油产线.json	wiki.data	Data_Structures_LV阶段过度轻燃油产线.json.html	
维基:data	Data_Structures_MEControllers5x5x5.json	wiki.data	Data_Structures_MEControllers5x5x5.json.html	
维基:data	Data_Structures_MV阶段完整轻燃油产线.json	wiki.data	Data_Structures_MV阶段完整轻燃油产线.json.html	
维基:data	Data_Structures_OC坠星OC部分.json	wiki.data	Data_Structures_OC坠星OC部分.json.html	
维基:data	Data_Structures_OkangbaO_BEC自动化_PR方案_通用通道.json	wiki.data	Data_Structures_OkangbaO_BEC自动化_PR方案_通用通道.json.html	
维基:data	Data_Structures_PH_合成CPU.json	wiki.data	Data_Structures_PH_合成CPU.json.html	
维基:data	Data_Structures_PH_大型编程器电路提供器.json	wiki.data	Data_Structures_PH_大型编程器电路提供器.json.html	
维基:data	Data_Structures_PH_电力原料分配器.json	wiki.data	Data_Structures_PH_电力原料分配器.json.html	
维基:data	Data_Structures_PR五级水.json	wiki.data	Data_Structures_PR五级水.json.html	
维基:data	Data_Structures_PR坠星仪式部分.json	wiki.data	Data_Structures_PR坠星仪式部分.json.html	
维基:data	Data_Structures_PR坠星控制部分.json	wiki.data	Data_Structures_PR坠星控制部分.json.html	
维基:data	Data_Structures_PseudoBiosphere.json	wiki.data	Data_Structures_PseudoBiosphere.json.html	
维基:data	Data_Structures_PseudoBiosphere_01.json	wiki.data	Data_Structures_PseudoBiosphere_01.json.html	
维基:data	Data_Structures_PseudoBiosphere_02.json	wiki.data	Data_Structures_PseudoBiosphere_02.json.html	
维基:data	Data_Structures_SFM反物质煅炉自动化.json	wiki.data	Data_Structures_SFM反物质煅炉自动化.json.html	
维基:data	Data_Structures_SFM控制的99堆温MOX自动化方案.json	wiki.data	Data_Structures_SFM控制的99堆温MOX自动化方案.json.html	
维基:data	Data_Structures_SFM核电控制自动化.json	wiki.data	Data_Structures_SFM核电控制自动化.json.html	
维基:data	Data_Structures_kuakezdh.json	wiki.data	Data_Structures_kuakezdh.json.html	
维基:data	Data_Structures_simpleSiO2.json	wiki.data	Data_Structures_simpleSiO2.json.html	
维基:data	Data_Structures_七级水AE自动化.json	wiki.data	Data_Structures_七级水AE自动化.json.html	
维基:data	Data_Structures_半自动核反应堆升温-envelope.json	wiki.data	Data_Structures_半自动核反应堆升温-envelope.json.html	
维基:data	Data_Structures_单方块硅氧产线.json	wiki.data	Data_Structures_单方块硅氧产线.json.html	
维基:data	Data_Structures_坠星标位.json	wiki.data	Data_Structures_坠星标位.json.html	
维基:data	Data_Structures_基于物品转运器全自动换棒核反应堆实例-envelope.json	wiki.data	Data_Structures_基于物品转运器全自动换棒核反应堆实例-envelope.json.html	
维基:data	Data_Structures_基于物品转运器全自动换棒混棒核反应堆实例-envelope.json	wiki.data	Data_Structures_基于物品转运器全自动换棒混棒核反应堆实例-envelope.json.html	
维基:data	Data_Structures_多接口通用进装原料发配-整体.json	wiki.data	Data_Structures_多接口通用进装原料发配-整体.json.html	
维基:data	Data_Structures_多接口通用进装原料发配-核心.json	wiki.data	Data_Structures_多接口通用进装原料发配-核心.json.html	
维基:data	Data_Structures_夸克胶子AE方案结构.json	wiki.data	Data_Structures_夸克胶子AE方案结构.json.html	
维基:data	Data_Structures_夸克饺子OC自动化.json	wiki.data	Data_Structures_夸克饺子OC自动化.json.html	
维基:data	Data_Structures_屠宰场苦难祭坛.json	wiki.data	Data_Structures_屠宰场苦难祭坛.json.html	
维基:data	Data_Structures_工业高炉四共.json	wiki.data	Data_Structures_工业高炉四共.json.html	
维基:data	Data_Structures_巫术石头圆阵.json	wiki.data	Data_Structures_巫术石头圆阵.json.html	
维基:data	Data_Structures_扳手束流合成器自动化.json	wiki.data	Data_Structures_扳手束流合成器自动化.json.html	
维基:data	Data_Structures_无尽锤增产结构.json	wiki.data	Data_Structures_无尽锤增产结构.json.html	
维基:data	Data_Structures_氧气罐自动充气.json	wiki.data	Data_Structures_氧气罐自动充气.json.html	
维基:data	Data_Structures_沙盒.json	wiki.data	Data_Structures_沙盒.json.html	
维基:data	Data_Structures_注魔祭坛自动化.json	wiki.data	Data_Structures_注魔祭坛自动化.json.html	
维基:data	Data_Structures_焦炉Coke_Oven.json	wiki.data	Data_Structures_焦炉Coke_Oven.json.html	
维基:data	Data_Structures_砖高炉共用.json	wiki.data	Data_Structures_砖高炉共用.json.html	
维基:data	Data_Structures_磁物质AE方案结构.json	wiki.data	Data_Structures_磁物质AE方案结构.json.html	
维基:data	Data_Structures_纳米锻炉四共.json	wiki.data	Data_Structures_纳米锻炉四共.json.html	
维基:data	Data_Structures_聚变共用一.json	wiki.data	Data_Structures_聚变共用一.json.html	
维基:data	Data_Structures_聚变共用二.json	wiki.data	Data_Structures_聚变共用二.json.html	
维基:data	Data_Structures_装配线结构.json	wiki.data	Data_Structures_装配线结构.json.html	
维基:data	Data_Structures_轮询进装解决方案.json	wiki.data	Data_Structures_轮询进装解决方案.json.html	
维基:data	Data_Structures_进阶装配线结构.json	wiki.data	Data_Structures_进阶装配线结构.json.html	
维基:data	Data_Structures_通用进阶装配线自动化_进阶存储仓室.json	wiki.data	Data_Structures_通用进阶装配线自动化_进阶存储仓室.json.html	
维基:data	Data_Structures_高辛烷汽油.json	wiki.data	Data_Structures_高辛烷汽油.json.html	
维基:data	Data_Structures_鸿蒙之眼元件盘自动化.json	wiki.data	Data_Structures_鸿蒙之眼元件盘自动化.json.html	
维基:data	Data_Structures_黑洞OC自动化.json	wiki.data	Data_Structures_黑洞OC自动化.json.html	
维基:data	Data_Structures_黑洞PR自动化.json	wiki.data	Data_Structures_黑洞PR自动化.json.html	
维基:data	Data_Tc4research.json	wiki.data	Data_Tc4research.json.html	
维基:data	Data_Ticmaterial_1.json	wiki.data	Data_Ticmaterial_1.json.html	
维基:data	Data_Version.tab	wiki.data	Data_Version.tab.html	
维基:data	Data_Versions_GTNH_2.9.0-beta-3_Aspects_0.json	wiki.data	Data_Versions_GTNH_2.9.0-beta-3_Aspects_0.json.html	
维基:data	Data_Versions_GTNH_2.9.0-beta-3_Gtmaterial_0.json	wiki.data	Data_Versions_GTNH_2.9.0-beta-3_Gtmaterial_0.json.html	
维基:data	Data_Versions_GTNH_2.9.0-beta-3_Gtmaterial_1.json	wiki.data	Data_Versions_GTNH_2.9.0-beta-3_Gtmaterial_1.json.html	
维基:data	Data_Versions_GTNH_2.9.0-beta-3_Gtmaterial_2.json	wiki.data	Data_Versions_GTNH_2.9.0-beta-3_Gtmaterial_2.json.html	
维基:data	Data_Versions_GTNH_2.9.0-beta-3_Index_0.tabx	wiki.data	Data_Versions_GTNH_2.9.0-beta-3_Index_0.tabx.html	
维基:data	Data_Versions_GTNH_2.9.0-beta-3_Index_1.tabx	wiki.data	Data_Versions_GTNH_2.9.0-beta-3_Index_1.tabx.html	
维基:data	Data_Versions_GTNH_2.9.0-beta-3_Index_2.tabx	wiki.data	Data_Versions_GTNH_2.9.0-beta-3_Index_2.tabx.html	
维基:data	Data_Versions_GTNH_2.9.0-beta-3_Index_3.tabx	wiki.data	Data_Versions_GTNH_2.9.0-beta-3_Index_3.tabx.html	
维基:data	Data_Versions_GTNH_2.9.0-beta-3_Index_4.tabx	wiki.data	Data_Versions_GTNH_2.9.0-beta-3_Index_4.tabx.html	
维基:data	Data_Versions_GTNH_2.9.0-beta-3_Index_5.tabx	wiki.data	Data_Versions_GTNH_2.9.0-beta-3_Index_5.tabx.html	
维基:data	Data_Versions_GTNH_2.9.0-beta-3_Index_6.tabx	wiki.data	Data_Versions_GTNH_2.9.0-beta-3_Index_6.tabx.html	
维基:data	Data_Versions_GTNH_2.9.0-beta-3_Items_0.json	wiki.data	Data_Versions_GTNH_2.9.0-beta-3_Items_0.json.html	
维基:data	Data_Versions_GTNH_2.9.0-beta-3_Items_1.json	wiki.data	Data_Versions_GTNH_2.9.0-beta-3_Items_1.json.html	
维基:data	Data_Versions_GTNH_2.9.0-beta-3_Items_10.json	wiki.data	Data_Versions_GTNH_2.9.0-beta-3_Items_10.json.html	
维基:data	Data_Versions_GTNH_2.9.0-beta-3_Items_11.json	wiki.data	Data_Versions_GTNH_2.9.0-beta-3_Items_11.json.html	
维基:data	Data_Versions_GTNH_2.9.0-beta-3_Items_12.json	wiki.data	Data_Versions_GTNH_2.9.0-beta-3_Items_12.json.html	
维基:data	Data_Versions_GTNH_2.9.0-beta-3_Items_13.json	wiki.data	Data_Versions_GTNH_2.9.0-beta-3_Items_13.json.html	
维基:data	Data_Versions_GTNH_2.9.0-beta-3_Items_14.json	wiki.data	Data_Versions_GTNH_2.9.0-beta-3_Items_14.json.html	
维基:data	Data_Versions_GTNH_2.9.0-beta-3_Items_15.json	wiki.data	Data_Versions_GTNH_2.9.0-beta-3_Items_15.json.html	
维基:data	Data_Versions_GTNH_2.9.0-beta-3_Items_16.json	wiki.data	Data_Versions_GTNH_2.9.0-beta-3_Items_16.json.html	
维基:data	Data_Versions_GTNH_2.9.0-beta-3_Items_17.json	wiki.data	Data_Versions_GTNH_2.9.0-beta-3_Items_17.json.html	
维基:data	Data_Versions_GTNH_2.9.0-beta-3_Items_18.json	wiki.data	Data_Versions_GTNH_2.9.0-beta-3_Items_18.json.html	
维基:data	Data_Versions_GTNH_2.9.0-beta-3_Items_19.json	wiki.data	Data_Versions_GTNH_2.9.0-beta-3_Items_19.json.html	
维基:data	Data_Versions_GTNH_2.9.0-beta-3_Items_2.json	wiki.data	Data_Versions_GTNH_2.9.0-beta-3_Items_2.json.html	
维基:data	Data_Versions_GTNH_2.9.0-beta-3_Items_20.json	wiki.data	Data_Versions_GTNH_2.9.0-beta-3_Items_20.json.html	
维基:data	Data_Versions_GTNH_2.9.0-beta-3_Items_21.json	wiki.data	Data_Versions_GTNH_2.9.0-beta-3_Items_21.json.html	
维基:data	Data_Versions_GTNH_2.9.0-beta-3_Items_22.json	wiki.data	Data_Versions_GTNH_2.9.0-beta-3_Items_22.json.html	
维基:data	Data_Versions_GTNH_2.9.0-beta-3_Items_23.json	wiki.data	Data_Versions_GTNH_2.9.0-beta-3_Items_23.json.html	
维基:data	Data_Versions_GTNH_2.9.0-beta-3_Items_24.json	wiki.data	Data_Versions_GTNH_2.9.0-beta-3_Items_24.json.html	
维基:data	Data_Versions_GTNH_2.9.0-beta-3_Items_25.json	wiki.data	Data_Versions_GTNH_2.9.0-beta-3_Items_25.json.html	
维基:data	Data_Versions_GTNH_2.9.0-beta-3_Items_26.json	wiki.data	Data_Versions_GTNH_2.9.0-beta-3_Items_26.json.html	
维基:data	Data_Versions_GTNH_2.9.0-beta-3_Items_27.json	wiki.data	Data_Versions_GTNH_2.9.0-beta-3_Items_27.json.html	
维基:data	Data_Versions_GTNH_2.9.0-beta-3_Items_28.json	wiki.data	Data_Versions_GTNH_2.9.0-beta-3_Items_28.json.html	
维基:data	Data_Versions_GTNH_2.9.0-beta-3_Items_29.json	wiki.data	Data_Versions_GTNH_2.9.0-beta-3_Items_29.json.html	
维基:data	Data_Versions_GTNH_2.9.0-beta-3_Items_3.json	wiki.data	Data_Versions_GTNH_2.9.0-beta-3_Items_3.json.html	
维基:data	Data_Versions_GTNH_2.9.0-beta-3_Items_30.json	wiki.data	Data_Versions_GTNH_2.9.0-beta-3_Items_30.json.html	
维基:data	Data_Versions_GTNH_2.9.0-beta-3_Items_31.json	wiki.data	Data_Versions_GTNH_2.9.0-beta-3_Items_31.json.html	
维基:data	Data_Versions_GTNH_2.9.0-beta-3_Items_32.json	wiki.data	Data_Versions_GTNH_2.9.0-beta-3_Items_32.json.html	
维基:data	Data_Versions_GTNH_2.9.0-beta-3_Items_33.json	wiki.data	Data_Versions_GTNH_2.9.0-beta-3_Items_33.json.html	
维基:data	Data_Versions_GTNH_2.9.0-beta-3_Items_34.json	wiki.data	Data_Versions_GTNH_2.9.0-beta-3_Items_34.json.html	
维基:data	Data_Versions_GTNH_2.9.0-beta-3_Items_35.json	wiki.data	Data_Versions_GTNH_2.9.0-beta-3_Items_35.json.html	
维基:data	Data_Versions_GTNH_2.9.0-beta-3_Items_36.json	wiki.data	Data_Versions_GTNH_2.9.0-beta-3_Items_36.json.html	
维基:data	Data_Versions_GTNH_2.9.0-beta-3_Items_37.json	wiki.data	Data_Versions_GTNH_2.9.0-beta-3_Items_37.json.html	
维基:data	Data_Versions_GTNH_2.9.0-beta-3_Items_38.json	wiki.data	Data_Versions_GTNH_2.9.0-beta-3_Items_38.json.html	
维基:data	Data_Versions_GTNH_2.9.0-beta-3_Items_39.json	wiki.data	Data_Versions_GTNH_2.9.0-beta-3_Items_39.json.html	
维基:data	Data_Versions_GTNH_2.9.0-beta-3_Items_4.json	wiki.data	Data_Versions_GTNH_2.9.0-beta-3_Items_4.json.html	
维基:data	Data_Versions_GTNH_2.9.0-beta-3_Items_40.json	wiki.data	Data_Versions_GTNH_2.9.0-beta-3_Items_40.json.html	
维基:data	Data_Versions_GTNH_2.9.0-beta-3_Items_41.json	wiki.data	Data_Versions_GTNH_2.9.0-beta-3_Items_41.json.html	
维基:data	Data_Versions_GTNH_2.9.0-beta-3_Items_42.json	wiki.data	Data_Versions_GTNH_2.9.0-beta-3_Items_42.json.html	
维基:data	Data_Versions_GTNH_2.9.0-beta-3_Items_43.json	wiki.data	Data_Versions_GTNH_2.9.0-beta-3_Items_43.json.html	
维基:data	Data_Versions_GTNH_2.9.0-beta-3_Items_44.json	wiki.data	Data_Versions_GTNH_2.9.0-beta-3_Items_44.json.html	
维基:data	Data_Versions_GTNH_2.9.0-beta-3_Items_45.json	wiki.data	Data_Versions_GTNH_2.9.0-beta-3_Items_45.json.html	
维基:data	Data_Versions_GTNH_2.9.0-beta-3_Items_5.json	wiki.data	Data_Versions_GTNH_2.9.0-beta-3_Items_5.json.html	
维基:data	Data_Versions_GTNH_2.9.0-beta-3_Items_6.json	wiki.data	Data_Versions_GTNH_2.9.0-beta-3_Items_6.json.html	
维基:data	Data_Versions_GTNH_2.9.0-beta-3_Items_7.json	wiki.data	Data_Versions_GTNH_2.9.0-beta-3_Items_7.json.html	
维基:data	Data_Versions_GTNH_2.9.0-beta-3_Items_8.json	wiki.data	Data_Versions_GTNH_2.9.0-beta-3_Items_8.json.html	
维基:data	Data_Versions_GTNH_2.9.0-beta-3_Items_9.json	wiki.data	Data_Versions_GTNH_2.9.0-beta-3_Items_9.json.html	
维基:data	Data_Versions_GTNH_2.9.0-beta-3_OreDictionary_0.json	wiki.data	Data_Versions_GTNH_2.9.0-beta-3_OreDictionary_0.json.html	
维基:data	Data_Versions_GTNH_2.9.0-beta-3_OreDictionary_1.json	wiki.data	Data_Versions_GTNH_2.9.0-beta-3_OreDictionary_1.json.html	
维基:data	Data_Versions_GTNH_2.9.0-beta-3_Ores_0.tabx	wiki.data	Data_Versions_GTNH_2.9.0-beta-3_Ores_0.tabx.html	
维基:data	Data_Versions_GTNH_2.9.0-beta-3_Recipes_AWWayofTime_NEIAlchemyRecipeHandler_alchemy_0.json	wiki.data	Data_Versions_GTNH_2.9.0-beta-3_Recipes_AWWayofTime_NEIAlchemyRecipeHandler_alchemy_0.json.html	
维基:data	Data_Versions_GTNH_2.9.0-beta-3_Recipes_AWWayofTime_NEIBindingRitualHandler_bindingritual_0.json	wiki.data	Data_Versions_GTNH_2.9.0-beta-3_Recipes_AWWayofTime_NEIBindingRitualHandler_bindingritual_0.json.html	
维基:data	Data_Versions_GTNH_2.9.0-beta-3_Recipes_AWWayofTime_NEIBloodOrbShapedHandler_crafting_0.json	wiki.data	Data_Versions_GTNH_2.9.0-beta-3_Recipes_AWWayofTime_NEIBloodOrbShapedHandler_crafting_0.json.html	
维基:data	Data_Versions_GTNH_2.9.0-beta-3_Recipes_AWWayofTime_NEIBloodOrbShapelessHandler_crafting_0.json	wiki.data	Data_Versions_GTNH_2.9.0-beta-3_Recipes_AWWayofTime_NEIBloodOrbShapelessHandler_crafting_0.json.html	
维基:data	Data_Versions_GTNH_2.9.0-beta-3_Recipes_AWWayofTime_NEICalcinatorHandler_calcinator_0.json	wiki.data	Data_Versions_GTNH_2.9.0-beta-3_Recipes_AWWayofTime_NEICalcinatorHandler_calcinator_0.json.html	
维基:data	Data_Versions_GTNH_2.9.0-beta-3_Recipes_AWWayofTime_NEIMeteorRecipeHandler_meteor_0.json	wiki.data	Data_Versions_GTNH_2.9.0-beta-3_Recipes_AWWayofTime_NEIMeteorRecipeHandler_meteor_0.json.html	
维基:data	Data_Versions_GTNH_2.9.0-beta-3_Recipes_Avaritia_ExtremeShapedRecipeHandler_extreme_0.json	wiki.data	Data_Versions_GTNH_2.9.0-beta-3_Recipes_Avaritia_ExtremeShapedRecipeHandler_extreme_0.json.html	
维基:data	Data_Versions_GTNH_2.9.0-beta-3_Recipes_Avaritia_ExtremeShapelessRecipeHandler_extreme_0.json	wiki.data	Data_Versions_GTNH_2.9.0-beta-3_Recipes_Avaritia_ExtremeShapelessRecipeHandler_extreme_0.json.html	
维基:data	Data_Versions_GTNH_2.9.0-beta-3_Recipes_Botania_RecipeHandlerBrewery_brewery_0.json	wiki.data	Data_Versions_GTNH_2.9.0-beta-3_Recipes_Botania_RecipeHandlerBrewery_brewery_0.json.html	
维基:data	Data_Versions_GTNH_2.9.0-beta-3_Recipes_Botania_RecipeHandlerElvenTrade_elvenTrade_0.json	wiki.data	Data_Versions_GTNH_2.9.0-beta-3_Recipes_Botania_RecipeHandlerElvenTrade_elvenTrade_0.json.html	
维基:data	Data_Versions_GTNH_2.9.0-beta-3_Recipes_Botania_RecipeHandlerLexicaBotania_lexica_0.json	wiki.data	Data_Versions_GTNH_2.9.0-beta-3_Recipes_Botania_RecipeHandlerLexicaBotania_lexica_0.json.html	
维基:data	Data_Versions_GTNH_2.9.0-beta-3_Recipes_Botania_RecipeHandlerManaPool_manaPool_0.json	wiki.data	Data_Versions_GTNH_2.9.0-beta-3_Recipes_Botania_RecipeHandlerManaPool_manaPool_0.json.html	
维基:data	Data_Versions_GTNH_2.9.0-beta-3_Recipes_Botania_RecipeHandlerPetalApothecary_petalApothecary_0.json	wiki.data	Data_Versions_GTNH_2.9.0-beta-3_Recipes_Botania_RecipeHandlerPetalApothecary_petalApothecary_0.json.html	
维基:data	Data_Versions_GTNH_2.9.0-beta-3_Recipes_Botania_RecipeHandlerPureDaisy_pureDaisy_0.json	wiki.data	Data_Versions_GTNH_2.9.0-beta-3_Recipes_Botania_RecipeHandlerPureDaisy_pureDaisy_0.json.html	
维基:data	Data_Versions_GTNH_2.9.0-beta-3_Recipes_Botania_RecipeHandlerRunicAltar_runicAltar_0.json	wiki.data	Data_Versions_GTNH_2.9.0-beta-3_Recipes_Botania_RecipeHandlerRunicAltar_runicAltar_0.json.html	
维基:data	Data_Versions_GTNH_2.9.0-beta-3_Recipes_Botany_FlowerBreedingHandler_null_0.json	wiki.data	Data_Versions_GTNH_2.9.0-beta-3_Recipes_Botany_FlowerBreedingHandler_null_0.json.html	
维基:data	Data_Versions_GTNH_2.9.0-beta-3_Recipes_DraconicEvolution_ReactorNEIHandler_reactor_0.json	wiki.data	Data_Versions_GTNH_2.9.0-beta-3_Recipes_DraconicEvolution_ReactorNEIHandler_reactor_0.json.html	
维基:data	Data_Versions_GTNH_2.9.0-beta-3_Recipes_EnderIO_AlloySmelterRecipeHandler_EnderIOAlloySmelter_0.json	wiki.data	Data_Versions_GTNH_2.9.0-beta-3_Recipes_EnderIO_AlloySmelterRecipeHandler_EnderIOAlloySmelter_0.json.html	
维基:data	Data_Versions_GTNH_2.9.0-beta-3_Recipes_EnderIO_EnchanterRecipeHandler_EIOEnchanter_0.json	wiki.data	Data_Versions_GTNH_2.9.0-beta-3_Recipes_EnderIO_EnchanterRecipeHandler_EIOEnchanter_0.json.html	
维基:data	Data_Versions_GTNH_2.9.0-beta-3_Recipes_EnderIO_SagMillRecipeHandler_EnderIOSagMill_0.json	wiki.data	Data_Versions_GTNH_2.9.0-beta-3_Recipes_EnderIO_SagMillRecipeHandler_EnderIOSagMill_0.json.html	
维基:data	Data_Versions_GTNH_2.9.0-beta-3_Recipes_EnderIO_SagMillRecipeHandler_EnderIOSagMill_1.json	wiki.data	Data_Versions_GTNH_2.9.0-beta-3_Recipes_EnderIO_SagMillRecipeHandler_EnderIOSagMill_1.json.html	
维基:data	Data_Versions_GTNH_2.9.0-beta-3_Recipes_EnderIO_SliceAndSpliceRecipeHandler_EnderIOSliceAndSplice_0.json	wiki.data	Data_Versions_GTNH_2.9.0-beta-3_Recipes_EnderIO_SliceAndSpliceRecipeHandler_EnderIOSliceAndSplice_0.json.html	
维基:data	Data_Versions_GTNH_2.9.0-beta-3_Recipes_EnderIO_SoulBinderRecipeHandler_EnderIOSoulBinder_0.json	wiki.data	Data_Versions_GTNH_2.9.0-beta-3_Recipes_EnderIO_SoulBinderRecipeHandler_EnderIOSoulBinder_0.json.html	
维基:data	Data_Versions_GTNH_2.9.0-beta-3_Recipes_EnderIO_VatRecipeHandler_EnderIOVat_0.json	wiki.data	Data_Versions_GTNH_2.9.0-beta-3_Recipes_EnderIO_VatRecipeHandler_EnderIOVat_0.json.html	
维基:data	Data_Versions_GTNH_2.9.0-beta-3_Recipes_ExtraTrees_NEIHandlerLumbermill_lumbermill_0.json	wiki.data	Data_Versions_GTNH_2.9.0-beta-3_Recipes_ExtraTrees_NEIHandlerLumbermill_lumbermill_0.json.html	
维基:data	Data_Versions_GTNH_2.9.0-beta-3_Recipes_ExtraUtilities_EnderConstructorHandler_qedcrafting_0.json	wiki.data	Data_Versions_GTNH_2.9.0-beta-3_Recipes_ExtraUtilities_EnderConstructorHandler_qedcrafting_0.json.html	
维基:data	Data_Versions_GTNH_2.9.0-beta-3_Recipes_Forestry_BeeBreedingHandler_null_0.json	wiki.data	Data_Versions_GTNH_2.9.0-beta-3_Recipes_Forestry_BeeBreedingHandler_null_0.json.html	
维基:data	Data_Versions_GTNH_2.9.0-beta-3_Recipes_Forestry_BeeBreedingHandler_null_1.json	wiki.data	Data_Versions_GTNH_2.9.0-beta-3_Recipes_Forestry_BeeBreedingHandler_null_1.json.html	
维基:data	Data_Versions_GTNH_2.9.0-beta-3_Recipes_Forestry_BeeProduceHandler_null_0.json	wiki.data	Data_Versions_GTNH_2.9.0-beta-3_Recipes_Forestry_BeeProduceHandler_null_0.json.html	
维基:data	Data_Versions_GTNH_2.9.0-beta-3_Recipes_Forestry_NEIHandlerBottler_bottler_0.json	wiki.data	Data_Versions_GTNH_2.9.0-beta-3_Recipes_Forestry_NEIHandlerBottler_bottler_0.json.html	
维基:data	Data_Versions_GTNH_2.9.0-beta-3_Recipes_Forestry_NEIHandlerCarpenter_carpenter_0.json	wiki.data	Data_Versions_GTNH_2.9.0-beta-3_Recipes_Forestry_NEIHandlerCarpenter_carpenter_0.json.html	
维基:data	Data_Versions_GTNH_2.9.0-beta-3_Recipes_Forestry_NEIHandlerCentrifuge_centrifuge_0.json	wiki.data	Data_Versions_GTNH_2.9.0-beta-3_Recipes_Forestry_NEIHandlerCentrifuge_centrifuge_0.json.html	
维基:data	Data_Versions_GTNH_2.9.0-beta-3_Recipes_Forestry_NEIHandlerFabricator_fabricator_0.json	wiki.data	Data_Versions_GTNH_2.9.0-beta-3_Recipes_Forestry_NEIHandlerFabricator_fabricator_0.json.html	
维基:data	Data_Versions_GTNH_2.9.0-beta-3_Recipes_Forestry_NEIHandlerFermenter_fermenter_0.json	wiki.data	Data_Versions_GTNH_2.9.0-beta-3_Recipes_Forestry_NEIHandlerFermenter_fermenter_0.json.html	
维基:data	Data_Versions_GTNH_2.9.0-beta-3_Recipes_Forestry_NEIHandlerMoistener_moistener_0.json	wiki.data	Data_Versions_GTNH_2.9.0-beta-3_Recipes_Forestry_NEIHandlerMoistener_moistener_0.json.html	
维基:data	Data_Versions_GTNH_2.9.0-beta-3_Recipes_Forestry_NEIHandlerSqueezer_squeezer_0.json	wiki.data	Data_Versions_GTNH_2.9.0-beta-3_Recipes_Forestry_NEIHandlerSqueezer_squeezer_0.json.html	
维基:data	Data_Versions_GTNH_2.9.0-beta-3_Recipes_Forestry_NEIHandlerStill_still_0.json	wiki.data	Data_Versions_GTNH_2.9.0-beta-3_Recipes_Forestry_NEIHandlerStill_still_0.json.html	
维基:data	Data_Versions_GTNH_2.9.0-beta-3_Recipes_Forestry_TreeBreedingHandler_null_0.json	wiki.data	Data_Versions_GTNH_2.9.0-beta-3_Recipes_Forestry_TreeBreedingHandler_null_0.json.html	
维基:data	Data_Versions_GTNH_2.9.0-beta-3_Recipes_Forestry_TreeProduceHandler_null_0.json	wiki.data	Data_Versions_GTNH_2.9.0-beta-3_Recipes_Forestry_TreeProduceHandler_null_0.json.html	
维基:data	Data_Versions_GTNH_2.9.0-beta-3_Recipes_Genetics_AnalyserRecipeHandler_analyser_0.json	wiki.data	Data_Versions_GTNH_2.9.0-beta-3_Recipes_Genetics_AnalyserRecipeHandler_analyser_0.json.html	
维基:data	Data_Versions_GTNH_2.9.0-beta-3_Recipes_Genetics_AnalyserRecipeHandler_analyser_1.json	wiki.data	Data_Versions_GTNH_2.9.0-beta-3_Recipes_Genetics_AnalyserRecipeHandler_analyser_1.json.html	
维基:data	Data_Versions_GTNH_2.9.0-beta-3_Recipes_Genetics_AnalyserRecipeHandler_analyser_2.json	wiki.data	Data_Versions_GTNH_2.9.0-beta-3_Recipes_Genetics_AnalyserRecipeHandler_analyser_2.json.html	
维基:data	Data_Versions_GTNH_2.9.0-beta-3_Recipes_Genetics_DatabaseRecipeHandler_database_0.json	wiki.data	Data_Versions_GTNH_2.9.0-beta-3_Recipes_Genetics_DatabaseRecipeHandler_database_0.json.html	
维基:data	Data_Versions_GTNH_2.9.0-beta-3_Recipes_Genetics_GenepoolRecipeHandler_genepool_0.json	wiki.data	Data_Versions_GTNH_2.9.0-beta-3_Recipes_Genetics_GenepoolRecipeHandler_genepool_0.json.html	
维基:data	Data_Versions_GTNH_2.9.0-beta-3_Recipes_Genetics_GenepoolRecipeHandler_genepool_1.json	wiki.data	Data_Versions_GTNH_2.9.0-beta-3_Recipes_Genetics_GenepoolRecipeHandler_genepool_1.json.html	
维基:data	Data_Versions_GTNH_2.9.0-beta-3_Recipes_Genetics_GenepoolRecipeHandler_genepool_2.json	wiki.data	Data_Versions_GTNH_2.9.0-beta-3_Recipes_Genetics_GenepoolRecipeHandler_genepool_2.json.html	
维基:data	Data_Versions_GTNH_2.9.0-beta-3_Recipes_Genetics_IncubatorRecipeHandler_incubator_0.json	wiki.data	Data_Versions_GTNH_2.9.0-beta-3_Recipes_Genetics_IncubatorRecipeHandler_incubator_0.json.html	
维基:data	Data_Versions_GTNH_2.9.0-beta-3_Recipes_Genetics_InoculatorRecipeHandler_inoculator_0.json	wiki.data	Data_Versions_GTNH_2.9.0-beta-3_Recipes_Genetics_InoculatorRecipeHandler_inoculator_0.json.html	
维基:data	Data_Versions_GTNH_2.9.0-beta-3_Recipes_Genetics_InoculatorRecipeHandler_inoculator_1.json	wiki.data	Data_Versions_GTNH_2.9.0-beta-3_Recipes_Genetics_InoculatorRecipeHandler_inoculator_1.json.html	
维基:data	Data_Versions_GTNH_2.9.0-beta-3_Recipes_Genetics_InoculatorRecipeHandler_inoculator_2.json	wiki.data	Data_Versions_GTNH_2.9.0-beta-3_Recipes_Genetics_InoculatorRecipeHandler_inoculator_2.json.html	
维基:data	Data_Versions_GTNH_2.9.0-beta-3_Recipes_Genetics_IsolatorRecipeHandler_isolator_0.json	wiki.data	Data_Versions_GTNH_2.9.0-beta-3_Recipes_Genetics_IsolatorRecipeHandler_isolator_0.json.html	
维基:data	Data_Versions_GTNH_2.9.0-beta-3_Recipes_Genetics_IsolatorRecipeHandler_isolator_1.json	wiki.data	Data_Versions_GTNH_2.9.0-beta-3_Recipes_Genetics_IsolatorRecipeHandler_isolator_1.json.html	
维基:data	Data_Versions_GTNH_2.9.0-beta-3_Recipes_Genetics_IsolatorRecipeHandler_isolator_2.json	wiki.data	Data_Versions_GTNH_2.9.0-beta-3_Recipes_Genetics_IsolatorRecipeHandler_isolator_2.json.html	
维基:data	Data_Versions_GTNH_2.9.0-beta-3_Recipes_Genetics_PolymeriserRecipeHandler_polymeriser_0.json	wiki.data	Data_Versions_GTNH_2.9.0-beta-3_Recipes_Genetics_PolymeriserRecipeHandler_polymeriser_0.json.html	
维基:data	Data_Versions_GTNH_2.9.0-beta-3_Recipes_Genetics_SequencerRecipeHandler_sequencer_0.json	wiki.data	Data_Versions_GTNH_2.9.0-beta-3_Recipes_Genetics_SequencerRecipeHandler_sequencer_0.json.html	
维基:data	Data_Versions_GTNH_2.9.0-beta-3_Recipes_Genetics_SplicerRecipeHandler_splicer_0.json	wiki.data	Data_Versions_GTNH_2.9.0-beta-3_Recipes_Genetics_SplicerRecipeHandler_splicer_0.json.html	
维基:data	Data_Versions_GTNH_2.9.0-beta-3_Recipes_Genetics_SplicerRecipeHandler_splicer_1.json	wiki.data	Data_Versions_GTNH_2.9.0-beta-3_Recipes_Genetics_SplicerRecipeHandler_splicer_1.json.html	
维基:data	Data_Versions_GTNH_2.9.0-beta-3_Recipes_Genetics_SplicerRecipeHandler_splicer_2.json	wiki.data	Data_Versions_GTNH_2.9.0-beta-3_Recipes_Genetics_SplicerRecipeHandler_splicer_2.json.html	
维基:data	Data_Versions_GTNH_2.9.0-beta-3_Recipes_GoodGenerator_GTNEIDefaultHandler_componentassemblyline_0.json	wiki.data	Data_Versions_GTNH_2.9.0-beta-3_Recipes_GoodGenerator_GTNEIDefaultHandler_componentassemblyline_0.json.html	
维基:data	Data_Versions_GTNH_2.9.0-beta-3_Recipes_GoodGenerator_GTNEIDefaultHandler_extreme_heat_exchanger_0.json	wiki.data	Data_Versions_GTNH_2.9.0-beta-3_Recipes_GoodGenerator_GTNEIDefaultHandler_extreme_heat_exchanger_0.json.html	
维基:data	Data_Versions_GTNH_2.9.0-beta-3_Recipes_GoodGenerator_GTNEIDefaultHandler_naquadah_fuel_refine_factory_0.json	wiki.data	Data_Versions_GTNH_2.9.0-beta-3_Recipes_GoodGenerator_GTNEIDefaultHandler_naquadah_fuel_refine_factory_0.json.html	
维基:data	Data_Versions_GTNH_2.9.0-beta-3_Recipes_GoodGenerator_GTNEIDefaultHandler_naquadah_reactor_0.json	wiki.data	Data_Versions_GTNH_2.9.0-beta-3_Recipes_GoodGenerator_GTNEIDefaultHandler_naquadah_reactor_0.json.html	
维基:data	Data_Versions_GTNH_2.9.0-beta-3_Recipes_GoodGenerator_GTNEIDefaultHandler_neutron_activator_0.json	wiki.data	Data_Versions_GTNH_2.9.0-beta-3_Recipes_GoodGenerator_GTNEIDefaultHandler_neutron_activator_0.json.html	
维基:data	Data_Versions_GTNH_2.9.0-beta-3_Recipes_GoodGenerator_GTNEIDefaultHandler_precise_assembler_0.json	wiki.data	Data_Versions_GTNH_2.9.0-beta-3_Recipes_GoodGenerator_GTNEIDefaultHandler_precise_assembler_0.json.html	
维基:data	Data_Versions_GTNH_2.9.0-beta-3_Recipes_IC2_AdvRecipeHandler_crafting_0.json	wiki.data	Data_Versions_GTNH_2.9.0-beta-3_Recipes_IC2_AdvRecipeHandler_crafting_0.json.html	
维基:data	Data_Versions_GTNH_2.9.0-beta-3_Recipes_RandomThings_ImbuingStationRecipeHandler_imbuing_0.json	wiki.data	Data_Versions_GTNH_2.9.0-beta-3_Recipes_RandomThings_ImbuingStationRecipeHandler_imbuing_0.json.html	
维基:data	Data_Versions_GTNH_2.9.0-beta-3_Recipes_Thaumcraft_AlchemyRecipeHandler_alchemy_0.json	wiki.data	Data_Versions_GTNH_2.9.0-beta-3_Recipes_Thaumcraft_AlchemyRecipeHandler_alchemy_0.json.html	
维基:data	Data_Versions_GTNH_2.9.0-beta-3_Recipes_Thaumcraft_AspectCombinationHandler_aspects_0.json	wiki.data	Data_Versions_GTNH_2.9.0-beta-3_Recipes_Thaumcraft_AspectCombinationHandler_aspects_0.json.html	
维基:data	Data_Versions_GTNH_2.9.0-beta-3_Recipes_Thaumcraft_InfusionRecipeHandler_infusion_0.json	wiki.data	Data_Versions_GTNH_2.9.0-beta-3_Recipes_Thaumcraft_InfusionRecipeHandler_infusion_0.json.html	
维基:data	Data_Versions_GTNH_2.9.0-beta-3_Recipes_Thaumcraft_ItemsContainingAspectHandler_items_containing_aspect_0.json	wiki.data	Data_Versions_GTNH_2.9.0-beta-3_Recipes_Thaumcraft_ItemsContainingAspectHandler_items_containing_aspect_0.json.html	
维基:data	Data_Versions_GTNH_2.9.0-beta-3_Recipes_Thaumcraft_ShapedArcaneRecipeHandler_shaped_0.json	wiki.data	Data_Versions_GTNH_2.9.0-beta-3_Recipes_Thaumcraft_ShapedArcaneRecipeHandler_shaped_0.json.html	
维基:data	Data_Versions_GTNH_2.9.0-beta-3_Recipes_Thaumcraft_ShapelessArcaneRecipeHandler_shapeless_0.json	wiki.data	Data_Versions_GTNH_2.9.0-beta-3_Recipes_Thaumcraft_ShapelessArcaneRecipeHandler_shapeless_0.json.html	
维基:data	Data_Versions_GTNH_2.9.0-beta-3_Recipes_Thaumcraft_WandRecipeHandler_wands_0.json	wiki.data	Data_Versions_GTNH_2.9.0-beta-3_Recipes_Thaumcraft_WandRecipeHandler_wands_0.json.html	
维基:data	Data_Versions_GTNH_2.9.0-beta-3_Recipes_ThaumicExploration_ReplicatorHandler_replicator_0.json	wiki.data	Data_Versions_GTNH_2.9.0-beta-3_Recipes_ThaumicExploration_ReplicatorHandler_replicator_0.json.html	
维基:data	Data_Versions_GTNH_2.9.0-beta-3_Recipes_ThaumicTinkerer_NEINecromancyHandler_necromancy_0.json	wiki.data	Data_Versions_GTNH_2.9.0-beta-3_Recipes_ThaumicTinkerer_NEINecromancyHandler_necromancy_0.json.html	
维基:data	Data_Versions_GTNH_2.9.0-beta-3_Recipes_ThaumicTinkerer_tt_infused_seeds_drops_tt_infused_seeds_drops_0.json	wiki.data	Data_Versions_GTNH_2.9.0-beta-3_Recipes_ThaumicTinkerer_tt_infused_seeds_drops_tt_infused_seeds_drops_0.json.html	
维基:data	Data_Versions_GTNH_2.9.0-beta-3_Recipes_WitcheryExtras_NEI_Handler_Cauldron_witchery_brewing_plus_0.json	wiki.data	Data_Versions_GTNH_2.9.0-beta-3_Recipes_WitcheryExtras_NEI_Handler_Cauldron_witchery_brewing_plus_0.json.html	
维基:data	Data_Versions_GTNH_2.9.0-beta-3_Recipes_WitcheryExtras_NEI_Handler_Distillery_witchery_distilling_0.json	wiki.data	Data_Versions_GTNH_2.9.0-beta-3_Recipes_WitcheryExtras_NEI_Handler_Distillery_witchery_distilling_0.json.html	
维基:data	Data_Versions_GTNH_2.9.0-beta-3_Recipes_WitcheryExtras_NEI_Handler_Kettle_witchery_brewing_0.json	wiki.data	Data_Versions_GTNH_2.9.0-beta-3_Recipes_WitcheryExtras_NEI_Handler_Kettle_witchery_brewing_0.json.html	
维基:data	Data_Versions_GTNH_2.9.0-beta-3_Recipes_WitcheryExtras_NEI_Handler_Oven_witchery_cooking_0.json	wiki.data	Data_Versions_GTNH_2.9.0-beta-3_Recipes_WitcheryExtras_NEI_Handler_Oven_witchery_cooking_0.json.html	
维基:data	Data_Versions_GTNH_2.9.0-beta-3_Recipes_WitcheryExtras_NEI_Handler_SpinningWheel_witchery_spinning_0.json	wiki.data	Data_Versions_GTNH_2.9.0-beta-3_Recipes_WitcheryExtras_NEI_Handler_SpinningWheel_witchery_spinning_0.json.html	
维基:data	Data_Versions_GTNH_2.9.0-beta-3_Recipes_WitchingGadgets_NEIInfernalBlastfurnaceHandler_wgInfernalBlastfurnace_0.json	wiki.data	Data_Versions_GTNH_2.9.0-beta-3_Recipes_WitchingGadgets_NEIInfernalBlastfurnaceHandler_wgInfernalBlastfurnace_0.json.html	
维基:data	Data_Versions_GTNH_2.9.0-beta-3_Recipes_WitchingGadgets_NEISpinningWheelHandler_wgSpinningWheel_0.json	wiki.data	Data_Versions_GTNH_2.9.0-beta-3_Recipes_WitchingGadgets_NEISpinningWheelHandler_wgSpinningWheel_0.json.html	
维基:data	Data_Versions_GTNH_2.9.0-beta-3_Recipes_appliedenergistics2_NEIAEShapedRecipeHandler_crafting_0.json	wiki.data	Data_Versions_GTNH_2.9.0-beta-3_Recipes_appliedenergistics2_NEIAEShapedRecipeHandler_crafting_0.json.html	
维基:data	Data_Versions_GTNH_2.9.0-beta-3_Recipes_appliedenergistics2_NEIAEShapelessRecipeHandler_crafting_0.json	wiki.data	Data_Versions_GTNH_2.9.0-beta-3_Recipes_appliedenergistics2_NEIAEShapelessRecipeHandler_crafting_0.json.html	
维基:data	Data_Versions_GTNH_2.9.0-beta-3_Recipes_appliedenergistics2_NEIInscriberRecipeHandler_inscriber_0.json	wiki.data	Data_Versions_GTNH_2.9.0-beta-3_Recipes_appliedenergistics2_NEIInscriberRecipeHandler_inscriber_0.json.html	
维基:data	Data_Versions_GTNH_2.9.0-beta-3_Recipes_bartworks_BioLabNEIHandler_biolab_0.json	wiki.data	Data_Versions_GTNH_2.9.0-beta-3_Recipes_bartworks_BioLabNEIHandler_biolab_0.json.html	
维基:data	Data_Versions_GTNH_2.9.0-beta-3_Recipes_bartworks_BioVatNEIHandler_BacteriaVat_0.json	wiki.data	Data_Versions_GTNH_2.9.0-beta-3_Recipes_bartworks_BioVatNEIHandler_BacteriaVat_0.json.html	
维基:data	Data_Versions_GTNH_2.9.0-beta-3_Recipes_bartworks_GTNEIDefaultHandler_acidgens_0.json	wiki.data	Data_Versions_GTNH_2.9.0-beta-3_Recipes_bartworks_GTNEIDefaultHandler_acidgens_0.json.html	
维基:data	Data_Versions_GTNH_2.9.0-beta-3_Recipes_bartworks_GTNEIDefaultHandler_cal_0.json	wiki.data	Data_Versions_GTNH_2.9.0-beta-3_Recipes_bartworks_GTNEIDefaultHandler_cal_0.json.html	
维基:data	Data_Versions_GTNH_2.9.0-beta-3_Recipes_bartworks_GTNEIDefaultHandler_electricimplosioncompressor_0.json	wiki.data	Data_Versions_GTNH_2.9.0-beta-3_Recipes_bartworks_GTNEIDefaultHandler_electricimplosioncompressor_0.json.html	
维基:data	Data_Versions_GTNH_2.9.0-beta-3_Recipes_bartworks_GTNEIDefaultHandler_radhatch_0.json	wiki.data	Data_Versions_GTNH_2.9.0-beta-3_Recipes_bartworks_GTNEIDefaultHandler_radhatch_0.json.html	
维基:data	Data_Versions_GTNH_2.9.0-beta-3_Recipes_bq_standard_QuestRecipeHandler_bq_quest_0.json	wiki.data	Data_Versions_GTNH_2.9.0-beta-3_Recipes_bq_standard_QuestRecipeHandler_bq_quest_0.json.html	
维基:data	Data_Versions_GTNH_2.9.0-beta-3_Recipes_bq_standard_QuestRecipeHandler_bq_quest_1.json	wiki.data	Data_Versions_GTNH_2.9.0-beta-3_Recipes_bq_standard_QuestRecipeHandler_bq_quest_1.json.html	
维基:data	Data_Versions_GTNH_2.9.0-beta-3_Recipes_cropsnh_CropsNHNEICropBreederHandler_cropBreeder_0.json	wiki.data	Data_Versions_GTNH_2.9.0-beta-3_Recipes_cropsnh_CropsNHNEICropBreederHandler_cropBreeder_0.json.html	
维基:data	Data_Versions_GTNH_2.9.0-beta-3_Recipes_cropsnh_CropsNHNEICropBreederHandler_cropBreeder_1.json	wiki.data	Data_Versions_GTNH_2.9.0-beta-3_Recipes_cropsnh_CropsNHNEICropBreederHandler_cropBreeder_1.json.html	
维基:data	Data_Versions_GTNH_2.9.0-beta-3_Recipes_cropsnh_CropsNHNEICropBreederHandler_cropBreeder_2.json	wiki.data	Data_Versions_GTNH_2.9.0-beta-3_Recipes_cropsnh_CropsNHNEICropBreederHandler_cropBreeder_2.json.html	
维基:data	Data_Versions_GTNH_2.9.0-beta-3_Recipes_cropsnh_CropsNHNEICropBreederHandler_cropBreeder_3.json	wiki.data	Data_Versions_GTNH_2.9.0-beta-3_Recipes_cropsnh_CropsNHNEICropBreederHandler_cropBreeder_3.json.html	
维基:data	Data_Versions_GTNH_2.9.0-beta-3_Recipes_cropsnh_CropsNHNEICropBreederHandler_cropBreeder_4.json	wiki.data	Data_Versions_GTNH_2.9.0-beta-3_Recipes_cropsnh_CropsNHNEICropBreederHandler_cropBreeder_4.json.html	
维基:data	Data_Versions_GTNH_2.9.0-beta-3_Recipes_cropsnh_CropsNHNEICropGeneExtractorHandler_cropGeneExtractor_0.json	wiki.data	Data_Versions_GTNH_2.9.0-beta-3_Recipes_cropsnh_CropsNHNEICropGeneExtractorHandler_cropGeneExtractor_0.json.html	
维基:data	Data_Versions_GTNH_2.9.0-beta-3_Recipes_cropsnh_CropsNHNEICropGeneExtractorHandler_cropGeneExtractor_1.json	wiki.data	Data_Versions_GTNH_2.9.0-beta-3_Recipes_cropsnh_CropsNHNEICropGeneExtractorHandler_cropGeneExtractor_1.json.html	
维基:data	Data_Versions_GTNH_2.9.0-beta-3_Recipes_cropsnh_CropsNHNEICropGeneExtractorHandler_cropGeneExtractor_2.json	wiki.data	Data_Versions_GTNH_2.9.0-beta-3_Recipes_cropsnh_CropsNHNEICropGeneExtractorHandler_cropGeneExtractor_2.json.html	
维基:data	Data_Versions_GTNH_2.9.0-beta-3_Recipes_cropsnh_CropsNHNEICropGeneExtractorHandler_cropGeneExtractor_4.json	wiki.data	Data_Versions_GTNH_2.9.0-beta-3_Recipes_cropsnh_CropsNHNEICropGeneExtractorHandler_cropGeneExtractor_4.json.html	
维基:data	Data_Versions_GTNH_2.9.0-beta-3_Recipes_cropsnh_CropsNHNEICropSynthesizerHandler_cropSynthesizer_0.json	wiki.data	Data_Versions_GTNH_2.9.0-beta-3_Recipes_cropsnh_CropsNHNEICropSynthesizerHandler_cropSynthesizer_0.json.html	
维基:data	Data_Versions_GTNH_2.9.0-beta-3_Recipes_cropsnh_CropsNHNEICropSynthesizerHandler_cropSynthesizer_1.json	wiki.data	Data_Versions_GTNH_2.9.0-beta-3_Recipes_cropsnh_CropsNHNEICropSynthesizerHandler_cropSynthesizer_1.json.html	
维基:data	Data_Versions_GTNH_2.9.0-beta-3_Recipes_cropsnh_CropsNHNEISeedGeneratorHandler_seedGenerator_0.json	wiki.data	Data_Versions_GTNH_2.9.0-beta-3_Recipes_cropsnh_CropsNHNEISeedGeneratorHandler_seedGenerator_0.json.html	
维基:data	Data_Versions_GTNH_2.9.0-beta-3_Recipes_cropsnh_CropsNHNEISeedGeneratorHandler_seedGenerator_1.json	wiki.data	Data_Versions_GTNH_2.9.0-beta-3_Recipes_cropsnh_CropsNHNEISeedGeneratorHandler_seedGenerator_1.json.html	
维基:data	Data_Versions_GTNH_2.9.0-beta-3_Recipes_cropsnh_NEICropsNHAlternateSeedHandler_cropsnhAlternateSeeds_0.json	wiki.data	Data_Versions_GTNH_2.9.0-beta-3_Recipes_cropsnh_NEICropsNHAlternateSeedHandler_cropsnhAlternateSeeds_0.json.html	
维基:data	Data_Versions_GTNH_2.9.0-beta-3_Recipes_cropsnh_NEICropsNHCropHandler_cropsnhCrops_0.json	wiki.data	Data_Versions_GTNH_2.9.0-beta-3_Recipes_cropsnh_NEICropsNHCropHandler_cropsnhCrops_0.json.html	
维基:data	Data_Versions_GTNH_2.9.0-beta-3_Recipes_cropsnh_NEICropsNHCropstickBreedingHandler_cropsnhBreeding_0.json	wiki.data	Data_Versions_GTNH_2.9.0-beta-3_Recipes_cropsnh_NEICropsNHCropstickBreedingHandler_cropsnhBreeding_0.json.html	
维基:data	Data_Versions_GTNH_2.9.0-beta-3_Recipes_cropsnh_NEICropsNHMutationPoolHandler_mutationPool_0.json	wiki.data	Data_Versions_GTNH_2.9.0-beta-3_Recipes_cropsnh_NEICropsNHMutationPoolHandler_mutationPool_0.json.html	
维基:data	Data_Versions_GTNH_2.9.0-beta-3_Recipes_enhancedlootbags_enhancedlootbags_enhancedlootbags_0.json	wiki.data	Data_Versions_GTNH_2.9.0-beta-3_Recipes_enhancedlootbags_enhancedlootbags_enhancedlootbags_0.json.html	
维基:data	Data_Versions_GTNH_2.9.0-beta-3_Recipes_etfuturum_BlastFurnaceRecipeHandler_blastfurnace_0.json	wiki.data	Data_Versions_GTNH_2.9.0-beta-3_Recipes_etfuturum_BlastFurnaceRecipeHandler_blastfurnace_0.json.html	
维基:data	Data_Versions_GTNH_2.9.0-beta-3_Recipes_etfuturum_BlastFurnaceRecipeHandler_blastfurnace_1.json	wiki.data	Data_Versions_GTNH_2.9.0-beta-3_Recipes_etfuturum_BlastFurnaceRecipeHandler_blastfurnace_1.json.html	
维基:data	Data_Versions_GTNH_2.9.0-beta-3_Recipes_etfuturum_SmokerRecipeHandler_smoker_0.json	wiki.data	Data_Versions_GTNH_2.9.0-beta-3_Recipes_etfuturum_SmokerRecipeHandler_smoker_0.json.html	
维基:data	Data_Versions_GTNH_2.9.0-beta-3_Recipes_gregtech_GTNEIDefaultHandler_RTGgenerators_0.json	wiki.data	Data_Versions_GTNH_2.9.0-beta-3_Recipes_gregtech_GTNEIDefaultHandler_RTGgenerators_0.json.html	
维基:data	Data_Versions_GTNH_2.9.0-beta-3_Recipes_gregtech_GTNEIDefaultHandler_abs_non_alloy_recipes_0.json	wiki.data	Data_Versions_GTNH_2.9.0-beta-3_Recipes_gregtech_GTNEIDefaultHandler_abs_non_alloy_recipes_0.json.html	
维基:data	Data_Versions_GTNH_2.9.0-beta-3_Recipes_gregtech_GTNEIDefaultHandler_algae_pond_0.json	wiki.data	Data_Versions_GTNH_2.9.0-beta-3_Recipes_gregtech_GTNEIDefaultHandler_algae_pond_0.json.html	
维基:data	Data_Versions_GTNH_2.9.0-beta-3_Recipes_gregtech_GTNEIDefaultHandler_alloy_smelter_molding_0.json	wiki.data	Data_Versions_GTNH_2.9.0-beta-3_Recipes_gregtech_GTNEIDefaultHandler_alloy_smelter_molding_0.json.html	
维基:data	Data_Versions_GTNH_2.9.0-beta-3_Recipes_gregtech_GTNEIDefaultHandler_alloy_smelter_recycling_0.json	wiki.data	Data_Versions_GTNH_2.9.0-beta-3_Recipes_gregtech_GTNEIDefaultHandler_alloy_smelter_recycling_0.json.html	
维基:data	Data_Versions_GTNH_2.9.0-beta-3_Recipes_gregtech_GTNEIDefaultHandler_alloy_smelter_recycling_1.json	wiki.data	Data_Versions_GTNH_2.9.0-beta-3_Recipes_gregtech_GTNEIDefaultHandler_alloy_smelter_recycling_1.json.html	
维基:data	Data_Versions_GTNH_2.9.0-beta-3_Recipes_gregtech_GTNEIDefaultHandler_alloyblastsmelter_0.json	wiki.data	Data_Versions_GTNH_2.9.0-beta-3_Recipes_gregtech_GTNEIDefaultHandler_alloyblastsmelter_0.json.html	
维基:data	Data_Versions_GTNH_2.9.0-beta-3_Recipes_gregtech_GTNEIDefaultHandler_alloysmelter_0.json	wiki.data	Data_Versions_GTNH_2.9.0-beta-3_Recipes_gregtech_GTNEIDefaultHandler_alloysmelter_0.json.html	
维基:data	Data_Versions_GTNH_2.9.0-beta-3_Recipes_gregtech_GTNEIDefaultHandler_arc_furnace_recycling_0.json	wiki.data	Data_Versions_GTNH_2.9.0-beta-3_Recipes_gregtech_GTNEIDefaultHandler_arc_furnace_recycling_0.json.html	
维基:data	Data_Versions_GTNH_2.9.0-beta-3_Recipes_gregtech_GTNEIDefaultHandler_arc_furnace_recycling_1.json	wiki.data	Data_Versions_GTNH_2.9.0-beta-3_Recipes_gregtech_GTNEIDefaultHandler_arc_furnace_recycling_1.json.html	
维基:data	Data_Versions_GTNH_2.9.0-beta-3_Recipes_gregtech_GTNEIDefaultHandler_arc_furnace_recycling_2.json	wiki.data	Data_Versions_GTNH_2.9.0-beta-3_Recipes_gregtech_GTNEIDefaultHandler_arc_furnace_recycling_2.json.html	
维基:data	Data_Versions_GTNH_2.9.0-beta-3_Recipes_gregtech_GTNEIDefaultHandler_arcfurnace_0.json	wiki.data	Data_Versions_GTNH_2.9.0-beta-3_Recipes_gregtech_GTNEIDefaultHandler_arcfurnace_0.json.html	
维基:data	Data_Versions_GTNH_2.9.0-beta-3_Recipes_gregtech_GTNEIDefaultHandler_assembler_0.json	wiki.data	Data_Versions_GTNH_2.9.0-beta-3_Recipes_gregtech_GTNEIDefaultHandler_assembler_0.json.html	
维基:data	Data_Versions_GTNH_2.9.0-beta-3_Recipes_gregtech_GTNEIDefaultHandler_assembler_1.json	wiki.data	Data_Versions_GTNH_2.9.0-beta-3_Recipes_gregtech_GTNEIDefaultHandler_assembler_1.json.html	
维基:data	Data_Versions_GTNH_2.9.0-beta-3_Recipes_gregtech_GTNEIDefaultHandler_assembler_2.json	wiki.data	Data_Versions_GTNH_2.9.0-beta-3_Recipes_gregtech_GTNEIDefaultHandler_assembler_2.json.html	
维基:data	Data_Versions_GTNH_2.9.0-beta-3_Recipes_gregtech_GTNEIDefaultHandler_assemblymatrix_0.json	wiki.data	Data_Versions_GTNH_2.9.0-beta-3_Recipes_gregtech_GTNEIDefaultHandler_assemblymatrix_0.json.html	
维基:data	Data_Versions_GTNH_2.9.0-beta-3_Recipes_gregtech_GTNEIDefaultHandler_autoclave_0.json	wiki.data	Data_Versions_GTNH_2.9.0-beta-3_Recipes_gregtech_GTNEIDefaultHandler_autoclave_0.json.html	
维基:data	Data_Versions_GTNH_2.9.0-beta-3_Recipes_gregtech_GTNEIDefaultHandler_beamcrafter_0.json	wiki.data	Data_Versions_GTNH_2.9.0-beta-3_Recipes_gregtech_GTNEIDefaultHandler_beamcrafter_0.json.html	
维基:data	Data_Versions_GTNH_2.9.0-beta-3_Recipes_gregtech_GTNEIDefaultHandler_biologicalcoordinator_0.json	wiki.data	Data_Versions_GTNH_2.9.0-beta-3_Recipes_gregtech_GTNEIDefaultHandler_biologicalcoordinator_0.json.html	
维基:data	Data_Versions_GTNH_2.9.0-beta-3_Recipes_gregtech_GTNEIDefaultHandler_blastfurnace_0.json	wiki.data	Data_Versions_GTNH_2.9.0-beta-3_Recipes_gregtech_GTNEIDefaultHandler_blastfurnace_0.json.html	
维基:data	Data_Versions_GTNH_2.9.0-beta-3_Recipes_gregtech_GTNEIDefaultHandler_boardprocessor_0.json	wiki.data	Data_Versions_GTNH_2.9.0-beta-3_Recipes_gregtech_GTNEIDefaultHandler_boardprocessor_0.json.html	
维基:data	Data_Versions_GTNH_2.9.0-beta-3_Recipes_gregtech_GTNEIDefaultHandler_brewer_0.json	wiki.data	Data_Versions_GTNH_2.9.0-beta-3_Recipes_gregtech_GTNEIDefaultHandler_brewer_0.json.html	
维基:data	Data_Versions_GTNH_2.9.0-beta-3_Recipes_gregtech_GTNEIDefaultHandler_cable_0.json	wiki.data	Data_Versions_GTNH_2.9.0-beta-3_Recipes_gregtech_GTNEIDefaultHandler_cable_0.json.html	
维基:data	Data_Versions_GTNH_2.9.0-beta-3_Recipes_gregtech_GTNEIDefaultHandler_canner_0.json	wiki.data	Data_Versions_GTNH_2.9.0-beta-3_Recipes_gregtech_GTNEIDefaultHandler_canner_0.json.html	
维基:data	Data_Versions_GTNH_2.9.0-beta-3_Recipes_gregtech_GTNEIDefaultHandler_cauldron_0.json	wiki.data	Data_Versions_GTNH_2.9.0-beta-3_Recipes_gregtech_GTNEIDefaultHandler_cauldron_0.json.html	
维基:data	Data_Versions_GTNH_2.9.0-beta-3_Recipes_gregtech_GTNEIDefaultHandler_centrifuge_0.json	wiki.data	Data_Versions_GTNH_2.9.0-beta-3_Recipes_gregtech_GTNEIDefaultHandler_centrifuge_0.json.html	
维基:data	Data_Versions_GTNH_2.9.0-beta-3_Recipes_gregtech_GTNEIDefaultHandler_chemicalbath_0.json	wiki.data	Data_Versions_GTNH_2.9.0-beta-3_Recipes_gregtech_GTNEIDefaultHandler_chemicalbath_0.json.html	
维基:data	Data_Versions_GTNH_2.9.0-beta-3_Recipes_gregtech_GTNEIDefaultHandler_chemicaldehydrator_0.json	wiki.data	Data_Versions_GTNH_2.9.0-beta-3_Recipes_gregtech_GTNEIDefaultHandler_chemicaldehydrator_0.json.html	
维基:data	Data_Versions_GTNH_2.9.0-beta-3_Recipes_gregtech_GTNEIDefaultHandler_chemicalreactor_0.json	wiki.data	Data_Versions_GTNH_2.9.0-beta-3_Recipes_gregtech_GTNEIDefaultHandler_chemicalreactor_0.json.html	
维基:data	Data_Versions_GTNH_2.9.0-beta-3_Recipes_gregtech_GTNEIDefaultHandler_circuitassembler_0.json	wiki.data	Data_Versions_GTNH_2.9.0-beta-3_Recipes_gregtech_GTNEIDefaultHandler_circuitassembler_0.json.html	
维基:data	Data_Versions_GTNH_2.9.0-beta-3_Recipes_gregtech_GTNEIDefaultHandler_cokeoven_0.json	wiki.data	Data_Versions_GTNH_2.9.0-beta-3_Recipes_gregtech_GTNEIDefaultHandler_cokeoven_0.json.html	
维基:data	Data_Versions_GTNH_2.9.0-beta-3_Recipes_gregtech_GTNEIDefaultHandler_coldtrap_0.json	wiki.data	Data_Versions_GTNH_2.9.0-beta-3_Recipes_gregtech_GTNEIDefaultHandler_coldtrap_0.json.html	
维基:data	Data_Versions_GTNH_2.9.0-beta-3_Recipes_gregtech_GTNEIDefaultHandler_compressor_0.json	wiki.data	Data_Versions_GTNH_2.9.0-beta-3_Recipes_gregtech_GTNEIDefaultHandler_compressor_0.json.html	
维基:data	Data_Versions_GTNH_2.9.0-beta-3_Recipes_gregtech_GTNEIDefaultHandler_conversion_0.json	wiki.data	Data_Versions_GTNH_2.9.0-beta-3_Recipes_gregtech_GTNEIDefaultHandler_conversion_0.json.html	
维基:data	Data_Versions_GTNH_2.9.0-beta-3_Recipes_gregtech_GTNEIDefaultHandler_craker_0.json	wiki.data	Data_Versions_GTNH_2.9.0-beta-3_Recipes_gregtech_GTNEIDefaultHandler_craker_0.json.html	
维基:data	Data_Versions_GTNH_2.9.0-beta-3_Recipes_gregtech_GTNEIDefaultHandler_cuttingchamber_0.json	wiki.data	Data_Versions_GTNH_2.9.0-beta-3_Recipes_gregtech_GTNEIDefaultHandler_cuttingchamber_0.json.html	
维基:data	Data_Versions_GTNH_2.9.0-beta-3_Recipes_gregtech_GTNEIDefaultHandler_cyclotron_0.json	wiki.data	Data_Versions_GTNH_2.9.0-beta-3_Recipes_gregtech_GTNEIDefaultHandler_cyclotron_0.json.html	
维基:data	Data_Versions_GTNH_2.9.0-beta-3_Recipes_gregtech_GTNEIDefaultHandler_dieselgeneratorfuel_0.json	wiki.data	Data_Versions_GTNH_2.9.0-beta-3_Recipes_gregtech_GTNEIDefaultHandler_dieselgeneratorfuel_0.json.html	
维基:data	Data_Versions_GTNH_2.9.0-beta-3_Recipes_gregtech_GTNEIDefaultHandler_distillationtower_0.json	wiki.data	Data_Versions_GTNH_2.9.0-beta-3_Recipes_gregtech_GTNEIDefaultHandler_distillationtower_0.json.html	
维基:data	Data_Versions_GTNH_2.9.0-beta-3_Recipes_gregtech_GTNEIDefaultHandler_distillery_0.json	wiki.data	Data_Versions_GTNH_2.9.0-beta-3_Recipes_gregtech_GTNEIDefaultHandler_distillery_0.json.html	
维基:data	Data_Versions_GTNH_2.9.0-beta-3_Recipes_gregtech_GTNEIDefaultHandler_electrolyzer_0.json	wiki.data	Data_Versions_GTNH_2.9.0-beta-3_Recipes_gregtech_GTNEIDefaultHandler_electrolyzer_0.json.html	
维基:data	Data_Versions_GTNH_2.9.0-beta-3_Recipes_gregtech_GTNEIDefaultHandler_electromagneticseparator_0.json	wiki.data	Data_Versions_GTNH_2.9.0-beta-3_Recipes_gregtech_GTNEIDefaultHandler_electromagneticseparator_0.json.html	
维基:data	Data_Versions_GTNH_2.9.0-beta-3_Recipes_gregtech_GTNEIDefaultHandler_encasementwrapper_0.json	wiki.data	Data_Versions_GTNH_2.9.0-beta-3_Recipes_gregtech_GTNEIDefaultHandler_encasementwrapper_0.json.html	
维基:data	Data_Versions_GTNH_2.9.0-beta-3_Recipes_gregtech_GTNEIDefaultHandler_etchingarray_0.json	wiki.data	Data_Versions_GTNH_2.9.0-beta-3_Recipes_gregtech_GTNEIDefaultHandler_etchingarray_0.json.html	
维基:data	Data_Versions_GTNH_2.9.0-beta-3_Recipes_gregtech_GTNEIDefaultHandler_extractor_0.json	wiki.data	Data_Versions_GTNH_2.9.0-beta-3_Recipes_gregtech_GTNEIDefaultHandler_extractor_0.json.html	
维基:data	Data_Versions_GTNH_2.9.0-beta-3_Recipes_gregtech_GTNEIDefaultHandler_extrahugenaquadahreactor_0.json	wiki.data	Data_Versions_GTNH_2.9.0-beta-3_Recipes_gregtech_GTNEIDefaultHandler_extrahugenaquadahreactor_0.json.html	
维基:data	Data_Versions_GTNH_2.9.0-beta-3_Recipes_gregtech_GTNEIDefaultHandler_extremedieselgeneratorfuel_0.json	wiki.data	Data_Versions_GTNH_2.9.0-beta-3_Recipes_gregtech_GTNEIDefaultHandler_extremedieselgeneratorfuel_0.json.html	
维基:data	Data_Versions_GTNH_2.9.0-beta-3_Recipes_gregtech_GTNEIDefaultHandler_extruder_0.json	wiki.data	Data_Versions_GTNH_2.9.0-beta-3_Recipes_gregtech_GTNEIDefaultHandler_extruder_0.json.html	
维基:data	Data_Versions_GTNH_2.9.0-beta-3_Recipes_gregtech_GTNEIDefaultHandler_fakeAssemblylineProcess_0.json	wiki.data	Data_Versions_GTNH_2.9.0-beta-3_Recipes_gregtech_GTNEIDefaultHandler_fakeAssemblylineProcess_0.json.html	
维基:data	Data_Versions_GTNH_2.9.0-beta-3_Recipes_gregtech_GTNEIDefaultHandler_fakecuttingsaw_0.json	wiki.data	Data_Versions_GTNH_2.9.0-beta-3_Recipes_gregtech_GTNEIDefaultHandler_fakecuttingsaw_0.json.html	
维基:data	Data_Versions_GTNH_2.9.0-beta-3_Recipes_gregtech_GTNEIDefaultHandler_fakespaceprojects_0.json	wiki.data	Data_Versions_GTNH_2.9.0-beta-3_Recipes_gregtech_GTNEIDefaultHandler_fakespaceprojects_0.json.html	
维基:data	Data_Versions_GTNH_2.9.0-beta-3_Recipes_gregtech_GTNEIDefaultHandler_fermenter_0.json	wiki.data	Data_Versions_GTNH_2.9.0-beta-3_Recipes_gregtech_GTNEIDefaultHandler_fermenter_0.json.html	
维基:data	Data_Versions_GTNH_2.9.0-beta-3_Recipes_gregtech_GTNEIDefaultHandler_fishpond_0.json	wiki.data	Data_Versions_GTNH_2.9.0-beta-3_Recipes_gregtech_GTNEIDefaultHandler_fishpond_0.json.html	
维基:data	Data_Versions_GTNH_2.9.0-beta-3_Recipes_gregtech_GTNEIDefaultHandler_fissionfuel_0.json	wiki.data	Data_Versions_GTNH_2.9.0-beta-3_Recipes_gregtech_GTNEIDefaultHandler_fissionfuel_0.json.html	
维基:data	Data_Versions_GTNH_2.9.0-beta-3_Recipes_gregtech_GTNEIDefaultHandler_flotationcell_0.json	wiki.data	Data_Versions_GTNH_2.9.0-beta-3_Recipes_gregtech_GTNEIDefaultHandler_flotationcell_0.json.html	
维基:data	Data_Versions_GTNH_2.9.0-beta-3_Recipes_gregtech_GTNEIDefaultHandler_fluid_extractor_recycling_0.json	wiki.data	Data_Versions_GTNH_2.9.0-beta-3_Recipes_gregtech_GTNEIDefaultHandler_fluid_extractor_recycling_0.json.html	
维基:data	Data_Versions_GTNH_2.9.0-beta-3_Recipes_gregtech_GTNEIDefaultHandler_fluid_extractor_recycling_1.json	wiki.data	Data_Versions_GTNH_2.9.0-beta-3_Recipes_gregtech_GTNEIDefaultHandler_fluid_extractor_recycling_1.json.html	
维基:data	Data_Versions_GTNH_2.9.0-beta-3_Recipes_gregtech_GTNEIDefaultHandler_fluidchemicaleactor_0.json	wiki.data	Data_Versions_GTNH_2.9.0-beta-3_Recipes_gregtech_GTNEIDefaultHandler_fluidchemicaleactor_0.json.html	
维基:data	Data_Versions_GTNH_2.9.0-beta-3_Recipes_gregtech_GTNEIDefaultHandler_fluidextractor_0.json	wiki.data	Data_Versions_GTNH_2.9.0-beta-3_Recipes_gregtech_GTNEIDefaultHandler_fluidextractor_0.json.html	
维基:data	Data_Versions_GTNH_2.9.0-beta-3_Recipes_gregtech_GTNEIDefaultHandler_fluidheater_0.json	wiki.data	Data_Versions_GTNH_2.9.0-beta-3_Recipes_gregtech_GTNEIDefaultHandler_fluidheater_0.json.html	
维基:data	Data_Versions_GTNH_2.9.0-beta-3_Recipes_gregtech_GTNEIDefaultHandler_fluidnaquadahreactor_0.json	wiki.data	Data_Versions_GTNH_2.9.0-beta-3_Recipes_gregtech_GTNEIDefaultHandler_fluidnaquadahreactor_0.json.html	
维基:data	Data_Versions_GTNH_2.9.0-beta-3_Recipes_gregtech_GTNEIDefaultHandler_fluidsolidifier_0.json	wiki.data	Data_Versions_GTNH_2.9.0-beta-3_Recipes_gregtech_GTNEIDefaultHandler_fluidsolidifier_0.json.html	
维基:data	Data_Versions_GTNH_2.9.0-beta-3_Recipes_gregtech_GTNEIDefaultHandler_fluidsolidifier_1.json	wiki.data	Data_Versions_GTNH_2.9.0-beta-3_Recipes_gregtech_GTNEIDefaultHandler_fluidsolidifier_1.json.html	
维基:data	Data_Versions_GTNH_2.9.0-beta-3_Recipes_gregtech_GTNEIDefaultHandler_forge_hammer_recycling_0.json	wiki.data	Data_Versions_GTNH_2.9.0-beta-3_Recipes_gregtech_GTNEIDefaultHandler_forge_hammer_recycling_0.json.html	
维基:data	Data_Versions_GTNH_2.9.0-beta-3_Recipes_gregtech_GTNEIDefaultHandler_foundry_modules_0.json	wiki.data	Data_Versions_GTNH_2.9.0-beta-3_Recipes_gregtech_GTNEIDefaultHandler_foundry_modules_0.json.html	
维基:data	Data_Versions_GTNH_2.9.0-beta-3_Recipes_gregtech_GTNEIDefaultHandler_fusionreactor_0.json	wiki.data	Data_Versions_GTNH_2.9.0-beta-3_Recipes_gregtech_GTNEIDefaultHandler_fusionreactor_0.json.html	
维基:data	Data_Versions_GTNH_2.9.0-beta-3_Recipes_gregtech_GTNEIDefaultHandler_gasturbinefuel_0.json	wiki.data	Data_Versions_GTNH_2.9.0-beta-3_Recipes_gregtech_GTNEIDefaultHandler_gasturbinefuel_0.json.html	
维基:data	Data_Versions_GTNH_2.9.0-beta-3_Recipes_gregtech_GTNEIDefaultHandler_hammer_0.json	wiki.data	Data_Versions_GTNH_2.9.0-beta-3_Recipes_gregtech_GTNEIDefaultHandler_hammer_0.json.html	
维基:data	Data_Versions_GTNH_2.9.0-beta-3_Recipes_gregtech_GTNEIDefaultHandler_hammer_1.json	wiki.data	Data_Versions_GTNH_2.9.0-beta-3_Recipes_gregtech_GTNEIDefaultHandler_hammer_1.json.html	
维基:data	Data_Versions_GTNH_2.9.0-beta-3_Recipes_gregtech_GTNEIDefaultHandler_hugenaquadahreactor_0.json	wiki.data	Data_Versions_GTNH_2.9.0-beta-3_Recipes_gregtech_GTNEIDefaultHandler_hugenaquadahreactor_0.json.html	
维基:data	Data_Versions_GTNH_2.9.0-beta-3_Recipes_gregtech_GTNEIDefaultHandler_ic2nuke_0.json	wiki.data	Data_Versions_GTNH_2.9.0-beta-3_Recipes_gregtech_GTNEIDefaultHandler_ic2nuke_0.json.html	
维基:data	Data_Versions_GTNH_2.9.0-beta-3_Recipes_gregtech_GTNEIDefaultHandler_icecreammachine_0.json	wiki.data	Data_Versions_GTNH_2.9.0-beta-3_Recipes_gregtech_GTNEIDefaultHandler_icecreammachine_0.json.html	
维基:data	Data_Versions_GTNH_2.9.0-beta-3_Recipes_gregtech_GTNEIDefaultHandler_implosioncompressor_0.json	wiki.data	Data_Versions_GTNH_2.9.0-beta-3_Recipes_gregtech_GTNEIDefaultHandler_implosioncompressor_0.json.html	
维基:data	Data_Versions_GTNH_2.9.0-beta-3_Recipes_gregtech_GTNEIDefaultHandler_industrialcokeoven_0.json	wiki.data	Data_Versions_GTNH_2.9.0-beta-3_Recipes_gregtech_GTNEIDefaultHandler_industrialcokeoven_0.json.html	
维基:data	Data_Versions_GTNH_2.9.0-beta-3_Recipes_gregtech_GTNEIDefaultHandler_isotope-decay_0.json	wiki.data	Data_Versions_GTNH_2.9.0-beta-3_Recipes_gregtech_GTNEIDefaultHandler_isotope-decay_0.json.html	
维基:data	Data_Versions_GTNH_2.9.0-beta-3_Recipes_gregtech_GTNEIDefaultHandler_large_hadron_collider_0.json	wiki.data	Data_Versions_GTNH_2.9.0-beta-3_Recipes_gregtech_GTNEIDefaultHandler_large_hadron_collider_0.json.html	
维基:data	Data_Versions_GTNH_2.9.0-beta-3_Recipes_gregtech_GTNEIDefaultHandler_largeboilerfakefuels_0.json	wiki.data	Data_Versions_GTNH_2.9.0-beta-3_Recipes_gregtech_GTNEIDefaultHandler_largeboilerfakefuels_0.json.html	
维基:data	Data_Versions_GTNH_2.9.0-beta-3_Recipes_gregtech_GTNEIDefaultHandler_largechemicalreactor_0.json	wiki.data	Data_Versions_GTNH_2.9.0-beta-3_Recipes_gregtech_GTNEIDefaultHandler_largechemicalreactor_0.json.html	
维基:data	Data_Versions_GTNH_2.9.0-beta-3_Recipes_gregtech_GTNEIDefaultHandler_largenaquadahreactor_0.json	wiki.data	Data_Versions_GTNH_2.9.0-beta-3_Recipes_gregtech_GTNEIDefaultHandler_largenaquadahreactor_0.json.html	
维基:data	Data_Versions_GTNH_2.9.0-beta-3_Recipes_gregtech_GTNEIDefaultHandler_laserengraver_0.json	wiki.data	Data_Versions_GTNH_2.9.0-beta-3_Recipes_gregtech_GTNEIDefaultHandler_laserengraver_0.json.html	
维基:data	Data_Versions_GTNH_2.9.0-beta-3_Recipes_gregtech_GTNEIDefaultHandler_lathe_0.json	wiki.data	Data_Versions_GTNH_2.9.0-beta-3_Recipes_gregtech_GTNEIDefaultHandler_lathe_0.json.html	
维基:data	Data_Versions_GTNH_2.9.0-beta-3_Recipes_gregtech_GTNEIDefaultHandler_lftr_0.json	wiki.data	Data_Versions_GTNH_2.9.0-beta-3_Recipes_gregtech_GTNEIDefaultHandler_lftr_0.json.html	
维基:data	Data_Versions_GTNH_2.9.0-beta-3_Recipes_gregtech_GTNEIDefaultHandler_macerator_0.json	wiki.data	Data_Versions_GTNH_2.9.0-beta-3_Recipes_gregtech_GTNEIDefaultHandler_macerator_0.json.html	
维基:data	Data_Versions_GTNH_2.9.0-beta-3_Recipes_gregtech_GTNEIDefaultHandler_macerator_1.json	wiki.data	Data_Versions_GTNH_2.9.0-beta-3_Recipes_gregtech_GTNEIDefaultHandler_macerator_1.json.html	
维基:data	Data_Versions_GTNH_2.9.0-beta-3_Recipes_gregtech_GTNEIDefaultHandler_macerator_2.json	wiki.data	Data_Versions_GTNH_2.9.0-beta-3_Recipes_gregtech_GTNEIDefaultHandler_macerator_2.json.html	
维基:data	Data_Versions_GTNH_2.9.0-beta-3_Recipes_gregtech_GTNEIDefaultHandler_macerator_recycling_0.json	wiki.data	Data_Versions_GTNH_2.9.0-beta-3_Recipes_gregtech_GTNEIDefaultHandler_macerator_recycling_0.json.html	
维基:data	Data_Versions_GTNH_2.9.0-beta-3_Recipes_gregtech_GTNEIDefaultHandler_macerator_recycling_1.json	wiki.data	Data_Versions_GTNH_2.9.0-beta-3_Recipes_gregtech_GTNEIDefaultHandler_macerator_recycling_1.json.html	
维基:data	Data_Versions_GTNH_2.9.0-beta-3_Recipes_gregtech_GTNEIDefaultHandler_magicfuels_0.json	wiki.data	Data_Versions_GTNH_2.9.0-beta-3_Recipes_gregtech_GTNEIDefaultHandler_magicfuels_0.json.html	
维基:data	Data_Versions_GTNH_2.9.0-beta-3_Recipes_gregtech_GTNEIDefaultHandler_massfab_0.json	wiki.data	Data_Versions_GTNH_2.9.0-beta-3_Recipes_gregtech_GTNEIDefaultHandler_massfab_0.json.html	
维基:data	Data_Versions_GTNH_2.9.0-beta-3_Recipes_gregtech_GTNEIDefaultHandler_matterfab2_0.json	wiki.data	Data_Versions_GTNH_2.9.0-beta-3_Recipes_gregtech_GTNEIDefaultHandler_matterfab2_0.json.html	
维基:data	Data_Versions_GTNH_2.9.0-beta-3_Recipes_gregtech_GTNEIDefaultHandler_metalbender_0.json	wiki.data	Data_Versions_GTNH_2.9.0-beta-3_Recipes_gregtech_GTNEIDefaultHandler_metalbender_0.json.html	
维基:data	Data_Versions_GTNH_2.9.0-beta-3_Recipes_gregtech_GTNEIDefaultHandler_mixer_0.json	wiki.data	Data_Versions_GTNH_2.9.0-beta-3_Recipes_gregtech_GTNEIDefaultHandler_mixer_0.json.html	
维基:data	Data_Versions_GTNH_2.9.0-beta-3_Recipes_gregtech_GTNEIDefaultHandler_moleculartransformer_0.json	wiki.data	Data_Versions_GTNH_2.9.0-beta-3_Recipes_gregtech_GTNEIDefaultHandler_moleculartransformer_0.json.html	
维基:data	Data_Versions_GTNH_2.9.0-beta-3_Recipes_gregtech_GTNEIDefaultHandler_multiblockrockbreaker_0.json	wiki.data	Data_Versions_GTNH_2.9.0-beta-3_Recipes_gregtech_GTNEIDefaultHandler_multiblockrockbreaker_0.json.html	
维基:data	Data_Versions_GTNH_2.9.0-beta-3_Recipes_gregtech_GTNEIDefaultHandler_multicentrifuge_0.json	wiki.data	Data_Versions_GTNH_2.9.0-beta-3_Recipes_gregtech_GTNEIDefaultHandler_multicentrifuge_0.json.html	
维基:data	Data_Versions_GTNH_2.9.0-beta-3_Recipes_gregtech_GTNEIDefaultHandler_multidehydrator_0.json	wiki.data	Data_Versions_GTNH_2.9.0-beta-3_Recipes_gregtech_GTNEIDefaultHandler_multidehydrator_0.json.html	
维基:data	Data_Versions_GTNH_2.9.0-beta-3_Recipes_gregtech_GTNEIDefaultHandler_multielectro_0.json	wiki.data	Data_Versions_GTNH_2.9.0-beta-3_Recipes_gregtech_GTNEIDefaultHandler_multielectro_0.json.html	
维基:data	Data_Versions_GTNH_2.9.0-beta-3_Recipes_gregtech_GTNEIDefaultHandler_multimixer_0.json	wiki.data	Data_Versions_GTNH_2.9.0-beta-3_Recipes_gregtech_GTNEIDefaultHandler_multimixer_0.json.html	
维基:data	Data_Versions_GTNH_2.9.0-beta-3_Recipes_gregtech_GTNEIDefaultHandler_nanoforge_0.json	wiki.data	Data_Versions_GTNH_2.9.0-beta-3_Recipes_gregtech_GTNEIDefaultHandler_nanoforge_0.json.html	
维基:data	Data_Versions_GTNH_2.9.0-beta-3_Recipes_gregtech_GTNEIDefaultHandler_neutroniumcompressor_0.json	wiki.data	Data_Versions_GTNH_2.9.0-beta-3_Recipes_gregtech_GTNEIDefaultHandler_neutroniumcompressor_0.json.html	
维基:data	Data_Versions_GTNH_2.9.0-beta-3_Recipes_gregtech_GTNEIDefaultHandler_nuclearsaltprocessingplant_0.json	wiki.data	Data_Versions_GTNH_2.9.0-beta-3_Recipes_gregtech_GTNEIDefaultHandler_nuclearsaltprocessingplant_0.json.html	
维基:data	Data_Versions_GTNH_2.9.0-beta-3_Recipes_gregtech_GTNEIDefaultHandler_opticalorganizer_0.json	wiki.data	Data_Versions_GTNH_2.9.0-beta-3_Recipes_gregtech_GTNEIDefaultHandler_opticalorganizer_0.json.html	
维基:data	Data_Versions_GTNH_2.9.0-beta-3_Recipes_gregtech_GTNEIDefaultHandler_oremill_0.json	wiki.data	Data_Versions_GTNH_2.9.0-beta-3_Recipes_gregtech_GTNEIDefaultHandler_oremill_0.json.html	
维基:data	Data_Versions_GTNH_2.9.0-beta-3_Recipes_gregtech_GTNEIDefaultHandler_orewasher_0.json	wiki.data	Data_Versions_GTNH_2.9.0-beta-3_Recipes_gregtech_GTNEIDefaultHandler_orewasher_0.json.html	
维基:data	Data_Versions_GTNH_2.9.0-beta-3_Recipes_gregtech_GTNEIDefaultHandler_packager_0.json	wiki.data	Data_Versions_GTNH_2.9.0-beta-3_Recipes_gregtech_GTNEIDefaultHandler_packager_0.json.html	
维基:data	Data_Versions_GTNH_2.9.0-beta-3_Recipes_gregtech_GTNEIDefaultHandler_pcbfactory_0.json	wiki.data	Data_Versions_GTNH_2.9.0-beta-3_Recipes_gregtech_GTNEIDefaultHandler_pcbfactory_0.json.html	
维基:data	Data_Versions_GTNH_2.9.0-beta-3_Recipes_gregtech_GTNEIDefaultHandler_plasmaforge_0.json	wiki.data	Data_Versions_GTNH_2.9.0-beta-3_Recipes_gregtech_GTNEIDefaultHandler_plasmaforge_0.json.html	
维基:data	Data_Versions_GTNH_2.9.0-beta-3_Recipes_gregtech_GTNEIDefaultHandler_plasmageneratorfuels_0.json	wiki.data	Data_Versions_GTNH_2.9.0-beta-3_Recipes_gregtech_GTNEIDefaultHandler_plasmageneratorfuels_0.json.html	
维基:data	Data_Versions_GTNH_2.9.0-beta-3_Recipes_gregtech_GTNEIDefaultHandler_polarizer_0.json	wiki.data	Data_Versions_GTNH_2.9.0-beta-3_Recipes_gregtech_GTNEIDefaultHandler_polarizer_0.json.html	
维基:data	Data_Versions_GTNH_2.9.0-beta-3_Recipes_gregtech_GTNEIDefaultHandler_press_0.json	wiki.data	Data_Versions_GTNH_2.9.0-beta-3_Recipes_gregtech_GTNEIDefaultHandler_press_0.json.html	
维基:data	Data_Versions_GTNH_2.9.0-beta-3_Recipes_gregtech_GTNEIDefaultHandler_primitiveblastfurnace_0.json	wiki.data	Data_Versions_GTNH_2.9.0-beta-3_Recipes_gregtech_GTNEIDefaultHandler_primitiveblastfurnace_0.json.html	
维基:data	Data_Versions_GTNH_2.9.0-beta-3_Recipes_gregtech_GTNEIDefaultHandler_printer_0.json	wiki.data	Data_Versions_GTNH_2.9.0-beta-3_Recipes_gregtech_GTNEIDefaultHandler_printer_0.json.html	
维基:data	Data_Versions_GTNH_2.9.0-beta-3_Recipes_gregtech_GTNEIDefaultHandler_purificationplantclarifier_0.json	wiki.data	Data_Versions_GTNH_2.9.0-beta-3_Recipes_gregtech_GTNEIDefaultHandler_purificationplantclarifier_0.json.html	
维基:data	Data_Versions_GTNH_2.9.0-beta-3_Recipes_gregtech_GTNEIDefaultHandler_purificationplantdegasifier_0.json	wiki.data	Data_Versions_GTNH_2.9.0-beta-3_Recipes_gregtech_GTNEIDefaultHandler_purificationplantdegasifier_0.json.html	
维基:data	Data_Versions_GTNH_2.9.0-beta-3_Recipes_gregtech_GTNEIDefaultHandler_purificationplantflocculation_0.json	wiki.data	Data_Versions_GTNH_2.9.0-beta-3_Recipes_gregtech_GTNEIDefaultHandler_purificationplantflocculation_0.json.html	
维基:data	Data_Versions_GTNH_2.9.0-beta-3_Recipes_gregtech_GTNEIDefaultHandler_purificationplantozonation_0.json	wiki.data	Data_Versions_GTNH_2.9.0-beta-3_Recipes_gregtech_GTNEIDefaultHandler_purificationplantozonation_0.json.html	
维基:data	Data_Versions_GTNH_2.9.0-beta-3_Recipes_gregtech_GTNEIDefaultHandler_purificationplantphadjustment_0.json	wiki.data	Data_Versions_GTNH_2.9.0-beta-3_Recipes_gregtech_GTNEIDefaultHandler_purificationplantphadjustment_0.json.html	
维基:data	Data_Versions_GTNH_2.9.0-beta-3_Recipes_gregtech_GTNEIDefaultHandler_purificationplantplasmaheating_0.json	wiki.data	Data_Versions_GTNH_2.9.0-beta-3_Recipes_gregtech_GTNEIDefaultHandler_purificationplantplasmaheating_0.json.html	
维基:data	Data_Versions_GTNH_2.9.0-beta-3_Recipes_gregtech_GTNEIDefaultHandler_purificationplantquarkextractor_0.json	wiki.data	Data_Versions_GTNH_2.9.0-beta-3_Recipes_gregtech_GTNEIDefaultHandler_purificationplantquarkextractor_0.json.html	
维基:data	Data_Versions_GTNH_2.9.0-beta-3_Recipes_gregtech_GTNEIDefaultHandler_purificationplantuvtreatment_0.json	wiki.data	Data_Versions_GTNH_2.9.0-beta-3_Recipes_gregtech_GTNEIDefaultHandler_purificationplantuvtreatment_0.json.html	
维基:data	Data_Versions_GTNH_2.9.0-beta-3_Recipes_gregtech_GTNEIDefaultHandler_pyro_0.json	wiki.data	Data_Versions_GTNH_2.9.0-beta-3_Recipes_gregtech_GTNEIDefaultHandler_pyro_0.json.html	
维基:data	Data_Versions_GTNH_2.9.0-beta-3_Recipes_gregtech_GTNEIDefaultHandler_quantumcomputer_0.json	wiki.data	Data_Versions_GTNH_2.9.0-beta-3_Recipes_gregtech_GTNEIDefaultHandler_quantumcomputer_0.json.html	
维基:data	Data_Versions_GTNH_2.9.0-beta-3_Recipes_gregtech_GTNEIDefaultHandler_quantumforcesmelter_0.json	wiki.data	Data_Versions_GTNH_2.9.0-beta-3_Recipes_gregtech_GTNEIDefaultHandler_quantumforcesmelter_0.json.html	
维基:data	Data_Versions_GTNH_2.9.0-beta-3_Recipes_gregtech_GTNEIDefaultHandler_reactorprocessingunit_0.json	wiki.data	Data_Versions_GTNH_2.9.0-beta-3_Recipes_gregtech_GTNEIDefaultHandler_reactorprocessingunit_0.json.html	
维基:data	Data_Versions_GTNH_2.9.0-beta-3_Recipes_gregtech_GTNEIDefaultHandler_replicator_0.json	wiki.data	Data_Versions_GTNH_2.9.0-beta-3_Recipes_gregtech_GTNEIDefaultHandler_replicator_0.json.html	
维基:data	Data_Versions_GTNH_2.9.0-beta-3_Recipes_gregtech_GTNEIDefaultHandler_rockbreaker_0.json	wiki.data	Data_Versions_GTNH_2.9.0-beta-3_Recipes_gregtech_GTNEIDefaultHandler_rockbreaker_0.json.html	
维基:data	Data_Versions_GTNH_2.9.0-beta-3_Recipes_gregtech_GTNEIDefaultHandler_rocketenginefuel_0.json	wiki.data	Data_Versions_GTNH_2.9.0-beta-3_Recipes_gregtech_GTNEIDefaultHandler_rocketenginefuel_0.json.html	
维基:data	Data_Versions_GTNH_2.9.0-beta-3_Recipes_gregtech_GTNEIDefaultHandler_scanner_0.json	wiki.data	Data_Versions_GTNH_2.9.0-beta-3_Recipes_gregtech_GTNEIDefaultHandler_scanner_0.json.html	
维基:data	Data_Versions_GTNH_2.9.0-beta-3_Recipes_gregtech_GTNEIDefaultHandler_semifluidgeneratorfuels_0.json	wiki.data	Data_Versions_GTNH_2.9.0-beta-3_Recipes_gregtech_GTNEIDefaultHandler_semifluidgeneratorfuels_0.json.html	
维基:data	Data_Versions_GTNH_2.9.0-beta-3_Recipes_gregtech_GTNEIDefaultHandler_sifter_0.json	wiki.data	Data_Versions_GTNH_2.9.0-beta-3_Recipes_gregtech_GTNEIDefaultHandler_sifter_0.json.html	
维基:data	Data_Versions_GTNH_2.9.0-beta-3_Recipes_gregtech_GTNEIDefaultHandler_simplewasher_0.json	wiki.data	Data_Versions_GTNH_2.9.0-beta-3_Recipes_gregtech_GTNEIDefaultHandler_simplewasher_0.json.html	
维基:data	Data_Versions_GTNH_2.9.0-beta-3_Recipes_gregtech_GTNEIDefaultHandler_smallnaquadahreactor_0.json	wiki.data	Data_Versions_GTNH_2.9.0-beta-3_Recipes_gregtech_GTNEIDefaultHandler_smallnaquadahreactor_0.json.html	
维基:data	Data_Versions_GTNH_2.9.0-beta-3_Recipes_gregtech_GTNEIDefaultHandler_smdprocessor_0.json	wiki.data	Data_Versions_GTNH_2.9.0-beta-3_Recipes_gregtech_GTNEIDefaultHandler_smdprocessor_0.json.html	
维基:data	Data_Versions_GTNH_2.9.0-beta-3_Recipes_gregtech_GTNEIDefaultHandler_solarfactory_0.json	wiki.data	Data_Versions_GTNH_2.9.0-beta-3_Recipes_gregtech_GTNEIDefaultHandler_solarfactory_0.json.html	
维基:data	Data_Versions_GTNH_2.9.0-beta-3_Recipes_gregtech_GTNEIDefaultHandler_solartower_0.json	wiki.data	Data_Versions_GTNH_2.9.0-beta-3_Recipes_gregtech_GTNEIDefaultHandler_solartower_0.json.html	
维基:data	Data_Versions_GTNH_2.9.0-beta-3_Recipes_gregtech_GTNEIDefaultHandler_sparging_0.json	wiki.data	Data_Versions_GTNH_2.9.0-beta-3_Recipes_gregtech_GTNEIDefaultHandler_sparging_0.json.html	
维基:data	Data_Versions_GTNH_2.9.0-beta-3_Recipes_gregtech_GTNEIDefaultHandler_superconductorsplitter_0.json	wiki.data	Data_Versions_GTNH_2.9.0-beta-3_Recipes_gregtech_GTNEIDefaultHandler_superconductorsplitter_0.json.html	
维基:data	Data_Versions_GTNH_2.9.0-beta-3_Recipes_gregtech_GTNEIDefaultHandler_thermalboiler_0.json	wiki.data	Data_Versions_GTNH_2.9.0-beta-3_Recipes_gregtech_GTNEIDefaultHandler_thermalboiler_0.json.html	
维基:data	Data_Versions_GTNH_2.9.0-beta-3_Recipes_gregtech_GTNEIDefaultHandler_thermalcentrifuge_0.json	wiki.data	Data_Versions_GTNH_2.9.0-beta-3_Recipes_gregtech_GTNEIDefaultHandler_thermalcentrifuge_0.json.html	
维基:data	Data_Versions_GTNH_2.9.0-beta-3_Recipes_gregtech_GTNEIDefaultHandler_thermalgeneratorfuel_0.json	wiki.data	Data_Versions_GTNH_2.9.0-beta-3_Recipes_gregtech_GTNEIDefaultHandler_thermalgeneratorfuel_0.json.html	
维基:data	Data_Versions_GTNH_2.9.0-beta-3_Recipes_gregtech_GTNEIDefaultHandler_tic_bolt_molding_0.json	wiki.data	Data_Versions_GTNH_2.9.0-beta-3_Recipes_gregtech_GTNEIDefaultHandler_tic_bolt_molding_0.json.html	
维基:data	Data_Versions_GTNH_2.9.0-beta-3_Recipes_gregtech_GTNEIDefaultHandler_tic_bolt_molding_1.json	wiki.data	Data_Versions_GTNH_2.9.0-beta-3_Recipes_gregtech_GTNEIDefaultHandler_tic_bolt_molding_1.json.html	
维基:data	Data_Versions_GTNH_2.9.0-beta-3_Recipes_gregtech_GTNEIDefaultHandler_tic_bolt_molding_2.json	wiki.data	Data_Versions_GTNH_2.9.0-beta-3_Recipes_gregtech_GTNEIDefaultHandler_tic_bolt_molding_2.json.html	
维基:data	Data_Versions_GTNH_2.9.0-beta-3_Recipes_gregtech_GTNEIDefaultHandler_tic_bolt_molding_3.json	wiki.data	Data_Versions_GTNH_2.9.0-beta-3_Recipes_gregtech_GTNEIDefaultHandler_tic_bolt_molding_3.json.html	
维基:data	Data_Versions_GTNH_2.9.0-beta-3_Recipes_gregtech_GTNEIDefaultHandler_tic_bolt_molding_4.json	wiki.data	Data_Versions_GTNH_2.9.0-beta-3_Recipes_gregtech_GTNEIDefaultHandler_tic_bolt_molding_4.json.html	
维基:data	Data_Versions_GTNH_2.9.0-beta-3_Recipes_gregtech_GTNEIDefaultHandler_tic_bolt_molding_5.json	wiki.data	Data_Versions_GTNH_2.9.0-beta-3_Recipes_gregtech_GTNEIDefaultHandler_tic_bolt_molding_5.json.html	
维基:data	Data_Versions_GTNH_2.9.0-beta-3_Recipes_gregtech_GTNEIDefaultHandler_tic_bolt_molding_6.json	wiki.data	Data_Versions_GTNH_2.9.0-beta-3_Recipes_gregtech_GTNEIDefaultHandler_tic_bolt_molding_6.json.html	
维基:data	Data_Versions_GTNH_2.9.0-beta-3_Recipes_gregtech_GTNEIDefaultHandler_tic_part_extruding_0.json	wiki.data	Data_Versions_GTNH_2.9.0-beta-3_Recipes_gregtech_GTNEIDefaultHandler_tic_part_extruding_0.json.html	
维基:data	Data_Versions_GTNH_2.9.0-beta-3_Recipes_gregtech_GTNEIDefaultHandler_tic_part_extruding_1.json	wiki.data	Data_Versions_GTNH_2.9.0-beta-3_Recipes_gregtech_GTNEIDefaultHandler_tic_part_extruding_1.json.html	
维基:data	Data_Versions_GTNH_2.9.0-beta-3_Recipes_gregtech_GTNEIDefaultHandler_tic_part_extruding_2.json	wiki.data	Data_Versions_GTNH_2.9.0-beta-3_Recipes_gregtech_GTNEIDefaultHandler_tic_part_extruding_2.json.html	
维基:data	Data_Versions_GTNH_2.9.0-beta-3_Recipes_gregtech_GTNEIDefaultHandler_transcendentplasmamixerrecipes_0.json	wiki.data	Data_Versions_GTNH_2.9.0-beta-3_Recipes_gregtech_GTNEIDefaultHandler_transcendentplasmamixerrecipes_0.json.html	
维基:data	Data_Versions_GTNH_2.9.0-beta-3_Recipes_gregtech_GTNEIDefaultHandler_treefarm_0.json	wiki.data	Data_Versions_GTNH_2.9.0-beta-3_Recipes_gregtech_GTNEIDefaultHandler_treefarm_0.json.html	
维基:data	Data_Versions_GTNH_2.9.0-beta-3_Recipes_gregtech_GTNEIDefaultHandler_unpackager_0.json	wiki.data	Data_Versions_GTNH_2.9.0-beta-3_Recipes_gregtech_GTNEIDefaultHandler_unpackager_0.json.html	
维基:data	Data_Versions_GTNH_2.9.0-beta-3_Recipes_gregtech_GTNEIDefaultHandler_uuamplifier_0.json	wiki.data	Data_Versions_GTNH_2.9.0-beta-3_Recipes_gregtech_GTNEIDefaultHandler_uuamplifier_0.json.html	
维基:data	Data_Versions_GTNH_2.9.0-beta-3_Recipes_gregtech_GTNEIDefaultHandler_vacfurnace_0.json	wiki.data	Data_Versions_GTNH_2.9.0-beta-3_Recipes_gregtech_GTNEIDefaultHandler_vacfurnace_0.json.html	
维基:data	Data_Versions_GTNH_2.9.0-beta-3_Recipes_gregtech_GTNEIDefaultHandler_vacuumfreezer_0.json	wiki.data	Data_Versions_GTNH_2.9.0-beta-3_Recipes_gregtech_GTNEIDefaultHandler_vacuumfreezer_0.json.html	
维基:data	Data_Versions_GTNH_2.9.0-beta-3_Recipes_gregtech_GTNEIDefaultHandler_wiremill_0.json	wiki.data	Data_Versions_GTNH_2.9.0-beta-3_Recipes_gregtech_GTNEIDefaultHandler_wiremill_0.json.html	
维基:data	Data_Versions_GTNH_2.9.0-beta-3_Recipes_gregtech_GTNEIDefaultHandler_wiretracer_0.json	wiki.data	Data_Versions_GTNH_2.9.0-beta-3_Recipes_gregtech_GTNEIDefaultHandler_wiretracer_0.json.html	
维基:data	Data_Versions_GTNH_2.9.0-beta-3_Recipes_gregtech_GTNEIImprintHandler_cal-imprinting_0.json	wiki.data	Data_Versions_GTNH_2.9.0-beta-3_Recipes_gregtech_GTNEIImprintHandler_cal-imprinting_0.json.html	
维基:data	Data_Versions_GTNH_2.9.0-beta-3_Recipes_gregtech_GTNEIMacerationStackConversion_conversion_0.json	wiki.data	Data_Versions_GTNH_2.9.0-beta-3_Recipes_gregtech_GTNEIMacerationStackConversion_conversion_0.json.html	
维基:data	Data_Versions_GTNH_2.9.0-beta-3_Recipes_gtneioreplugin_PluginGT5VeinStat_null_0.json	wiki.data	Data_Versions_GTNH_2.9.0-beta-3_Recipes_gtneioreplugin_PluginGT5VeinStat_null_0.json.html	
维基:data	Data_Versions_GTNH_2.9.0-beta-3_Recipes_gtnhintergalactic_GTNEIDefaultHandler_spaceAssembler_0.json	wiki.data	Data_Versions_GTNH_2.9.0-beta-3_Recipes_gtnhintergalactic_GTNEIDefaultHandler_spaceAssembler_0.json.html	
维基:data	Data_Versions_GTNH_2.9.0-beta-3_Recipes_gtnhintergalactic_GTNEIDefaultHandler_spaceMining_0.json	wiki.data	Data_Versions_GTNH_2.9.0-beta-3_Recipes_gtnhintergalactic_GTNEIDefaultHandler_spaceMining_0.json.html	
维基:data	Data_Versions_GTNH_2.9.0-beta-3_Recipes_gtnhintergalactic_GasSiphonRecipeHandler_null_0.json	wiki.data	Data_Versions_GTNH_2.9.0-beta-3_Recipes_gtnhintergalactic_GasSiphonRecipeHandler_null_0.json.html	
维基:data	Data_Versions_GTNH_2.9.0-beta-3_Recipes_gtnhintergalactic_SpacePumpModuleRecipeHandler_null_0.json	wiki.data	Data_Versions_GTNH_2.9.0-beta-3_Recipes_gtnhintergalactic_SpacePumpModuleRecipeHandler_null_0.json.html	
维基:data	Data_Versions_GTNH_2.9.0-beta-3_Recipes_gtnhlanth_GTNEIDefaultHandler_digester_0.json	wiki.data	Data_Versions_GTNH_2.9.0-beta-3_Recipes_gtnhlanth_GTNEIDefaultHandler_digester_0.json.html	
维基:data	Data_Versions_GTNH_2.9.0-beta-3_Recipes_gtnhlanth_GTNEIDefaultHandler_disstank_0.json	wiki.data	Data_Versions_GTNH_2.9.0-beta-3_Recipes_gtnhlanth_GTNEIDefaultHandler_disstank_0.json.html	
维基:data	Data_Versions_GTNH_2.9.0-beta-3_Recipes_gtnhlanth_GTNEIDefaultHandler_sc_0.json	wiki.data	Data_Versions_GTNH_2.9.0-beta-3_Recipes_gtnhlanth_GTNEIDefaultHandler_sc_0.json.html	
维基:data	Data_Versions_GTNH_2.9.0-beta-3_Recipes_gtnhlanth_GTNEIDefaultHandler_tc_0.json	wiki.data	Data_Versions_GTNH_2.9.0-beta-3_Recipes_gtnhlanth_GTNEIDefaultHandler_tc_0.json.html	
维基:data	Data_Versions_GTNH_2.9.0-beta-3_Recipes_harvestcraft_AnimalTrapRecipeHandler_harvestcraftAnimalTrapDrops_0.json	wiki.data	Data_Versions_GTNH_2.9.0-beta-3_Recipes_harvestcraft_AnimalTrapRecipeHandler_harvestcraftAnimalTrapDrops_0.json.html	
维基:data	Data_Versions_GTNH_2.9.0-beta-3_Recipes_harvestcraft_FishTrapRecipeHandler_harvestcraftFishTrapDrops_0.json	wiki.data	Data_Versions_GTNH_2.9.0-beta-3_Recipes_harvestcraft_FishTrapRecipeHandler_harvestcraftFishTrapDrops_0.json.html	
维基:data	Data_Versions_GTNH_2.9.0-beta-3_Recipes_harvestcraft_GardenRecipeHandler_harvestcraftGardenDrops_0.json	wiki.data	Data_Versions_GTNH_2.9.0-beta-3_Recipes_harvestcraft_GardenRecipeHandler_harvestcraftGardenDrops_0.json.html	
维基:data	Data_Versions_GTNH_2.9.0-beta-3_Recipes_kubatech_GTNEIDefaultHandler_defusioncrafter_0.json	wiki.data	Data_Versions_GTNH_2.9.0-beta-3_Recipes_kubatech_GTNEIDefaultHandler_defusioncrafter_0.json.html	
维基:data	Data_Versions_GTNH_2.9.0-beta-3_Recipes_kubatech_GTNEIDefaultHandler_htgrrecipes_0.json	wiki.data	Data_Versions_GTNH_2.9.0-beta-3_Recipes_kubatech_GTNEIDefaultHandler_htgrrecipes_0.json.html	
维基:data	Data_Versions_GTNH_2.9.0-beta-3_Recipes_matter-manipulator_UpdateRecipeNEIHandler_upgrades_0.json	wiki.data	Data_Versions_GTNH_2.9.0-beta-3_Recipes_matter-manipulator_UpdateRecipeNEIHandler_upgrades_0.json.html	
维基:data	Data_Versions_GTNH_2.9.0-beta-3_Recipes_minecraft_BrewingRecipeHandler_brewing_0.json	wiki.data	Data_Versions_GTNH_2.9.0-beta-3_Recipes_minecraft_BrewingRecipeHandler_brewing_0.json.html	
维基:data	Data_Versions_GTNH_2.9.0-beta-3_Recipes_minecraft_FireworkRecipeHandler_crafting_0.json	wiki.data	Data_Versions_GTNH_2.9.0-beta-3_Recipes_minecraft_FireworkRecipeHandler_crafting_0.json.html	
维基:data	Data_Versions_GTNH_2.9.0-beta-3_Recipes_minecraft_FuelRecipeHandler_fuel_0.json	wiki.data	Data_Versions_GTNH_2.9.0-beta-3_Recipes_minecraft_FuelRecipeHandler_fuel_0.json.html	
维基:data	Data_Versions_GTNH_2.9.0-beta-3_Recipes_minecraft_FurnaceRecipeHandler_smelting_0.json	wiki.data	Data_Versions_GTNH_2.9.0-beta-3_Recipes_minecraft_FurnaceRecipeHandler_smelting_0.json.html	
维基:data	Data_Versions_GTNH_2.9.0-beta-3_Recipes_minecraft_FurnaceRecipeHandler_smelting_1.json	wiki.data	Data_Versions_GTNH_2.9.0-beta-3_Recipes_minecraft_FurnaceRecipeHandler_smelting_1.json.html	
维基:data	Data_Versions_GTNH_2.9.0-beta-3_Recipes_minecraft_RepairRecipeHandler_repair_0.json	wiki.data	Data_Versions_GTNH_2.9.0-beta-3_Recipes_minecraft_RepairRecipeHandler_repair_0.json.html	
维基:data	Data_Versions_GTNH_2.9.0-beta-3_Recipes_minecraft_ShapedRecipeHandler_crafting_0.json	wiki.data	Data_Versions_GTNH_2.9.0-beta-3_Recipes_minecraft_ShapedRecipeHandler_crafting_0.json.html	
维基:data	Data_Versions_GTNH_2.9.0-beta-3_Recipes_minecraft_ShapedRecipeHandler_crafting_1.json	wiki.data	Data_Versions_GTNH_2.9.0-beta-3_Recipes_minecraft_ShapedRecipeHandler_crafting_1.json.html	
维基:data	Data_Versions_GTNH_2.9.0-beta-3_Recipes_minecraft_ShapedRecipeHandler_crafting_10.json	wiki.data	Data_Versions_GTNH_2.9.0-beta-3_Recipes_minecraft_ShapedRecipeHandler_crafting_10.json.html	
维基:data	Data_Versions_GTNH_2.9.0-beta-3_Recipes_minecraft_ShapedRecipeHandler_crafting_11.json	wiki.data	Data_Versions_GTNH_2.9.0-beta-3_Recipes_minecraft_ShapedRecipeHandler_crafting_11.json.html	
维基:data	Data_Versions_GTNH_2.9.0-beta-3_Recipes_minecraft_ShapedRecipeHandler_crafting_12.json	wiki.data	Data_Versions_GTNH_2.9.0-beta-3_Recipes_minecraft_ShapedRecipeHandler_crafting_12.json.html	
维基:data	Data_Versions_GTNH_2.9.0-beta-3_Recipes_minecraft_ShapedRecipeHandler_crafting_13.json	wiki.data	Data_Versions_GTNH_2.9.0-beta-3_Recipes_minecraft_ShapedRecipeHandler_crafting_13.json.html	
维基:data	Data_Versions_GTNH_2.9.0-beta-3_Recipes_minecraft_ShapedRecipeHandler_crafting_14.json	wiki.data	Data_Versions_GTNH_2.9.0-beta-3_Recipes_minecraft_ShapedRecipeHandler_crafting_14.json.html	
维基:data	Data_Versions_GTNH_2.9.0-beta-3_Recipes_minecraft_ShapedRecipeHandler_crafting_15.json	wiki.data	Data_Versions_GTNH_2.9.0-beta-3_Recipes_minecraft_ShapedRecipeHandler_crafting_15.json.html	
维基:data	Data_Versions_GTNH_2.9.0-beta-3_Recipes_minecraft_ShapedRecipeHandler_crafting_16.json	wiki.data	Data_Versions_GTNH_2.9.0-beta-3_Recipes_minecraft_ShapedRecipeHandler_crafting_16.json.html	
维基:data	Data_Versions_GTNH_2.9.0-beta-3_Recipes_minecraft_ShapedRecipeHandler_crafting_17.json	wiki.data	Data_Versions_GTNH_2.9.0-beta-3_Recipes_minecraft_ShapedRecipeHandler_crafting_17.json.html	
维基:data	Data_Versions_GTNH_2.9.0-beta-3_Recipes_minecraft_ShapedRecipeHandler_crafting_18.json	wiki.data	Data_Versions_GTNH_2.9.0-beta-3_Recipes_minecraft_ShapedRecipeHandler_crafting_18.json.html	
维基:data	Data_Versions_GTNH_2.9.0-beta-3_Recipes_minecraft_ShapedRecipeHandler_crafting_2.json	wiki.data	Data_Versions_GTNH_2.9.0-beta-3_Recipes_minecraft_ShapedRecipeHandler_crafting_2.json.html	
维基:data	Data_Versions_GTNH_2.9.0-beta-3_Recipes_minecraft_ShapedRecipeHandler_crafting_3.json	wiki.data	Data_Versions_GTNH_2.9.0-beta-3_Recipes_minecraft_ShapedRecipeHandler_crafting_3.json.html	
维基:data	Data_Versions_GTNH_2.9.0-beta-3_Recipes_minecraft_ShapedRecipeHandler_crafting_4.json	wiki.data	Data_Versions_GTNH_2.9.0-beta-3_Recipes_minecraft_ShapedRecipeHandler_crafting_4.json.html	
维基:data	Data_Versions_GTNH_2.9.0-beta-3_Recipes_minecraft_ShapedRecipeHandler_crafting_5.json	wiki.data	Data_Versions_GTNH_2.9.0-beta-3_Recipes_minecraft_ShapedRecipeHandler_crafting_5.json.html	
维基:data	Data_Versions_GTNH_2.9.0-beta-3_Recipes_minecraft_ShapedRecipeHandler_crafting_6.json	wiki.data	Data_Versions_GTNH_2.9.0-beta-3_Recipes_minecraft_ShapedRecipeHandler_crafting_6.json.html	
维基:data	Data_Versions_GTNH_2.9.0-beta-3_Recipes_minecraft_ShapedRecipeHandler_crafting_7.json	wiki.data	Data_Versions_GTNH_2.9.0-beta-3_Recipes_minecraft_ShapedRecipeHandler_crafting_7.json.html	
维基:data	Data_Versions_GTNH_2.9.0-beta-3_Recipes_minecraft_ShapedRecipeHandler_crafting_8.json	wiki.data	Data_Versions_GTNH_2.9.0-beta-3_Recipes_minecraft_ShapedRecipeHandler_crafting_8.json.html	
维基:data	Data_Versions_GTNH_2.9.0-beta-3_Recipes_minecraft_ShapedRecipeHandler_crafting_9.json	wiki.data	Data_Versions_GTNH_2.9.0-beta-3_Recipes_minecraft_ShapedRecipeHandler_crafting_9.json.html	
维基:data	Data_Versions_GTNH_2.9.0-beta-3_Recipes_minecraft_ShapelessRecipeHandler_crafting_0.json	wiki.data	Data_Versions_GTNH_2.9.0-beta-3_Recipes_minecraft_ShapelessRecipeHandler_crafting_0.json.html	
维基:data	Data_Versions_GTNH_2.9.0-beta-3_Recipes_minecraft_ShapelessRecipeHandler_crafting_1.json	wiki.data	Data_Versions_GTNH_2.9.0-beta-3_Recipes_minecraft_ShapelessRecipeHandler_crafting_1.json.html	
维基:data	Data_Versions_GTNH_2.9.0-beta-3_Recipes_miscutils_DecayableRecipeHandler_GTPP_Decayables_0.json	wiki.data	Data_Versions_GTNH_2.9.0-beta-3_Recipes_miscutils_DecayableRecipeHandler_GTPP_Decayables_0.json.html	
维基:data	Data_Versions_GTNH_2.9.0-beta-3_Recipes_mobsinfo_MobHandlerInfernal_mobhandlerinfernal_0.json	wiki.data	Data_Versions_GTNH_2.9.0-beta-3_Recipes_mobsinfo_MobHandlerInfernal_mobhandlerinfernal_0.json.html	
维基:data	Data_Versions_GTNH_2.9.0-beta-3_Recipes_mobsinfo_MobHandler_mobhandler_0.json	wiki.data	Data_Versions_GTNH_2.9.0-beta-3_Recipes_mobsinfo_MobHandler_mobhandler_0.json.html	
维基:data	Data_Versions_GTNH_2.9.0-beta-3_Recipes_mobsinfo_MobHandler_mobhandler_1.json	wiki.data	Data_Versions_GTNH_2.9.0-beta-3_Recipes_mobsinfo_MobHandler_mobhandler_1.json.html	
维基:data	Data_Versions_GTNH_2.9.0-beta-3_Recipes_mobsinfo_VillagerTradesHandler_villagertradeshandler_0.json	wiki.data	Data_Versions_GTNH_2.9.0-beta-3_Recipes_mobsinfo_VillagerTradesHandler_villagertradeshandler_0.json.html	
维基:data	Data_Versions_GTNH_2.9.0-beta-3_Recipes_salisarcana_WandCapSubstitutionHandler_caps_0.json	wiki.data	Data_Versions_GTNH_2.9.0-beta-3_Recipes_salisarcana_WandCapSubstitutionHandler_caps_0.json.html	
维基:data	Data_Versions_GTNH_2.9.0-beta-3_Recipes_salisarcana_WandCoreSubstitutionHandler_core_0.json	wiki.data	Data_Versions_GTNH_2.9.0-beta-3_Recipes_salisarcana_WandCoreSubstitutionHandler_core_0.json.html	
维基:data	Data_Versions_GTNH_2.9.0-beta-3_Recipes_tectech_GTNEIDefaultHandler_assemble-condensate_0.json	wiki.data	Data_Versions_GTNH_2.9.0-beta-3_Recipes_tectech_GTNEIDefaultHandler_assemble-condensate_0.json.html	
维基:data	Data_Versions_GTNH_2.9.0-beta-3_Recipes_tectech_GTNEIDefaultHandler_create-condensate_0.json	wiki.data	Data_Versions_GTNH_2.9.0-beta-3_Recipes_tectech_GTNEIDefaultHandler_create-condensate_0.json.html	
维基:data	Data_Versions_GTNH_2.9.0-beta-3_Recipes_tectech_GTNEIDefaultHandler_fog_exotic_0.json	wiki.data	Data_Versions_GTNH_2.9.0-beta-3_Recipes_tectech_GTNEIDefaultHandler_fog_exotic_0.json.html	
维基:data	Data_Versions_GTNH_2.9.0-beta-3_Recipes_tectech_GTNEIDefaultHandler_fog_molten_0.json	wiki.data	Data_Versions_GTNH_2.9.0-beta-3_Recipes_tectech_GTNEIDefaultHandler_fog_molten_0.json.html	
维基:data	Data_Versions_GTNH_2.9.0-beta-3_Recipes_tectech_GTNEIDefaultHandler_fog_plasma_0.json	wiki.data	Data_Versions_GTNH_2.9.0-beta-3_Recipes_tectech_GTNEIDefaultHandler_fog_plasma_0.json.html	
维基:data	Data_Versions_GTNH_2.9.0-beta-3_Recipes_tectech_GTNEIDefaultHandler_researchStation_0.json	wiki.data	Data_Versions_GTNH_2.9.0-beta-3_Recipes_tectech_GTNEIDefaultHandler_researchStation_0.json.html	
维基:data	Data_Versions_GTNH_2.9.0-beta-3_Recipes_tectech_GTNEIDefaultHandler_upgrade_costs_0.json	wiki.data	Data_Versions_GTNH_2.9.0-beta-3_Recipes_tectech_GTNEIDefaultHandler_upgrade_costs_0.json.html	
维基:data	Data_Versions_GTNH_2.9.0-beta-3_Recipes_vendingmachine_NeiRecipeHandler_vendingmachine_0.json	wiki.data	Data_Versions_GTNH_2.9.0-beta-3_Recipes_vendingmachine_NeiRecipeHandler_vendingmachine_0.json.html	
维基:data	Data_Versions_GTNH_2.9.0-beta-3_Ticmaterial_0.json	wiki.data	Data_Versions_GTNH_2.9.0-beta-3_Ticmaterial_0.json.html	
维基:data	Data_Void_Miner_Ore.tab	wiki.data	Data_Void_Miner_Ore.tab.html	
维基:data	Data_仓室.tabx	wiki.data	Data_仓室.tabx.html	
维基:data	Data_仓室.tabx_doc	wiki.data	Data_仓室.tabx_doc.html	
维基:data	Data_单方块机器.tabx	wiki.data	Data_单方块机器.tabx.html	
维基:data	Data_单方块机器.tabx_doc	wiki.data	Data_单方块机器.tabx_doc.html	
维基:data	Data_发电线路.tabx	wiki.data	Data_发电线路.tabx.html	
维基:data	Data_发电线路.tabx_doc	wiki.data	Data_发电线路.tabx_doc.html	
维基:data	Data_束流通用计算器_晶圆.tabx	wiki.data	Data_束流通用计算器_晶圆.tabx.html	
维基:data	Data_束流通用计算器_机器.tabx	wiki.data	Data_束流通用计算器_机器.tabx.html	
维基:data	Data_束流通用计算器_束流合成.tabx	wiki.data	Data_束流通用计算器_束流合成.tabx.html	
维基:data	Data_束流通用计算器_粒子.tabx	wiki.data	Data_束流通用计算器_粒子.tabx.html	
维基:data	Data_矿物处理正则表达式生成器.tabx	wiki.data	Data_矿物处理正则表达式生成器.tabx.html	
维基:data	Data_矿物处理正则表达式生成器.tabx_doc	wiki.data	Data_矿物处理正则表达式生成器.tabx_doc.html	
维基:data	Data_矿物处理正则表达式生成器_旧.tabx	wiki.data	Data_矿物处理正则表达式生成器_旧.tabx.html	
维基:data	Data_神秘时代研究助手.tabx	wiki.data	Data_神秘时代研究助手.tabx.html	
维基:data	Data_神秘时代研究助手.tabx_doc	wiki.data	Data_神秘时代研究助手.tabx_doc.html	
维基:form	Form_AE2	wiki.form	Form_AE2.html	
维基:form	Form_GTNL多方块结构	wiki.form	Form_GTNL多方块结构.html	
维基:form	Form_PH通用模板	wiki.form	Form_PH通用模板.html	
维基:form	Form_TST多方块结构	wiki.form	Form_TST多方块结构.html	
维基:form	Form_仓室	wiki.form	Form_仓室.html	
维基:form	Form_单方块机器	wiki.form	Form_单方块机器.html	
维基:form	Form_历史版本	wiki.form	Form_历史版本.html	
维基:form	Form_可获得对象	wiki.form	Form_可获得对象.html	
维基:form	Form_地点信息	wiki.form	Form_地点信息.html	
维基:form	Form_多方块结构	wiki.form	Form_多方块结构.html	
维基:form	Form_工具	wiki.form	Form_工具.html	
维基:form	Form_材料	wiki.form	Form_材料.html	
维基:form	Form_站点导航	wiki.form	Form_站点导航.html	
维基:form	Form_覆盖板	wiki.form	Form_覆盖板.html	
维基:form	Form_预设页面	wiki.form	Form_预设页面.html	
维基:form	Form_首页	wiki.form	Form_首页.html	
维基:gadget	零件_AprilFool.css	wiki.gadget	零件_AprilFool.css.html	
维基:gadget	零件_AprilFool.js	wiki.gadget	零件_AprilFool.js.html	
维基:gadget	零件_AsyncRequester.css	wiki.gadget	零件_AsyncRequester.css.html	
维基:gadget	零件_AsyncRequester.js	wiki.gadget	零件_AsyncRequester.js.html	
维基:gadget	零件_BilibiliVideo.js	wiki.gadget	零件_BilibiliVideo.js.html	
维基:gadget	零件_Cache.js	wiki.gadget	零件_Cache.js.html	
维基:gadget	零件_ColorScheme.css	wiki.gadget	零件_ColorScheme.css.html	
维基:gadget	零件_ColorScheme.js	wiki.gadget	零件_ColorScheme.js.html	
维基:gadget	零件_ColorSchemeSwitcher.css	wiki.gadget	零件_ColorSchemeSwitcher.css.html	
维基:gadget	零件_ColorSchemeSwitcher.js	wiki.gadget	零件_ColorSchemeSwitcher.js.html	
维基:gadget	零件_CountDown.js	wiki.gadget	零件_CountDown.js.html	
维基:gadget	零件_CustomSearch.css	wiki.gadget	零件_CustomSearch.css.html	
维基:gadget	零件_CustomSearch.js	wiki.gadget	零件_CustomSearch.js.html	
维基:gadget	零件_DidYouKnow.js	wiki.gadget	零件_DidYouKnow.js.html	
维基:gadget	零件_EditSummary.js	wiki.gadget	零件_EditSummary.js.html	
维基:gadget	零件_Entrance.css	wiki.gadget	零件_Entrance.css.html	
维基:gadget	零件_Entrance.js	wiki.gadget	零件_Entrance.js.html	
维基:gadget	零件_Filterable.css	wiki.gadget	零件_Filterable.css.html	
维基:gadget	零件_Filterable.js	wiki.gadget	零件_Filterable.js.html	
维基:gadget	零件_FlowChart.css	wiki.gadget	零件_FlowChart.css.html	
维基:gadget	零件_FlowChart.js	wiki.gadget	零件_FlowChart.js.html	
维基:gadget	零件_GTButton.js	wiki.gadget	零件_GTButton.js.html	
维基:gadget	零件_GlobalSearcher.js	wiki.gadget	零件_GlobalSearcher.js.html	
维基:gadget	零件_Globalsearch.css	wiki.gadget	零件_Globalsearch.css.html	
维基:gadget	零件_Globalsearch_entrance.js	wiki.gadget	零件_Globalsearch_entrance.js.html	
维基:gadget	零件_GuideSteps.css	wiki.gadget	零件_GuideSteps.css.html	
维基:gadget	零件_Heimu.css	wiki.gadget	零件_Heimu.css.html	
维基:gadget	零件_HotCat.js	wiki.gadget	零件_HotCat.js.html	
维基:gadget	零件_HuijiTooltip.css	wiki.gadget	零件_HuijiTooltip.css.html	
维基:gadget	零件_HuijiTooltip.js	wiki.gadget	零件_HuijiTooltip.js.html	
维基:gadget	零件_Ihover.css	wiki.gadget	零件_Ihover.css.html	
维基:gadget	零件_Image.css	wiki.gadget	零件_Image.css.html	
维基:gadget	零件_InPageEdit.js	wiki.gadget	零件_InPageEdit.js.html	
维基:gadget	零件_InPageEdit灰机补丁.css	wiki.gadget	零件_InPageEdit灰机补丁.css.html	
维基:gadget	零件_InlineMediaQuery.js	wiki.gadget	零件_InlineMediaQuery.js.html	
维基:gadget	零件_ItemSearch.css	wiki.gadget	零件_ItemSearch.css.html	
维基:gadget	零件_ItemSearch.js	wiki.gadget	零件_ItemSearch.js.html	
维基:gadget	零件_ItemSearchEntrance.js	wiki.gadget	零件_ItemSearchEntrance.js.html	
维基:gadget	零件_Js.cookie.js	wiki.gadget	零件_Js.cookie.js.html	
维基:gadget	零件_LZString.js	wiki.gadget	零件_LZString.js.html	
维基:gadget	零件_LocalizationProcessBar.css	wiki.gadget	零件_LocalizationProcessBar.css.html	
维基:gadget	零件_LocalizationProcessBar.js	wiki.gadget	零件_LocalizationProcessBar.js.html	
维基:gadget	零件_MathJaxCalc.css	wiki.gadget	零件_MathJaxCalc.css.html	
维基:gadget	零件_MathJaxCalc.js	wiki.gadget	零件_MathJaxCalc.js.html	
维基:gadget	零件_Mermaid.js	wiki.gadget	零件_Mermaid.js.html	
维基:gadget	零件_MinecraftGUI.css	wiki.gadget	零件_MinecraftGUI.css.html	
维基:gadget	零件_NEITooltip.css	wiki.gadget	零件_NEITooltip.css.html	
维基:gadget	零件_NEITooltip.js	wiki.gadget	零件_NEITooltip.js.html	
维基:gadget	零件_PeriodicTable.css	wiki.gadget	零件_PeriodicTable.css.html	
维基:gadget	零件_PopupNotice.js	wiki.gadget	零件_PopupNotice.js.html	
维基:gadget	零件_ProcessingLogic.js	wiki.gadget	零件_ProcessingLogic.js.html	
维基:gadget	零件_RandomBackground.css	wiki.gadget	零件_RandomBackground.css.html	
维基:gadget	零件_RandomBackground.js	wiki.gadget	零件_RandomBackground.js.html	
维基:gadget	零件_RecipeCalculator.css	wiki.gadget	零件_RecipeCalculator.css.html	
维基:gadget	零件_RecipeCalculator.js	wiki.gadget	零件_RecipeCalculator.js.html	
维基:gadget	零件_RecipeCalculatorEditor.css	wiki.gadget	零件_RecipeCalculatorEditor.css.html	
维基:gadget	零件_RecipeCalculatorEditor.js	wiki.gadget	零件_RecipeCalculatorEditor.js.html	
维基:gadget	零件_Refresh.js	wiki.gadget	零件_Refresh.js.html	
维基:gadget	零件_SaveToClipboard.css	wiki.gadget	零件_SaveToClipboard.css.html	
维基:gadget	零件_SaveToClipboard.js	wiki.gadget	零件_SaveToClipboard.js.html	
维基:gadget	零件_Select2.min.css	wiki.gadget	零件_Select2.min.css.html	
维基:gadget	零件_Select2.min.js	wiki.gadget	零件_Select2.min.js.html	
维基:gadget	零件_StructureDataMultipart.js	wiki.gadget	零件_StructureDataMultipart.js.html	
维基:gadget	零件_StructureRender.css	wiki.gadget	零件_StructureRender.css.html	
维基:gadget	零件_StructureRender.js	wiki.gadget	零件_StructureRender.js.html	
维基:gadget	零件_StructureRenderEntry.js	wiki.gadget	零件_StructureRenderEntry.js.html	
维基:gadget	零件_StructureRenderUpload.js	wiki.gadget	零件_StructureRenderUpload.js.html	
维基:gadget	零件_StructureWorkbench.bundle.js	wiki.gadget	零件_StructureWorkbench.bundle.js.html	
维基:gadget	零件_StructureWorkbench.css	wiki.gadget	零件_StructureWorkbench.css.html	
维基:gadget	零件_StructureWorkbench.js	wiki.gadget	零件_StructureWorkbench.js.html	
维基:gadget	零件_Switcher.js	wiki.gadget	零件_Switcher.js.html	
维基:gadget	零件_Tabber.js	wiki.gadget	零件_Tabber.js.html	
维基:gadget	零件_Tbui-timeline.css	wiki.gadget	零件_Tbui-timeline.css.html	
维基:gadget	零件_Tip.css	wiki.gadget	零件_Tip.css.html	
维基:gadget	零件_TopPages.js	wiki.gadget	零件_TopPages.js.html	
维基:gadget	零件_Vue.js	wiki.gadget	零件_Vue.js.html	
维基:gadget	零件_Wikitable.css	wiki.gadget	零件_Wikitable.css.html	
维基:gadget	零件_Wikitable.js	wiki.gadget	零件_Wikitable.js.html	
维基:gadget	零件_代码展示.css	wiki.gadget	零件_代码展示.css.html	
维基:gadget	零件_代码展示.js	wiki.gadget	零件_代码展示.js.html	
维基:gadget	零件_束流.css	wiki.gadget	零件_束流.css.html	
维基:gadget	零件_束流.js	wiki.gadget	零件_束流.js.html	
维基:gadget	零件_矿物处理正则表达式生成器.css	wiki.gadget	零件_矿物处理正则表达式生成器.css.html	
维基:gadget	零件_矿物处理正则表达式生成器.js	wiki.gadget	零件_矿物处理正则表达式生成器.js.html	
维基:gadget	零件_神秘时代研究助手.css	wiki.gadget	零件_神秘时代研究助手.css.html	
维基:gadget	零件_神秘时代研究助手.js	wiki.gadget	零件_神秘时代研究助手.js.html	
维基:help	帮助_公式计算器	wiki.help	帮助_公式计算器.html	
维基:html	Html_Accordion	wiki.html	Html_Accordion.html	
维基:html	Html_Alert	wiki.html	Html_Alert.html	
维基:html	Html_CSS3Keyframe	wiki.html	Html_CSS3Keyframe.html	
维基:html	Html_Carousel	wiki.html	Html_Carousel.html	
维基:html	Html_Carousel_controls	wiki.html	Html_Carousel_controls.html	
维基:html	Html_Dropdown	wiki.html	Html_Dropdown.html	
维基:html	Html_Ihoverdemo	wiki.html	Html_Ihoverdemo.html	
维基:html	Html_MathJax	wiki.html	Html_MathJax.html	
维基:html	Html_MathJax3	wiki.html	Html_MathJax3.html	
维基:html	Html_MathJax3_doc	wiki.html	Html_MathJax3_doc.html	
维基:html	Html_MathJaxC	wiki.html	Html_MathJaxC.html	
维基:html	Html_MathJaxCalc	wiki.html	Html_MathJaxCalc.html	
维基:html	Html_MathJaxCalc_doc	wiki.html	Html_MathJaxCalc_doc.html	
维基:html	Html_MathJax_doc	wiki.html	Html_MathJax_doc.html	
维基:html	Html_Originalimg	wiki.html	Html_Originalimg.html	
维基:html	Html_Originalimg_doc	wiki.html	Html_Originalimg_doc.html	
维基:html	Html_Pop	wiki.html	Html_Pop.html	
维基:html	Html_RichTab	wiki.html	Html_RichTab.html	
维基:html	Html_RichTab_a1	wiki.html	Html_RichTab_a1.html	
维基:html	Html_RichTab_a2	wiki.html	Html_RichTab_a2.html	
维基:html	Html_SearchRedirect	wiki.html	Html_SearchRedirect.html	
维基:html	Html_Simplecollapse_button	wiki.html	Html_Simplecollapse_button.html	
维基:html	Html_Tip	wiki.html	Html_Tip.html	
维基:html	Html_TopViewedPages	wiki.html	Html_TopViewedPages.html	
维基:html	Html_TopViewedPages-style	wiki.html	Html_TopViewedPages-style.html	
维基:html	Html_要素一览	wiki.html	Html_要素一览.html	
维基:mediawiki	MediaWiki_Common.css	wiki.mediawiki	MediaWiki_Common.css.html	
维基:mediawiki	MediaWiki_Common.js	wiki.mediawiki	MediaWiki_Common.js.html	
维基:mediawiki	MediaWiki_Deletereason-dropdown	wiki.mediawiki	MediaWiki_Deletereason-dropdown.html	
维基:mediawiki	MediaWiki_Editnotice-0	wiki.mediawiki	MediaWiki_Editnotice-0.html	
维基:mediawiki	MediaWiki_Edittools	wiki.mediawiki	MediaWiki_Edittools.html	
维基:mediawiki	MediaWiki_Filedelete-reason-dropdown	wiki.mediawiki	MediaWiki_Filedelete-reason-dropdown.html	
维基:mediawiki	MediaWiki_Footer	wiki.mediawiki	MediaWiki_Footer.html	
维基:mediawiki	MediaWiki_Gadget-HuijiTooltip	wiki.mediawiki	MediaWiki_Gadget-HuijiTooltip.html	
维基:mediawiki	MediaWiki_Gadget-InPageEdit	wiki.mediawiki	MediaWiki_Gadget-InPageEdit.html	
维基:mediawiki	MediaWiki_Gadget-InPageEdit灰机补丁	wiki.mediawiki	MediaWiki_Gadget-InPageEdit灰机补丁.html	
维基:mediawiki	MediaWiki_Gadget-Select2	wiki.mediawiki	MediaWiki_Gadget-Select2.html	
维基:mediawiki	MediaWiki_Gadget-Tabber	wiki.mediawiki	MediaWiki_Gadget-Tabber.html	
维基:mediawiki	MediaWiki_Group-sysop.css	wiki.mediawiki	MediaWiki_Group-sysop.css.html	
维基:mediawiki	MediaWiki_Huiji-less-variables	wiki.mediawiki	MediaWiki_Huiji-less-variables.html	
维基:mediawiki	MediaWiki_Noarticletext	wiki.mediawiki	MediaWiki_Noarticletext.html	
维基:mediawiki	MediaWiki_Preloads	wiki.mediawiki	MediaWiki_Preloads.html	
维基:mediawiki	MediaWiki_Smw_import_foaf	wiki.mediawiki	MediaWiki_Smw_import_foaf.html	
维基:mediawiki	MediaWiki_Smw_import_owl	wiki.mediawiki	MediaWiki_Smw_import_owl.html	
维基:mediawiki	MediaWiki_Smw_import_skos	wiki.mediawiki	MediaWiki_Smw_import_skos.html	
维基:mediawiki	MediaWiki_Subnav	wiki.mediawiki	MediaWiki_Subnav.html	
维基:mediawiki	MediaWiki_Vue	wiki.mediawiki	MediaWiki_Vue.html	
维基:mediawiki	MediaWiki_上传结构文件	wiki.mediawiki	MediaWiki_上传结构文件.html	
维基:module	模块_ATCI	wiki.module	模块_ATCI.html	
维基:module	模块_Accordion	wiki.module	模块_Accordion.html	
维基:module	模块_AdvancedArrayMap	wiki.module	模块_AdvancedArrayMap.html	
维基:module	模块_AdvancedArrayMap_doc	wiki.module	模块_AdvancedArrayMap_doc.html	
维基:module	模块_Alert	wiki.module	模块_Alert.html	
维基:module	模块_Arguments	wiki.module	模块_Arguments.html	
维基:module	模块_AsyncRequester	wiki.module	模块_AsyncRequester.html	
维基:module	模块_Author	wiki.module	模块_Author.html	
维基:module	模块_CSS3Keyframe	wiki.module	模块_CSS3Keyframe.html	
维基:module	模块_Calculator_DTPF维度收敛	wiki.module	模块_Calculator_DTPF维度收敛.html	
维基:module	模块_Calculator_DTPF维度收敛（草稿）	wiki.module	模块_Calculator_DTPF维度收敛（草稿）.html	
维基:module	模块_Calculator_EEC沙盒	wiki.module	模块_Calculator_EEC沙盒.html	
维基:module	模块_Calculator_EEC沙盒_物品	wiki.module	模块_Calculator_EEC沙盒_物品.html	
维基:module	模块_Calculator_EEC沙盒_生物1	wiki.module	模块_Calculator_EEC沙盒_生物1.html	
维基:module	模块_Calculator_EEC沙盒_生物2	wiki.module	模块_Calculator_EEC沙盒_生物2.html	
维基:module	模块_Calculator_EEC沙盒_生物3	wiki.module	模块_Calculator_EEC沙盒_生物3.html	
维基:module	模块_Calculator_EEC沙盒_索引	wiki.module	模块_Calculator_EEC沙盒_索引.html	
维基:module	模块_Calculator_EEC沙盒_耐久	wiki.module	模块_Calculator_EEC沙盒_耐久.html	
维基:module	模块_Calculator_Graph	wiki.module	模块_Calculator_Graph.html	
维基:module	模块_Calculator_LHC辅助的束流蚀刻线计算	wiki.module	模块_Calculator_LHC辅助的束流蚀刻线计算.html	
维基:module	模块_Calculator_LNR功率规划	wiki.module	模块_Calculator_LNR功率规划.html	
维基:module	模块_Calculator_QFT聚焦概率	wiki.module	模块_Calculator_QFT聚焦概率.html	
维基:module	模块_Calculator_utils	wiki.module	模块_Calculator_utils.html	
维基:module	模块_Calculator_中子活化器	wiki.module	模块_Calculator_中子活化器.html	
维基:module	模块_Calculator_产速计算	wiki.module	模块_Calculator_产速计算.html	
维基:module	模块_Calculator_作物生长	wiki.module	模块_Calculator_作物生长.html	
维基:module	模块_Calculator_净化水线产量	wiki.module	模块_Calculator_净化水线产量.html	
维基:module	模块_Calculator_功率换算	wiki.module	模块_Calculator_功率换算.html	
维基:module	模块_Calculator_半稳定反物质	wiki.module	模块_Calculator_半稳定反物质.html	
维基:module	模块_Calculator_半稳定反物质-新	wiki.module	模块_Calculator_半稳定反物质-新.html	
维基:module	模块_Calculator_地下流体分布	wiki.module	模块_Calculator_地下流体分布.html	
维基:module	模块_Calculator_大型中和引擎发电计算器	wiki.module	模块_Calculator_大型中和引擎发电计算器.html	
维基:module	模块_Calculator_大型强子对撞机	wiki.module	模块_Calculator_大型强子对撞机.html	
维基:module	模块_Calculator_大型硅岩反应堆	wiki.module	模块_Calculator_大型硅岩反应堆.html	
维基:module	模块_Calculator_工业农场	wiki.module	模块_Calculator_工业农场.html	
维基:module	模块_Calculator_并行计算	wiki.module	模块_Calculator_并行计算.html	
维基:module	模块_Calculator_异星铸造塔	wiki.module	模块_Calculator_异星铸造塔.html	
维基:module	模块_Calculator_数据库	wiki.module	模块_Calculator_数据库.html	
维基:module	模块_Calculator_数据库耗电计算	wiki.module	模块_Calculator_数据库耗电计算.html	
维基:module	模块_Calculator_无线信号增幅器	wiki.module	模块_Calculator_无线信号增幅器.html	
维基:module	模块_Calculator_无线接入器	wiki.module	模块_Calculator_无线接入器.html	
维基:module	模块_Calculator_杂交池	wiki.module	模块_Calculator_杂交池.html	
维基:module	模块_Calculator_束流蚀刻线	wiki.module	模块_Calculator_束流蚀刻线.html	
维基:module	模块_Calculator_概率配方最低产出	wiki.module	模块_Calculator_概率配方最低产出.html	
维基:module	模块_Calculator_沙盒_xlt	wiki.module	模块_Calculator_沙盒_xlt.html	
维基:module	模块_Calculator_炽焰高炉最佳并行数	wiki.module	模块_Calculator_炽焰高炉最佳并行数.html	
维基:module	模块_Calculator_砖高炉	wiki.module	模块_Calculator_砖高炉.html	
维基:module	模块_Calculator_示例	wiki.module	模块_Calculator_示例.html	
维基:module	模块_Calculator_编辑按钮	wiki.module	模块_Calculator_编辑按钮.html	
维基:module	模块_Calculator_聚变反应堆等离子与催化剂计算器	wiki.module	模块_Calculator_聚变反应堆等离子与催化剂计算器.html	
维基:module	模块_Calculator_虚拟油田产速计算	wiki.module	模块_Calculator_虚拟油田产速计算.html	
维基:module	模块_Calculator_虚空采矿场计算器	wiki.module	模块_Calculator_虚空采矿场计算器.html	
维基:module	模块_Calculator_诸神之锻炉液体燃料	wiki.module	模块_Calculator_诸神之锻炉液体燃料.html	
维基:module	模块_Calculator_超维度等离子锻炉	wiki.module	模块_Calculator_超维度等离子锻炉.html	
维基:module	模块_Calculator_超维校准矩阵	wiki.module	模块_Calculator_超维校准矩阵.html	
维基:module	模块_Calculator_进阶装配线	wiki.module	模块_Calculator_进阶装配线.html	
维基:module	模块_Calculator_通用化学燃料引擎	wiki.module	模块_Calculator_通用化学燃料引擎.html	
维基:module	模块_Calculator_避雷针	wiki.module	模块_Calculator_避雷针.html	
维基:module	模块_Calculator_量子计算机	wiki.module	模块_Calculator_量子计算机.html	
维基:module	模块_Calculator_锅炉供水设备需求	wiki.module	模块_Calculator_锅炉供水设备需求.html	
维基:module	模块_Calculator_鸿蒙之眼	wiki.module	模块_Calculator_鸿蒙之眼.html	
维基:module	模块_Carousel	wiki.module	模块_Carousel.html	
维基:module	模块_Color_contrast	wiki.module	模块_Color_contrast.html	
维基:module	模块_Color_contrast_colors	wiki.module	模块_Color_contrast_colors.html	
维基:module	模块_Common	wiki.module	模块_Common.html	
维基:module	模块_CustomMedia	wiki.module	模块_CustomMedia.html	
维基:module	模块_CustomSearch	wiki.module	模块_CustomSearch.html	
维基:module	模块_Database	wiki.module	模块_Database.html	
维基:module	模块_DatabaseIcon	wiki.module	模块_DatabaseIcon.html	
维基:module	模块_DatabaseInterfaces	wiki.module	模块_DatabaseInterfaces.html	
维基:module	模块_DatabaseInterfaces_doc	wiki.module	模块_DatabaseInterfaces_doc.html	
维基:module	模块_DatabaseWrapper	wiki.module	模块_DatabaseWrapper.html	
维基:module	模块_Database_doc	wiki.module	模块_Database_doc.html	
维基:module	模块_Database_v2	wiki.module	模块_Database_v2.html	
维基:module	模块_DefaultValue	wiki.module	模块_DefaultValue.html	
维基:module	模块_DidYouKnow	wiki.module	模块_DidYouKnow.html	
维基:module	模块_Dropdown	wiki.module	模块_Dropdown.html	
维基:module	模块_En	wiki.module	模块_En.html	
维基:module	模块_ExampleCalculator	wiki.module	模块_ExampleCalculator.html	
维基:module	模块_FlowChart	wiki.module	模块_FlowChart.html	
维基:module	模块_FlowChart_doc	wiki.module	模块_FlowChart_doc.html	
维基:module	模块_GetCoil	wiki.module	模块_GetCoil.html	
维基:module	模块_GetColorVoltage	wiki.module	模块_GetColorVoltage.html	
维基:module	模块_GetVoltage	wiki.module	模块_GetVoltage.html	
维基:module	模块_Grid_AllAspectCombination	wiki.module	模块_Grid_AllAspectCombination.html	
维基:module	模块_Grid_Arcane_Infusion	wiki.module	模块_Grid_Arcane_Infusion.html	
维基:module	模块_Grid_Arcane_Worktable	wiki.module	模块_Grid_Arcane_Worktable.html	
维基:module	模块_Grid_Background	wiki.module	模块_Grid_Background.html	
维基:module	模块_Grid_Crafting_Square_Numbers	wiki.module	模块_Grid_Crafting_Square_Numbers.html	
维基:module	模块_Grid_Crucible	wiki.module	模块_Grid_Crucible.html	
维基:module	模块_Grid_Eye_of_Harmony	wiki.module	模块_Grid_Eye_of_Harmony.html	
维基:module	模块_Grid_GeneralMachineProcess	wiki.module	模块_Grid_GeneralMachineProcess.html	
维基:module	模块_Grid_GeneralMachineProcessPager	wiki.module	模块_Grid_GeneralMachineProcessPager.html	
维基:module	模块_Grid_GeneralMachineProcessPlotter	wiki.module	模块_Grid_GeneralMachineProcessPlotter.html	
维基:module	模块_Grid_GeneralMachineProcessPlotter_doc	wiki.module	模块_Grid_GeneralMachineProcessPlotter_doc.html	
维基:module	模块_Grid_GeneralMachineProcess_doc	wiki.module	模块_Grid_GeneralMachineProcess_doc.html	
维基:module	模块_Grid_Item	wiki.module	模块_Grid_Item.html	
维基:module	模块_Grid_Material_Parts	wiki.module	模块_Grid_Material_Parts.html	
维基:module	模块_Grid_Ore_Processing	wiki.module	模块_Grid_Ore_Processing.html	
维基:module	模块_Grid_Position	wiki.module	模块_Grid_Position.html	
维基:module	模块_Grid_RadioHatch	wiki.module	模块_Grid_RadioHatch.html	
维基:module	模块_Gsearch	wiki.module	模块_Gsearch.html	
维基:module	模块_HtmlBuilder	wiki.module	模块_HtmlBuilder.html	
维基:module	模块_IconItemTable	wiki.module	模块_IconItemTable.html	
维基:module	模块_IdLookup	wiki.module	模块_IdLookup.html	
维基:module	模块_ImageRichTab	wiki.module	模块_ImageRichTab.html	
维基:module	模块_Infobox	wiki.module	模块_Infobox.html	
维基:module	模块_Item	wiki.module	模块_Item.html	
维基:module	模块_ItemAbbreviation	wiki.module	模块_ItemAbbreviation.html	
维基:module	模块_ItemCarousel	wiki.module	模块_ItemCarousel.html	
维基:module	模块_ItemDisplay	wiki.module	模块_ItemDisplay.html	
维基:module	模块_ItemDisplay_doc	wiki.module	模块_ItemDisplay_doc.html	
维基:module	模块_ItemSearch	wiki.module	模块_ItemSearch.html	
维基:module	模块_Item_doc	wiki.module	模块_Item_doc.html	
维基:module	模块_LocalizationProcessBar	wiki.module	模块_LocalizationProcessBar.html	
维基:module	模块_MColor	wiki.module	模块_MColor.html	
维基:module	模块_MaterialDetails	wiki.module	模块_MaterialDetails.html	
维基:module	模块_MeteorCalc	wiki.module	模块_MeteorCalc.html	
维基:module	模块_Navbar	wiki.module	模块_Navbar.html	
维基:module	模块_Navbox	wiki.module	模块_Navbox.html	
维基:module	模块_No_globals	wiki.module	模块_No_globals.html	
维基:module	模块_Numfmt	wiki.module	模块_Numfmt.html	
维基:module	模块_OrderedTable	wiki.module	模块_OrderedTable.html	
维基:module	模块_OreData	wiki.module	模块_OreData.html	
维基:module	模块_PipeInfo	wiki.module	模块_PipeInfo.html	
维基:module	模块_Pop	wiki.module	模块_Pop.html	
维基:module	模块_ProcessBar	wiki.module	模块_ProcessBar.html	
维基:module	模块_Random	wiki.module	模块_Random.html	
维基:module	模块_Recipe	wiki.module	模块_Recipe.html	
维基:module	模块_RecipeCalculator	wiki.module	模块_RecipeCalculator.html	
维基:module	模块_RecipeCalculatorEditor	wiki.module	模块_RecipeCalculatorEditor.html	
维基:module	模块_RecipeCalculator_doc	wiki.module	模块_RecipeCalculator_doc.html	
维基:module	模块_RecipeQuery	wiki.module	模块_RecipeQuery.html	
维基:module	模块_RichTab	wiki.module	模块_RichTab.html	
维基:module	模块_Showcase	wiki.module	模块_Showcase.html	
维基:module	模块_SpaceMiner	wiki.module	模块_SpaceMiner.html	
维基:module	模块_Sprite	wiki.module	模块_Sprite.html	
维基:module	模块_SwapImages	wiki.module	模块_SwapImages.html	
维基:module	模块_Tabber	wiki.module	模块_Tabber.html	
维基:module	模块_Table	wiki.module	模块_Table.html	
维基:module	模块_TestPreprocess	wiki.module	模块_TestPreprocess.html	
维基:module	模块_Tip	wiki.module	模块_Tip.html	
维基:module	模块_TooltipCore	wiki.module	模块_TooltipCore.html	
维基:module	模块_Tooltips	wiki.module	模块_Tooltips.html	
维基:module	模块_Util	wiki.module	模块_Util.html	
维基:module	模块_Version	wiki.module	模块_Version.html	
维基:module	模块_Void_Miner_Ore	wiki.module	模块_Void_Miner_Ore.html	
维基:module	模块_Yesno	wiki.module	模块_Yesno.html	
维基:module	模块_单方块机器	wiki.module	模块_单方块机器.html	
维基:module	模块_单方块机器列表	wiki.module	模块_单方块机器列表.html	
维基:module	模块_单方块机器列表_doc	wiki.module	模块_单方块机器列表_doc.html	
维基:module	模块_发电线路雷达图	wiki.module	模块_发电线路雷达图.html	
维基:module	模块_发电线路雷达图_doc	wiki.module	模块_发电线路雷达图_doc.html	
维基:module	模块_可获得对象	wiki.module	模块_可获得对象.html	
维基:module	模块_多方块结构	wiki.module	模块_多方块结构.html	
维基:module	模块_建站进度条	wiki.module	模块_建站进度条.html	
维基:module	模块_异星铸造塔模块表格	wiki.module	模块_异星铸造塔模块表格.html	
维基:module	模块_指导步骤	wiki.module	模块_指导步骤.html	
维基:module	模块_指导步骤普适	wiki.module	模块_指导步骤普适.html	
维基:module	模块_搅拌烧制冷却流程	wiki.module	模块_搅拌烧制冷却流程.html	
维基:module	模块_星系_InjectData	wiki.module	模块_星系_InjectData.html	
维基:module	模块_星系_InjectData_Data	wiki.module	模块_星系_InjectData_Data.html	
维基:module	模块_机器部件	wiki.module	模块_机器部件.html	
维基:module	模块_材料	wiki.module	模块_材料.html	
维基:module	模块_材料属性	wiki.module	模块_材料属性.html	
维基:module	模块_材料自动导向	wiki.module	模块_材料自动导向.html	
维基:module	模块_矿脉与矿石	wiki.module	模块_矿脉与矿石.html	
维基:module	模块_矿脉与矿石_Data	wiki.module	模块_矿脉与矿石_Data.html	
维基:module	模块_神秘时代研究表格	wiki.module	模块_神秘时代研究表格.html	
维基:module	模块_结构渲染器	wiki.module	模块_结构渲染器.html	
维基:module	模块_维度导航	wiki.module	模块_维度导航.html	
维基:module	模块_藻类农场	wiki.module	模块_藻类农场.html	
维基:module	模块_要素一览	wiki.module	模块_要素一览.html	
维基:module	模块_诸神之锻炉升级	wiki.module	模块_诸神之锻炉升级.html	
维基:module	模块_诸神之锻炉液体燃料对比	wiki.module	模块_诸神之锻炉液体燃料对比.html	
维基:project	Project_Database	wiki.project	Project_Database.html	
维基:project	Project_GTNHDumper	wiki.project	Project_GTNHDumper.html	
维基:project	Project_GTNH在线结构渲染器结构数据上传	wiki.project	Project_GTNH在线结构渲染器结构数据上传.html	
维基:project	Project_GTNH在线结构渲染器结构数据上传测试页	wiki.project	Project_GTNH在线结构渲染器结构数据上传测试页.html	
维基:project	Project_RandomBackgroundList.json	wiki.project	Project_RandomBackgroundList.json.html	
维基:project	Project_TODO	wiki.project	Project_TODO.html	
维基:project	Project_创建和使用模板	wiki.project	Project_创建和使用模板.html	
维基:project	Project_可视化编辑器_反馈	wiki.project	Project_可视化编辑器_反馈.html	
维基:project	Project_建立第一个页面	wiki.project	Project_建立第一个页面.html	
维基:project	Project_数据库	wiki.project	Project_数据库.html	
维基:project	Project_未落樱	wiki.project	Project_未落樱.html	
维基:project	Project_机长选举	wiki.project	Project_机长选举.html	
维基:project	Project_机长选举_2024-2025	wiki.project	Project_机长选举_2024-2025.html	
维基:project	Project_机长选举_2025-2026	wiki.project	Project_机长选举_2025-2026.html	
维基:project	Project_机长选举_例	wiki.project	Project_机长选举_例.html	
维基:project	Project_沙盒	wiki.project	Project_沙盒.html	
维基:project	Project_沙盒_1u4n5hu	wiki.project	Project_沙盒_1u4n5hu.html	
维基:project	Project_沙盒_1u4n5hu_LHC	wiki.project	Project_沙盒_1u4n5hu_LHC.html	
维基:project	Project_沙盒_1u4n5hu_NAC	wiki.project	Project_沙盒_1u4n5hu_NAC.html	
维基:project	Project_沙盒_202603	wiki.project	Project_沙盒_202603.html	
维基:project	Project_沙盒_Anytinz-氟石产线	wiki.project	Project_沙盒_Anytinz-氟石产线.html	
维基:project	Project_沙盒_Anytinz-萘产线	wiki.project	Project_沙盒_Anytinz-萘产线.html	
维基:project	Project_沙盒_Anytinz-钠产线	wiki.project	Project_沙盒_Anytinz-钠产线.html	
维基:project	Project_沙盒_Hjiaj-2	wiki.project	Project_沙盒_Hjiaj-2.html	
维基:project	Project_沙盒_Hjiaj-3	wiki.project	Project_沙盒_Hjiaj-3.html	
维基:project	Project_沙盒_Hjiaj-4	wiki.project	Project_沙盒_Hjiaj-4.html	
维基:project	Project_沙盒_Item测试	wiki.project	Project_沙盒_Item测试.html	
维基:project	Project_沙盒_KZdavid	wiki.project	Project_沙盒_KZdavid.html	
维基:project	Project_沙盒_LUCA_paipai	wiki.project	Project_沙盒_LUCA_paipai.html	
维基:project	Project_沙盒_NAC颜色接线表	wiki.project	Project_沙盒_NAC颜色接线表.html	
维基:project	Project_沙盒_NINJA	wiki.project	Project_沙盒_NINJA.html	
维基:project	Project_沙盒_NINJA的试验场	wiki.project	Project_沙盒_NINJA的试验场.html	
维基:project	Project_沙盒_OkangbaO	wiki.project	Project_沙盒_OkangbaO.html	
维基:project	Project_沙盒_Recipe异常测试	wiki.project	Project_沙盒_Recipe异常测试.html	
维基:project	Project_沙盒_Tcnight	wiki.project	Project_沙盒_Tcnight.html	
维基:project	Project_沙盒_Tooltip显示	wiki.project	Project_沙盒_Tooltip显示.html	
维基:project	Project_沙盒_Youkoaona	wiki.project	Project_沙盒_Youkoaona.html	
维基:project	Project_沙盒_Zhizhizhiwang	wiki.project	Project_沙盒_Zhizhizhiwang.html	
维基:project	Project_沙盒_lekior	wiki.project	Project_沙盒_lekior.html	
维基:project	Project_沙盒_lekior2	wiki.project	Project_沙盒_lekior2.html	
维基:project	Project_沙盒_xlt	wiki.project	Project_沙盒_xlt.html	
维基:project	Project_沙盒_xmobre	wiki.project	Project_沙盒_xmobre.html	
维基:project	Project_沙盒_代码展示	wiki.project	Project_沙盒_代码展示.html	
维基:project	Project_沙盒_图片展示	wiki.project	Project_沙盒_图片展示.html	
维基:project	Project_沙盒_坐标定位工具	wiki.project	Project_沙盒_坐标定位工具.html	
维基:project	Project_沙盒_基础电子元件	wiki.project	Project_沙盒_基础电子元件.html	
维基:project	Project_沙盒_复读猫猫	wiki.project	Project_沙盒_复读猫猫.html	
维基:project	Project_沙盒_工艺流程计算器在线编辑	wiki.project	Project_沙盒_工艺流程计算器在线编辑.html	
维基:project	Project_沙盒_工艺流程计算器在线编辑_窄栏测试	wiki.project	Project_沙盒_工艺流程计算器在线编辑_窄栏测试.html	
维基:project	Project_沙盒_数据库异常测试	wiki.project	Project_沙盒_数据库异常测试.html	
维基:project	Project_沙盒_数据库更新计划	wiki.project	Project_沙盒_数据库更新计划.html	
维基:project	Project_沙盒_时间永远流逝	wiki.project	Project_沙盒_时间永远流逝.html	
维基:project	Project_沙盒_木石化联产线	wiki.project	Project_沙盒_木石化联产线.html	
维基:project	Project_沙盒_柳叶刀k	wiki.project	Project_沙盒_柳叶刀k.html	
维基:project	Project_沙盒_柳叶刀kk	wiki.project	Project_沙盒_柳叶刀kk.html	
维基:project	Project_沙盒_火山盐奶茶	wiki.project	Project_沙盒_火山盐奶茶.html	
维基:project	Project_沙盒_白咕咕	wiki.project	Project_沙盒_白咕咕.html	
维基:project	Project_沙盒_神秘时代研究表格	wiki.project	Project_沙盒_神秘时代研究表格.html	
维基:project	Project_沙盒_穷死的私厕	wiki.project	Project_沙盒_穷死的私厕.html	
维基:project	Project_沙盒_落阳宇理	wiki.project	Project_沙盒_落阳宇理.html	
维基:project	Project_沙盒_谭谭の玩具箱	wiki.project	Project_沙盒_谭谭の玩具箱.html	
维基:project	Project_沙盒_首页	wiki.project	Project_沙盒_首页.html	
维基:project	Project_版权	wiki.project	Project_版权.html	
维基:project	Project_编写规范	wiki.project	Project_编写规范.html	
维基:property	属性_Foaf_homepage	wiki.property	属性_Foaf_homepage.html	
维基:property	属性_Foaf_knows	wiki.property	属性_Foaf_knows.html	
维基:property	属性_Foaf_name	wiki.property	属性_Foaf_name.html	
维基:property	属性_Owl_differentFrom	wiki.property	属性_Owl_differentFrom.html	
维基:property	属性_differentFrom	wiki.property	属性_differentFrom.html	
维基:template	模板_AE2	wiki.template	模板_AE2.html	
维基:template	模板_Accordion	wiki.template	模板_Accordion.html	
维基:template	模板_Accordion_doc	wiki.template	模板_Accordion_doc.html	
维基:template	模板_AdvancedArrayMap	wiki.template	模板_AdvancedArrayMap.html	
维基:template	模板_Alert	wiki.template	模板_Alert.html	
维基:template	模板_Alert_doc	wiki.template	模板_Alert_doc.html	
维基:template	模板_Anchor	wiki.template	模板_Anchor.html	
维基:template	模板_Anniu	wiki.template	模板_Anniu.html	
维基:template	模板_AsyncRequester	wiki.template	模板_AsyncRequester.html	
维基:template	模板_Avaritia	wiki.template	模板_Avaritia.html	
维基:template	模板_BECnav	wiki.template	模板_BECnav.html	
维基:template	模板_BilibiliVideo	wiki.template	模板_BilibiliVideo.html	
维基:template	模板_BilibiliVideo_doc	wiki.template	模板_BilibiliVideo_doc.html	
维基:template	模板_Box	wiki.template	模板_Box.html	
维基:template	模板_Button	wiki.template	模板_Button.html	
维基:template	模板_CSS3Keyframe	wiki.template	模板_CSS3Keyframe.html	
维基:template	模板_CSS3Keyframe_doc	wiki.template	模板_CSS3Keyframe_doc.html	
维基:template	模板_Cache	wiki.template	模板_Cache.html	
维基:template	模板_Calculator	wiki.template	模板_Calculator.html	
维基:template	模板_Calculator_DTPF维度收敛	wiki.template	模板_Calculator_DTPF维度收敛.html	
维基:template	模板_Calculator_DTPF维度收敛（草稿）	wiki.template	模板_Calculator_DTPF维度收敛（草稿）.html	
维基:template	模板_Calculator_LHC辅助的束流蚀刻线计算	wiki.template	模板_Calculator_LHC辅助的束流蚀刻线计算.html	
维基:template	模板_Calculator_LNR功率规划	wiki.template	模板_Calculator_LNR功率规划.html	
维基:template	模板_Calculator_QFT聚焦概率	wiki.template	模板_Calculator_QFT聚焦概率.html	
维基:template	模板_Calculator_中子活化器	wiki.template	模板_Calculator_中子活化器.html	
维基:template	模板_Calculator_产速计算	wiki.template	模板_Calculator_产速计算.html	
维基:template	模板_Calculator_作物生长	wiki.template	模板_Calculator_作物生长.html	
维基:template	模板_Calculator_净化水线产量	wiki.template	模板_Calculator_净化水线产量.html	
维基:template	模板_Calculator_功率换算	wiki.template	模板_Calculator_功率换算.html	
维基:template	模板_Calculator_半稳定反物质	wiki.template	模板_Calculator_半稳定反物质.html	
维基:template	模板_Calculator_半稳定反物质-新	wiki.template	模板_Calculator_半稳定反物质-新.html	
维基:template	模板_Calculator_四级QFT聚焦概率	wiki.template	模板_Calculator_四级QFT聚焦概率.html	
维基:template	模板_Calculator_地下流体分布	wiki.template	模板_Calculator_地下流体分布.html	
维基:template	模板_Calculator_大型中和引擎发电计算器	wiki.template	模板_Calculator_大型中和引擎发电计算器.html	
维基:template	模板_Calculator_大型强子对撞机	wiki.template	模板_Calculator_大型强子对撞机.html	
维基:template	模板_Calculator_大型硅岩反应堆	wiki.template	模板_Calculator_大型硅岩反应堆.html	
维基:template	模板_Calculator_工业农场	wiki.template	模板_Calculator_工业农场.html	
维基:template	模板_Calculator_并行计算	wiki.template	模板_Calculator_并行计算.html	
维基:template	模板_Calculator_异星铸造塔	wiki.template	模板_Calculator_异星铸造塔.html	
维基:template	模板_Calculator_数据库	wiki.template	模板_Calculator_数据库.html	
维基:template	模板_Calculator_无线信号增幅器	wiki.template	模板_Calculator_无线信号增幅器.html	
维基:template	模板_Calculator_无线接入器	wiki.template	模板_Calculator_无线接入器.html	
维基:template	模板_Calculator_最佳并行数	wiki.template	模板_Calculator_最佳并行数.html	
维基:template	模板_Calculator_杂交池	wiki.template	模板_Calculator_杂交池.html	
维基:template	模板_Calculator_杂交池一步	wiki.template	模板_Calculator_杂交池一步.html	
维基:template	模板_Calculator_束流蚀刻线	wiki.template	模板_Calculator_束流蚀刻线.html	
维基:template	模板_Calculator_概率配方最低产出	wiki.template	模板_Calculator_概率配方最低产出.html	
维基:template	模板_Calculator_沙盒_xlt	wiki.template	模板_Calculator_沙盒_xlt.html	
维基:template	模板_Calculator_炽焰高炉最佳并行数	wiki.template	模板_Calculator_炽焰高炉最佳并行数.html	
维基:template	模板_Calculator_炽焱高炉最佳并行数	wiki.template	模板_Calculator_炽焱高炉最佳并行数.html	
维基:template	模板_Calculator_砖高炉	wiki.template	模板_Calculator_砖高炉.html	
维基:template	模板_Calculator_示例	wiki.template	模板_Calculator_示例.html	
维基:template	模板_Calculator_聚变反应堆等离子与催化剂计算器	wiki.template	模板_Calculator_聚变反应堆等离子与催化剂计算器.html	
维基:template	模板_Calculator_虚拟油田产速计算	wiki.template	模板_Calculator_虚拟油田产速计算.html	
维基:template	模板_Calculator_虚空采矿场计算器	wiki.template	模板_Calculator_虚空采矿场计算器.html	
维基:template	模板_Calculator_诸神之锻炉液体燃料	wiki.template	模板_Calculator_诸神之锻炉液体燃料.html	
维基:template	模板_Calculator_超维度等离子锻炉	wiki.template	模板_Calculator_超维度等离子锻炉.html	
维基:template	模板_Calculator_超维校准矩阵	wiki.template	模板_Calculator_超维校准矩阵.html	
维基:template	模板_Calculator_进阶装配线	wiki.template	模板_Calculator_进阶装配线.html	
维基:template	模板_Calculator_通用化学燃料引擎	wiki.template	模板_Calculator_通用化学燃料引擎.html	
维基:template	模板_Calculator_避雷针	wiki.template	模板_Calculator_避雷针.html	
维基:template	模板_Calculator_量子计算机	wiki.template	模板_Calculator_量子计算机.html	
维基:template	模板_Calculator_锅炉供水设备需求	wiki.template	模板_Calculator_锅炉供水设备需求.html	
维基:template	模板_Calculator_鸿蒙之眼	wiki.template	模板_Calculator_鸿蒙之眼.html	
维基:template	模板_Carousel	wiki.template	模板_Carousel.html	
维基:template	模板_Carousel_doc	wiki.template	模板_Carousel_doc.html	
维基:template	模板_Clear	wiki.template	模板_Clear.html	
维基:template	模板_Clear_doc	wiki.template	模板_Clear_doc.html	
维基:template	模板_Color	wiki.template	模板_Color.html	
维基:template	模板_Color_doc	wiki.template	模板_Color_doc.html	
维基:template	模板_Column-width	wiki.template	模板_Column-width.html	
维基:template	模板_Column-width_doc	wiki.template	模板_Column-width_doc.html	
维基:template	模板_Columns	wiki.template	模板_Columns.html	
维基:template	模板_Columns_doc	wiki.template	模板_Columns_doc.html	
维基:template	模板_Config	wiki.template	模板_Config.html	
维基:template	模板_CropsNH作物表	wiki.template	模板_CropsNH作物表.html	
维基:template	模板_CropsNH实用作物一览	wiki.template	模板_CropsNH实用作物一览.html	
维基:template	模板_CustomSearch	wiki.template	模板_CustomSearch.html	
维基:template	模板_DBRecipe	wiki.template	模板_DBRecipe.html	
维基:template	模板_DatabaseWrapper	wiki.template	模板_DatabaseWrapper.html	
维基:template	模板_DidYouKnow	wiki.template	模板_DidYouKnow.html	
维基:template	模板_Documentation	wiki.template	模板_Documentation.html	
维基:template	模板_Documentation_doc	wiki.template	模板_Documentation_doc.html	
维基:template	模板_Dropdown	wiki.template	模板_Dropdown.html	
维基:template	模板_Dropdown_doc	wiki.template	模板_Dropdown_doc.html	
维基:template	模板_EIV	wiki.template	模板_EIV.html	
维基:template	模板_EasyNavboxMaterialIcon_doc	wiki.template	模板_EasyNavboxMaterialIcon_doc.html	
维基:template	模板_En	wiki.template	模板_En.html	
维基:template	模板_En_doc	wiki.template	模板_En_doc.html	
维基:template	模板_Ender_IO	wiki.template	模板_Ender_IO.html	
维基:template	模板_FB	wiki.template	模板_FB.html	
维基:template	模板_FDRrange	wiki.template	模板_FDRrange.html	
维基:template	模板_Fa	wiki.template	模板_Fa.html	
维基:template	模板_Fa_doc	wiki.template	模板_Fa_doc.html	
维基:template	模板_Family_tree	wiki.template	模板_Family_tree.html	
维基:template	模板_Family_tree_doc	wiki.template	模板_Family_tree_doc.html	
维基:template	模板_Family_tree_step2	wiki.template	模板_Family_tree_step2.html	
维基:template	模板_Familytree	wiki.template	模板_Familytree.html	
维基:template	模板_Familytree_end	wiki.template	模板_Familytree_end.html	
维基:template	模板_Familytree_start	wiki.template	模板_Familytree_start.html	
维基:template	模板_FlowChart	wiki.template	模板_FlowChart.html	
维基:template	模板_FlowChart_GT++稀土处理	wiki.template	模板_FlowChart_GT++稀土处理.html	
维基:template	模板_FlowChart_Tips	wiki.template	模板_FlowChart_Tips.html	
维基:template	模板_FlowChart_三氯化铁	wiki.template	模板_FlowChart_三氯化铁.html	
维基:template	模板_FlowChart_下界之星循环	wiki.template	模板_FlowChart_下界之星循环.html	
维基:template	模板_FlowChart_下界合金	wiki.template	模板_FlowChart_下界合金.html	
维基:template	模板_FlowChart_乙醇汽油	wiki.template	模板_FlowChart_乙醇汽油.html	
维基:template	模板_FlowChart_六硼化镧	wiki.template	模板_FlowChart_六硼化镧.html	
维基:template	模板_FlowChart_净化水	wiki.template	模板_FlowChart_净化水.html	
维基:template	模板_FlowChart_凯芙拉	wiki.template	模板_FlowChart_凯芙拉.html	
维基:template	模板_FlowChart_发酵生物质	wiki.template	模板_FlowChart_发酵生物质.html	
维基:template	模板_FlowChart_可再生高十六烷值柴油	wiki.template	模板_FlowChart_可再生高十六烷值柴油.html	
维基:template	模板_FlowChart_培养基原液	wiki.template	模板_FlowChart_培养基原液.html	
维基:template	模板_FlowChart_声子循环	wiki.template	模板_FlowChart_声子循环.html	
维基:template	模板_FlowChart_天体钨等离子体	wiki.template	模板_FlowChart_天体钨等离子体.html	
维基:template	模板_FlowChart_太阳能级硅(多晶硅)	wiki.template	模板_FlowChart_太阳能级硅(多晶硅).html	
维基:template	模板_FlowChart_太阳能级硅(多晶硅)(三氯化硅法)	wiki.template	模板_FlowChart_太阳能级硅(多晶硅)(三氯化硅法).html	
维基:template	模板_FlowChart_太阳能级硅(多晶硅)(三氯硅烷法)	wiki.template	模板_FlowChart_太阳能级硅(多晶硅)(三氯硅烷法).html	
维基:template	模板_FlowChart_太阳能级硅(多晶硅)(四氯化硅法)	wiki.template	模板_FlowChart_太阳能级硅(多晶硅)(四氯化硅法).html	
维基:template	模板_FlowChart_太阳能级硅（多晶硅）（三氯硅烷法）	wiki.template	模板_FlowChart_太阳能级硅（多晶硅）（三氯硅烷法）.html	
维基:template	模板_FlowChart_太阳能级硅（多晶硅）（四氯化硅法）	wiki.template	模板_FlowChart_太阳能级硅（多晶硅）（四氯化硅法）.html	
维基:template	模板_FlowChart_宇宙蜂培育路线	wiki.template	模板_FlowChart_宇宙蜂培育路线.html	
维基:template	模板_FlowChart_富集硅岩	wiki.template	模板_FlowChart_富集硅岩.html	
维基:template	模板_FlowChart_工业氢氟酸	wiki.template	模板_FlowChart_工业氢氟酸.html	
维基:template	模板_FlowChart_抗爆剂	wiki.template	模板_FlowChart_抗爆剂.html	
维基:template	模板_FlowChart_拉多X聚合物	wiki.template	模板_FlowChart_拉多X聚合物.html	
维基:template	模板_FlowChart_掺铈镥铝石榴石循环真空炉线	wiki.template	模板_FlowChart_掺铈镥铝石榴石循环真空炉线.html	
维基:template	模板_FlowChart_掺铈镥铝石榴石循环高压釜线	wiki.template	模板_FlowChart_掺铈镥铝石榴石循环高压釜线.html	
维基:template	模板_FlowChart_无损声子传输介质	wiki.template	模板_FlowChart_无损声子传输介质.html	
维基:template	模板_FlowChart_晶体循环	wiki.template	模板_FlowChart_晶体循环.html	
维基:template	模板_FlowChart_木材干馏概览	wiki.template	模板_FlowChart_木材干馏概览.html	
维基:template	模板_FlowChart_束流蚀刻	wiki.template	模板_FlowChart_束流蚀刻.html	
维基:template	模板_FlowChart_松油	wiki.template	模板_FlowChart_松油.html	
维基:template	模板_FlowChart_柴油	wiki.template	模板_FlowChart_柴油.html	
维基:template	模板_FlowChart_氟碳镧铈主线	wiki.template	模板_FlowChart_氟碳镧铈主线.html	
维基:template	模板_FlowChart_氟碳镧铈矿	wiki.template	模板_FlowChart_氟碳镧铈矿.html	
维基:template	模板_FlowChart_氟金云母	wiki.template	模板_FlowChart_氟金云母.html	
维基:template	模板_FlowChart_氟锑酸	wiki.template	模板_FlowChart_氟锑酸.html	
维基:template	模板_FlowChart_氰基丙烯酸乙酯	wiki.template	模板_FlowChart_氰基丙烯酸乙酯.html	
维基:template	模板_FlowChart_永恒	wiki.template	模板_FlowChart_永恒.html	
维基:template	模板_FlowChart_活性炭滤网	wiki.template	模板_FlowChart_活性炭滤网.html	
维基:template	模板_FlowChart_海晶酸	wiki.template	模板_FlowChart_海晶酸.html	
维基:template	模板_FlowChart_火箭燃料	wiki.template	模板_FlowChart_火箭燃料.html	
维基:template	模板_FlowChart_独居石_主线	wiki.template	模板_FlowChart_独居石_主线.html	
维基:template	模板_FlowChart_独居石_铈	wiki.template	模板_FlowChart_独居石_铈.html	
维基:template	模板_FlowChart_独居石_铕钐钆	wiki.template	模板_FlowChart_独居石_铕钐钆.html	
维基:template	模板_FlowChart_独居石_铪锆	wiki.template	模板_FlowChart_独居石_铪锆.html	
维基:template	模板_FlowChart_独居石处理_主线	wiki.template	模板_FlowChart_独居石处理_主线.html	
维基:template	模板_FlowChart_环氧树脂	wiki.template	模板_FlowChart_环氧树脂.html	
维基:template	模板_FlowChart_生物培养基原液	wiki.template	模板_FlowChart_生物培养基原液.html	
维基:template	模板_FlowChart_生物柴油	wiki.template	模板_FlowChart_生物柴油.html	
维基:template	模板_FlowChart_石油产出一览	wiki.template	模板_FlowChart_石油产出一览.html	
维基:template	模板_FlowChart_石油化工概览	wiki.template	模板_FlowChart_石油化工概览.html	
维基:template	模板_FlowChart_硅岩	wiki.template	模板_FlowChart_硅岩.html	
维基:template	模板_FlowChart_硅岩基流体燃料	wiki.template	模板_FlowChart_硅岩基流体燃料.html	
维基:template	模板_FlowChart_硅岩处理	wiki.template	模板_FlowChart_硅岩处理.html	
维基:template	模板_FlowChart_硅氧产线	wiki.template	模板_FlowChart_硅氧产线.html	
维基:template	模板_FlowChart_硝基苯	wiki.template	模板_FlowChart_硝基苯.html	
维基:template	模板_FlowChart_碘	wiki.template	模板_FlowChart_碘.html	
维基:template	模板_FlowChart_磷酸制氢	wiki.template	模板_FlowChart_磷酸制氢.html	
维基:template	模板_FlowChart_稀土处理	wiki.template	模板_FlowChart_稀土处理.html	
维基:template	模板_FlowChart_稀土处理_二氧化铈	wiki.template	模板_FlowChart_稀土处理_二氧化铈.html	
维基:template	模板_FlowChart_稀土处理_独居石处理_主线	wiki.template	模板_FlowChart_稀土处理_独居石处理_主线.html	
维基:template	模板_FlowChart_稀土处理_铕钐钆	wiki.template	模板_FlowChart_稀土处理_铕钐钆.html	
维基:template	模板_FlowChart_稀土处理总览	wiki.template	模板_FlowChart_稀土处理总览.html	
维基:template	模板_FlowChart_粗汽油	wiki.template	模板_FlowChart_粗汽油.html	
维基:template	模板_FlowChart_红宝石浆	wiki.template	模板_FlowChart_红宝石浆.html	
维基:template	模板_FlowChart_绿色高十六烷值柴油	wiki.template	模板_FlowChart_绿色高十六烷值柴油.html	
维基:template	模板_FlowChart_聚乙烯	wiki.template	模板_FlowChart_聚乙烯.html	
维基:template	模板_FlowChart_聚四氟乙烯	wiki.template	模板_FlowChart_聚四氟乙烯.html	
维基:template	模板_FlowChart_聚氯化铝	wiki.template	模板_FlowChart_聚氯化铝.html	
维基:template	模板_FlowChart_聚苯并咪唑	wiki.template	模板_FlowChart_聚苯并咪唑.html	
维基:template	模板_FlowChart_苯	wiki.template	模板_FlowChart_苯.html	
维基:template	模板_FlowChart_超时空金属	wiki.template	模板_FlowChart_超时空金属.html	
维基:template	模板_FlowChart_超能硅岩	wiki.template	模板_FlowChart_超能硅岩.html	
维基:template	模板_FlowChart_轻燃油	wiki.template	模板_FlowChart_轻燃油.html	
维基:template	模板_FlowChart_轻质硅岩燃料与重质硅岩燃料	wiki.template	模板_FlowChart_轻质硅岩燃料与重质硅岩燃料.html	
维基:template	模板_FlowChart_过氧化氢	wiki.template	模板_FlowChart_过氧化氢.html	
维基:template	模板_FlowChart_过硫酸钠	wiki.template	模板_FlowChart_过硫酸钠.html	
维基:template	模板_FlowChart_金红石	wiki.template	模板_FlowChart_金红石.html	
维基:template	模板_FlowChart_钌	wiki.template	模板_FlowChart_钌.html	
维基:template	模板_FlowChart_钐稀土精粉	wiki.template	模板_FlowChart_钐稀土精粉.html	
维基:template	模板_FlowChart_钐精粉	wiki.template	模板_FlowChart_钐精粉.html	
维基:template	模板_FlowChart_钐精粉简单处理	wiki.template	模板_FlowChart_钐精粉简单处理.html	
维基:template	模板_FlowChart_钕稀土精粉	wiki.template	模板_FlowChart_钕稀土精粉.html	
维基:template	模板_FlowChart_钛铁矿	wiki.template	模板_FlowChart_钛铁矿.html	
维基:template	模板_FlowChart_钢氧产线	wiki.template	模板_FlowChart_钢氧产线.html	
维基:template	模板_FlowChart_钨	wiki.template	模板_FlowChart_钨.html	
维基:template	模板_FlowChart_钫	wiki.template	模板_FlowChart_钫.html	
维基:template	模板_FlowChart_钯	wiki.template	模板_FlowChart_钯.html	
维基:template	模板_FlowChart_铂	wiki.template	模板_FlowChart_铂.html	
维基:template	模板_FlowChart_铂处理	wiki.template	模板_FlowChart_铂处理.html	
维基:template	模板_FlowChart_铂渣	wiki.template	模板_FlowChart_铂渣.html	
维基:template	模板_FlowChart_铑	wiki.template	模板_FlowChart_铑.html	
维基:template	模板_FlowChart_铝土矿	wiki.template	模板_FlowChart_铝土矿.html	
维基:template	模板_FlowChart_铟	wiki.template	模板_FlowChart_铟.html	
维基:template	模板_FlowChart_铟（CropsNH）	wiki.template	模板_FlowChart_铟（CropsNH）.html	
维基:template	模板_FlowChart_铱	wiki.template	模板_FlowChart_铱.html	
维基:template	模板_FlowChart_锇	wiki.template	模板_FlowChart_锇.html	
维基:template	模板_FlowChart_锌钍合金	wiki.template	模板_FlowChart_锌钍合金.html	
维基:template	模板_FlowChart_高十六烷值柴油	wiki.template	模板_FlowChart_高十六烷值柴油.html	
维基:template	模板_FlowChart_高辛烷值汽油	wiki.template	模板_FlowChart_高辛烷值汽油.html	
维基:template	模板_GFnav	wiki.template	模板_GFnav.html	
维基:template	模板_GTButton	wiki.template	模板_GTButton.html	
维基:template	模板_GTInnerButton	wiki.template	模板_GTInnerButton.html	
维基:template	模板_GTNL多方块结构	wiki.template	模板_GTNL多方块结构.html	
维基:template	模板_GTWindow	wiki.template	模板_GTWindow.html	
维基:template	模板_GTWindowQuickEdit	wiki.template	模板_GTWindowQuickEdit.html	
维基:template	模板_Gallery	wiki.template	模板_Gallery.html	
维基:template	模板_Gi	wiki.template	模板_Gi.html	
维基:template	模板_Gi_doc	wiki.template	模板_Gi_doc.html	
维基:template	模板_Gregtech	wiki.template	模板_Gregtech.html	
维基:template	模板_Grid	wiki.template	模板_Grid.html	
维基:template	模板_Grid_Absolute_Baryonic_Perfection_Purification_Unit	wiki.template	模板_Grid_Absolute_Baryonic_Perfection_Purification_Unit.html	
维基:template	模板_Grid_Accelerated_Biological_Coordinator	wiki.template	模板_Grid_Accelerated_Biological_Coordinator.html	
维基:template	模板_Grid_Alchemic_Chemistry_Set	wiki.template	模板_Grid_Alchemic_Chemistry_Set.html	
维基:template	模板_Grid_AllAspectCombination	wiki.template	模板_Grid_AllAspectCombination.html	
维基:template	模板_Grid_Alloy_Blast_Smelter_GT5	wiki.template	模板_Grid_Alloy_Blast_Smelter_GT5.html	
维基:template	模板_Grid_Alloy_Blast_Smelter_GT5_doc	wiki.template	模板_Grid_Alloy_Blast_Smelter_GT5_doc.html	
维基:template	模板_Grid_Alloy_Furnace	wiki.template	模板_Grid_Alloy_Furnace.html	
维基:template	模板_Grid_Arc_Furnace	wiki.template	模板_Grid_Arc_Furnace.html	
维基:template	模板_Grid_Arcane_Infusion	wiki.template	模板_Grid_Arcane_Infusion.html	
维基:template	模板_Grid_Arcane_Worktable	wiki.template	模板_Grid_Arcane_Worktable.html	
维基:template	模板_Grid_Arcane_Worktable_doc	wiki.template	模板_Grid_Arcane_Worktable_doc.html	
维基:template	模板_Grid_Assemble-Condensate	wiki.template	模板_Grid_Assemble-Condensate.html	
维基:template	模板_Grid_Assembling_Machine	wiki.template	模板_Grid_Assembling_Machine.html	
维基:template	模板_Grid_Assembling_Machine_doc	wiki.template	模板_Grid_Assembling_Machine_doc.html	
维基:template	模板_Grid_Assembly_Line	wiki.template	模板_Grid_Assembly_Line.html	
维基:template	模板_Grid_Assembly_Line_doc	wiki.template	模板_Grid_Assembly_Line_doc.html	
维基:template	模板_Grid_Autoclave	wiki.template	模板_Grid_Autoclave.html	
维基:template	模板_Grid_Background	wiki.template	模板_Grid_Background.html	
维基:template	模板_Grid_Bacterial_Vat	wiki.template	模板_Grid_Bacterial_Vat.html	
维基:template	模板_Grid_Beam_Crafter	wiki.template	模板_Grid_Beam_Crafter.html	
维基:template	模板_Grid_Bending_Machine_GT5	wiki.template	模板_Grid_Bending_Machine_GT5.html	
维基:template	模板_Grid_Bio_Lab	wiki.template	模板_Grid_Bio_Lab.html	
维基:template	模板_Grid_Blast_Furnace_GT5	wiki.template	模板_Grid_Blast_Furnace_GT5.html	
维基:template	模板_Grid_Blast_Furnace_GT5_doc	wiki.template	模板_Grid_Blast_Furnace_GT5_doc.html	
维基:template	模板_Grid_Blood_Altar	wiki.template	模板_Grid_Blood_Altar.html	
维基:template	模板_Grid_Brewery	wiki.template	模板_Grid_Brewery.html	
维基:template	模板_Grid_Bricked_Blast_Furnace	wiki.template	模板_Grid_Bricked_Blast_Furnace.html	
维基:template	模板_Grid_COMET-Compact_Cyclotron	wiki.template	模板_Grid_COMET-Compact_Cyclotron.html	
维基:template	模板_Grid_Canning_Machine	wiki.template	模板_Grid_Canning_Machine.html	
维基:template	模板_Grid_Centrifuge	wiki.template	模板_Grid_Centrifuge.html	
维基:template	模板_Grid_Centrifuge_Singleblock	wiki.template	模板_Grid_Centrifuge_Singleblock.html	
维基:template	模板_Grid_Chemical_Bath	wiki.template	模板_Grid_Chemical_Bath.html	
维基:template	模板_Grid_Chemical_Plant	wiki.template	模板_Grid_Chemical_Plant.html	
维基:template	模板_Grid_Chemical_Reactor_GT5	wiki.template	模板_Grid_Chemical_Reactor_GT5.html	
维基:template	模板_Grid_Chemical_Reactor_GT5_doc	wiki.template	模板_Grid_Chemical_Reactor_GT5_doc.html	
维基:template	模板_Grid_Chemical_Reactor_Singleblock	wiki.template	模板_Grid_Chemical_Reactor_Singleblock.html	
维基:template	模板_Grid_Circuit_Assembling_Machine_GT5	wiki.template	模板_Grid_Circuit_Assembling_Machine_GT5.html	
维基:template	模板_Grid_Circuit_Assembling_Machine_GT5_doc	wiki.template	模板_Grid_Circuit_Assembling_Machine_GT5_doc.html	
维基:template	模板_Grid_Circuit_Assembly_Line	wiki.template	模板_Grid_Circuit_Assembly_Line.html	
维基:template	模板_Grid_Clarifier_Purification_Unit	wiki.template	模板_Grid_Clarifier_Purification_Unit.html	
维基:template	模板_Grid_Coke_Oven	wiki.template	模板_Grid_Coke_Oven.html	
维基:template	模板_Grid_Component_Assembly_Line	wiki.template	模板_Grid_Component_Assembly_Line.html	
维基:template	模板_Grid_Compressor_GT5	wiki.template	模板_Grid_Compressor_GT5.html	
维基:template	模板_Grid_Crafting_Table	wiki.template	模板_Grid_Crafting_Table.html	
维基:template	模板_Grid_Crafting_Table_doc	wiki.template	模板_Grid_Crafting_Table_doc.html	
维基:template	模板_Grid_Crop_Breeder	wiki.template	模板_Grid_Crop_Breeder.html	
维基:template	模板_Grid_Crop_Gene_Extractor	wiki.template	模板_Grid_Crop_Gene_Extractor.html	
维基:template	模板_Grid_Crop_Synthesizer	wiki.template	模板_Grid_Crop_Synthesizer.html	
维基:template	模板_Grid_CropsNHCrops	wiki.template	模板_Grid_CropsNHCrops.html	
维基:template	模板_Grid_Cropsnh_Breeding	wiki.template	模板_Grid_Cropsnh_Breeding.html	
维基:template	模板_Grid_Crucible	wiki.template	模板_Grid_Crucible.html	
维基:template	模板_Grid_Cutting_Machine	wiki.template	模板_Grid_Cutting_Machine.html	
维基:template	模板_Grid_Default	wiki.template	模板_Grid_Default.html	
维基:template	模板_Grid_Dehydrator	wiki.template	模板_Grid_Dehydrator.html	
维基:template	模板_Grid_Dehydrator_SingleBlock	wiki.template	模板_Grid_Dehydrator_SingleBlock.html	
维基:template	模板_Grid_Digester	wiki.template	模板_Grid_Digester.html	
维基:template	模板_Grid_Dimensionally_Transcendent_Plasma_Forge	wiki.template	模板_Grid_Dimensionally_Transcendent_Plasma_Forge.html	
维基:template	模板_Grid_Dimensionally_Transcendent_Plasma_Forge_doc	wiki.template	模板_Grid_Dimensionally_Transcendent_Plasma_Forge_doc.html	
维基:template	模板_Grid_Dissolution_Tank	wiki.template	模板_Grid_Dissolution_Tank.html	
维基:template	模板_Grid_Distillation_Tower	wiki.template	模板_Grid_Distillation_Tower.html	
维基:template	模板_Grid_Distillery	wiki.template	模板_Grid_Distillery.html	
维基:template	模板_Grid_Draconic_Evolution_Fusion_Crafter	wiki.template	模板_Grid_Draconic_Evolution_Fusion_Crafter.html	
维基:template	模板_Grid_Electric_Implosion_Compressor	wiki.template	模板_Grid_Electric_Implosion_Compressor.html	
维基:template	模板_Grid_Electrolyzer	wiki.template	模板_Grid_Electrolyzer.html	
维基:template	模板_Grid_Electrolyzer_Singleblock	wiki.template	模板_Grid_Electrolyzer_Singleblock.html	
维基:template	模板_Grid_Electromagnetic_Separator	wiki.template	模板_Grid_Electromagnetic_Separator.html	
维基:template	模板_Grid_Extractor	wiki.template	模板_Grid_Extractor.html	
维基:template	模板_Grid_Extreme_Crafting_Table	wiki.template	模板_Grid_Extreme_Crafting_Table.html	
维基:template	模板_Grid_Extreme_Heat_Exchanger	wiki.template	模板_Grid_Extreme_Heat_Exchanger.html	
维基:template	模板_Grid_Extreme_Temperature_Purification_Unit	wiki.template	模板_Grid_Extreme_Temperature_Purification_Unit.html	
维基:template	模板_Grid_Extruder_GT5	wiki.template	模板_Grid_Extruder_GT5.html	
维基:template	模板_Grid_Eye_of_Harmony	wiki.template	模板_Grid_Eye_of_Harmony.html	
维基:template	模板_Grid_Eye_of_Harmony_漆黑世界	wiki.template	模板_Grid_Eye_of_Harmony_漆黑世界.html	
维基:template	模板_Grid_FOGUpgrade	wiki.template	模板_Grid_FOGUpgrade.html	
维基:template	模板_Grid_Flocculation_Purification_Unit	wiki.template	模板_Grid_Flocculation_Purification_Unit.html	
维基:template	模板_Grid_Flotation_Cell_Regulator	wiki.template	模板_Grid_Flotation_Cell_Regulator.html	
维基:template	模板_Grid_Fluid_Canner	wiki.template	模板_Grid_Fluid_Canner.html	
维基:template	模板_Grid_Fluid_Extractor	wiki.template	模板_Grid_Fluid_Extractor.html	
维基:template	模板_Grid_Fluid_Heater	wiki.template	模板_Grid_Fluid_Heater.html	
维基:template	模板_Grid_Fluid_Solidifier	wiki.template	模板_Grid_Fluid_Solidifier.html	
维基:template	模板_Grid_Forge_Hammer	wiki.template	模板_Grid_Forge_Hammer.html	
维基:template	模板_Grid_Forming_Press	wiki.template	模板_Grid_Forming_Press.html	
维基:template	模板_Grid_Full-Board_Immersion_Device	wiki.template	模板_Grid_Full-Board_Immersion_Device.html	
维基:template	模板_Grid_Furnace	wiki.template	模板_Grid_Furnace.html	
维基:template	模板_Grid_Fusion_Reactor	wiki.template	模板_Grid_Fusion_Reactor.html	
维基:template	模板_Grid_GTNL-Primitive_Brick_Kiln	wiki.template	模板_Grid_GTNL-Primitive_Brick_Kiln.html	
维基:template	模板_Grid_GTNL-Steam_Carpenter	wiki.template	模板_Grid_GTNL-Steam_Carpenter.html	
维基:template	模板_Grid_GTNL-Steam_Manufacturer	wiki.template	模板_Grid_GTNL-Steam_Manufacturer.html	
维基:template	模板_Grid_GeneralMachineProcess	wiki.template	模板_Grid_GeneralMachineProcess.html	
维基:template	模板_Grid_GeneralMachineProcessPager	wiki.template	模板_Grid_GeneralMachineProcessPager.html	
维基:template	模板_Grid_Godforge_Plasma	wiki.template	模板_Grid_Godforge_Plasma.html	
维基:template	模板_Grid_HTGR	wiki.template	模板_Grid_HTGR.html	
维基:template	模板_Grid_Helioflux_Melting_Core	wiki.template	模板_Grid_Helioflux_Melting_Core.html	
维基:template	模板_Grid_Heliofusion_Exoticizer	wiki.template	模板_Grid_Heliofusion_Exoticizer.html	
维基:template	模板_Grid_Heliothermal_Plasma_Fabricator	wiki.template	模板_Grid_Heliothermal_Plasma_Fabricator.html	
维基:template	模板_Grid_High_Energy_Laser_Purification_Unit	wiki.template	模板_Grid_High_Energy_Laser_Purification_Unit.html	
维基:template	模板_Grid_Implosion_Compressor	wiki.template	模板_Grid_Implosion_Compressor.html	
维基:template	模板_Grid_Industrial_Coke_Oven	wiki.template	模板_Grid_Industrial_Coke_Oven.html	
维基:template	模板_Grid_IsaMill_Grinding_Machine	wiki.template	模板_Grid_IsaMill_Grinding_Machine.html	
维基:template	模板_Grid_Item	wiki.template	模板_Grid_Item.html	
维基:template	模板_Grid_ItemWithSlot	wiki.template	模板_Grid_ItemWithSlot.html	
维基:template	模板_Grid_Item_doc	wiki.template	模板_Grid_Item_doc.html	
维基:template	模板_Grid_Large_Naquadah_Reactor	wiki.template	模板_Grid_Large_Naquadah_Reactor.html	
维基:template	模板_Grid_Laser_Engraver	wiki.template	模板_Grid_Laser_Engraver.html	
维基:template	模板_Grid_Lathe	wiki.template	模板_Grid_Lathe.html	
维基:template	模板_Grid_Logo	wiki.template	模板_Grid_Logo.html	
维基:template	模板_Grid_Macerator	wiki.template	模板_Grid_Macerator.html	
维基:template	模板_Grid_Mass_Fabricator	wiki.template	模板_Grid_Mass_Fabricator.html	
维基:template	模板_Grid_Material_Tree_GT5	wiki.template	模板_Grid_Material_Tree_GT5.html	
维基:template	模板_Grid_Material_Tree_GT5_doc	wiki.template	模板_Grid_Material_Tree_GT5_doc.html	
维基:template	模板_Grid_Matter_Fabrication_CPU	wiki.template	模板_Grid_Matter_Fabrication_CPU.html	
维基:template	模板_Grid_Mixing_Machine_GT5	wiki.template	模板_Grid_Mixing_Machine_GT5.html	
维基:template	模板_Grid_Mixing_Machine_GT5_doc	wiki.template	模板_Grid_Mixing_Machine_GT5_doc.html	
维基:template	模板_Grid_Mixing_Machine_Singleblock	wiki.template	模板_Grid_Mixing_Machine_Singleblock.html	
维基:template	模板_Grid_Mutation_Pool	wiki.template	模板_Grid_Mutation_Pool.html	
维基:template	模板_Grid_Nano_Forge	wiki.template	模板_Grid_Nano_Forge.html	
维基:template	模板_Grid_Nanochip_Assembly_Complex	wiki.template	模板_Grid_Nanochip_Assembly_Complex.html	
维基:template	模板_Grid_Nanochip_Assembly_Matrix	wiki.template	模板_Grid_Nanochip_Assembly_Matrix.html	
维基:template	模板_Grid_Nanochip_Assembly_Matrix_doc	wiki.template	模板_Grid_Nanochip_Assembly_Matrix_doc.html	
维基:template	模板_Grid_Nanometer_Encasement_Wrapper	wiki.template	模板_Grid_Nanometer_Encasement_Wrapper.html	
维基:template	模板_Grid_Nanoprecision_Cutting_Chamber	wiki.template	模板_Grid_Nanoprecision_Cutting_Chamber.html	
维基:template	模板_Grid_Nanoprecision_Wire_Tracer	wiki.template	模板_Grid_Nanoprecision_Wire_Tracer.html	
维基:template	模板_Grid_Naquadah_Fuel_Refine_Factory	wiki.template	模板_Grid_Naquadah_Fuel_Refine_Factory.html	
维基:template	模板_Grid_Neutron_Activator	wiki.template	模板_Grid_Neutron_Activator.html	
维基:template	模板_Grid_Neutronium_Compressor	wiki.template	模板_Grid_Neutronium_Compressor.html	
维基:template	模板_Grid_Oil_Cracking_Unit	wiki.template	模板_Grid_Oil_Cracking_Unit.html	
维基:template	模板_Grid_Optically_Optimized_Organizer	wiki.template	模板_Grid_Optically_Optimized_Organizer.html	
维基:template	模板_Grid_Ore_Processing	wiki.template	模板_Grid_Ore_Processing.html	
维基:template	模板_Grid_Ozonation_Purification_Unit	wiki.template	模板_Grid_Ozonation_Purification_Unit.html	
维基:template	模板_Grid_PCB_Factory	wiki.template	模板_Grid_PCB_Factory.html	
维基:template	模板_Grid_PH_Neutralization_Purification_Unit	wiki.template	模板_Grid_PH_Neutralization_Purification_Unit.html	
维基:template	模板_Grid_Packager	wiki.template	模板_Grid_Packager.html	
维基:template	模板_Grid_Part_Preparation_Apparatus	wiki.template	模板_Grid_Part_Preparation_Apparatus.html	
维基:template	模板_Grid_Plasma_Arc_Furnace	wiki.template	模板_Grid_Plasma_Arc_Furnace.html	
维基:template	模板_Grid_Polarizer	wiki.template	模板_Grid_Polarizer.html	
维基:template	模板_Grid_Precise_Assembler	wiki.template	模板_Grid_Precise_Assembler.html	
维基:template	模板_Grid_Precise_Assembler_doc	wiki.template	模板_Grid_Precise_Assembler_doc.html	
维基:template	模板_Grid_ProgressBar	wiki.template	模板_Grid_ProgressBar.html	
维基:template	模板_Grid_Pyrolyse_Oven	wiki.template	模板_Grid_Pyrolyse_Oven.html	
维基:template	模板_Grid_Quantum_Force_Transformer	wiki.template	模板_Grid_Quantum_Force_Transformer.html	
维基:template	模板_Grid_Radio_Hatch	wiki.template	模板_Grid_Radio_Hatch.html	
维基:template	模板_Grid_Replicator	wiki.template	模板_Grid_Replicator.html	
维基:template	模板_Grid_Research_Station	wiki.template	模板_Grid_Research_Station.html	
维基:template	模板_Grid_Residuel_Decontaminant_Degasser_Purification_Unit	wiki.template	模板_Grid_Residuel_Decontaminant_Degasser_Purification_Unit.html	
维基:template	模板_Grid_Rock_Breaker	wiki.template	模板_Grid_Rock_Breaker.html	
维基:template	模板_Grid_Scanner	wiki.template	模板_Grid_Scanner.html	
维基:template	模板_Grid_Seed_Generator	wiki.template	模板_Grid_Seed_Generator.html	
维基:template	模板_Grid_Sifter	wiki.template	模板_Grid_Sifter.html	
维基:template	模板_Grid_Simple_Washer	wiki.template	模板_Grid_Simple_Washer.html	
维基:template	模板_Grid_Solar_Factory	wiki.template	模板_Grid_Solar_Factory.html	
维基:template	模板_Grid_Source_Chamber	wiki.template	模板_Grid_Source_Chamber.html	
维基:template	模板_Grid_Space_Assembler	wiki.template	模板_Grid_Space_Assembler.html	
维基:template	模板_Grid_Space_Mining	wiki.template	模板_Grid_Space_Mining.html	
维基:template	模板_Grid_Superconductive_Strand_Splitter	wiki.template	模板_Grid_Superconductive_Strand_Splitter.html	
维基:template	模板_Grid_TST-Miracle_Top	wiki.template	模板_Grid_TST-Miracle_Top.html	
维基:template	模板_Grid_Target_Chamber	wiki.template	模板_Grid_Target_Chamber.html	
维基:template	模板_Grid_Thermal_Boiler	wiki.template	模板_Grid_Thermal_Boiler.html	
维基:template	模板_Grid_Thermal_Centrifuge	wiki.template	模板_Grid_Thermal_Centrifuge.html	
维基:template	模板_Grid_Transcendent_Plasma_Mixer	wiki.template	模板_Grid_Transcendent_Plasma_Mixer.html	
维基:template	模板_Grid_Ultra-high_Energy_Etching_Array	wiki.template	模板_Grid_Ultra-high_Energy_Etching_Array.html	
维基:template	模板_Grid_Utupu-Tanuri	wiki.template	模板_Grid_Utupu-Tanuri.html	
维基:template	模板_Grid_Vacuum_Freezer_GT5	wiki.template	模板_Grid_Vacuum_Freezer_GT5.html	
维基:template	模板_Grid_Vacuum_Freezer_GT5_doc	wiki.template	模板_Grid_Vacuum_Freezer_GT5_doc.html	
维基:template	模板_Grid_Vein_Stat	wiki.template	模板_Grid_Vein_Stat.html	
维基:template	模板_Grid_Wiremill	wiki.template	模板_Grid_Wiremill.html	
维基:template	模板_Grid_Witchery_Brewing	wiki.template	模板_Grid_Witchery_Brewing.html	
维基:template	模板_Grid_Witchery_Brewing_Plus	wiki.template	模板_Grid_Witchery_Brewing_Plus.html	
维基:template	模板_Grid_doc	wiki.template	模板_Grid_doc.html	
维基:template	模板_Gsearch	wiki.template	模板_Gsearch.html	
维基:template	模板_Gsearch_doc	wiki.template	模板_Gsearch_doc.html	
维基:template	模板_H2	wiki.template	模板_H2.html	
维基:template	模板_H2_Editnotice	wiki.template	模板_H2_Editnotice.html	
维基:template	模板_H2_doc	wiki.template	模板_H2_doc.html	
维基:template	模板_HuijiCollapsed	wiki.template	模板_HuijiCollapsed.html	
维基:template	模板_HuijiCollapsed_doc	wiki.template	模板_HuijiCollapsed_doc.html	
维基:template	模板_IC门教程	wiki.template	模板_IC门教程.html	
维基:template	模板_IMP	wiki.template	模板_IMP.html	
维基:template	模板_Icon	wiki.template	模板_Icon.html	
维基:template	模板_IconItemTable	wiki.template	模板_IconItemTable.html	
维基:template	模板_IconList	wiki.template	模板_IconList.html	
维基:template	模板_Icon_doc	wiki.template	模板_Icon_doc.html	
维基:template	模板_Im	wiki.template	模板_Im.html	
维基:template	模板_Im_doc	wiki.template	模板_Im_doc.html	
维基:template	模板_ImageRichTab	wiki.template	模板_ImageRichTab.html	
维基:template	模板_Infobox	wiki.template	模板_Infobox.html	
维基:template	模板_Infobox_doc	wiki.template	模板_Infobox_doc.html	
维基:template	模板_Infobox_material	wiki.template	模板_Infobox_material.html	
维基:template	模板_Infobox_multiblock	wiki.template	模板_Infobox_multiblock.html	
维基:template	模板_Infobox_test	wiki.template	模板_Infobox_test.html	
维基:template	模板_Infobox_version	wiki.template	模板_Infobox_version.html	
维基:template	模板_Information	wiki.template	模板_Information.html	
维基:template	模板_Item	wiki.template	模板_Item.html	
维基:template	模板_ItemCarousel	wiki.template	模板_ItemCarousel.html	
维基:template	模板_ItemCarousel_doc	wiki.template	模板_ItemCarousel_doc.html	
维基:template	模板_ItemIcon	wiki.template	模板_ItemIcon.html	
维基:template	模板_ItemIconList	wiki.template	模板_ItemIconList.html	
维基:template	模板_ItemIconTable	wiki.template	模板_ItemIconTable.html	
维基:template	模板_ItemIconTemp	wiki.template	模板_ItemIconTemp.html	
维基:template	模板_ItemListVMOreEntry	wiki.template	模板_ItemListVMOreEntry.html	
维基:template	模板_ItemNameTemp	wiki.template	模板_ItemNameTemp.html	
维基:template	模板_ItemSearch	wiki.template	模板_ItemSearch.html	
维基:template	模板_ItemTemp	wiki.template	模板_ItemTemp.html	
维基:template	模板_Item模板参数	wiki.template	模板_Item模板参数.html	
维基:template	模板_Key	wiki.template	模板_Key.html	
维基:template	模板_LQT帖子已连带不同签名的用户导入	wiki.template	模板_LQT帖子已连带不同签名的用户导入.html	
维基:template	模板_LQT帖子被一名已屏蔽的用户导入	wiki.template	模板_LQT帖子被一名已屏蔽的用户导入.html	
维基:template	模板_LQT移动了帖子存档，并转换成结构化讨论	wiki.template	模板_LQT移动了帖子存档，并转换成结构化讨论.html	
维基:template	模板_LQT页面已转换为结构化讨论	wiki.template	模板_LQT页面已转换为结构化讨论.html	
维基:template	模板_LUV	wiki.template	模板_LUV.html	
维基:template	模板_Label	wiki.template	模板_Label.html	
维基:template	模板_Label_doc	wiki.template	模板_Label_doc.html	
维基:template	模板_MColor	wiki.template	模板_MColor.html	
维基:template	模板_MColor_doc	wiki.template	模板_MColor_doc.html	
维基:template	模板_ME流体输入_输出总线的单次传输数量	wiki.template	模板_ME流体输入_输出总线的单次传输数量.html	
维基:template	模板_ME源质输入_输出总线的单次传输数量	wiki.template	模板_ME源质输入_输出总线的单次传输数量.html	
维基:template	模板_ME线缆_线缆一览	wiki.template	模板_ME线缆_线缆一览.html	
维基:template	模板_ME输入_输出总线的单次传输数量	wiki.template	模板_ME输入_输出总线的单次传输数量.html	
维基:template	模板_ME（流体）输入_输出总线的传输间隔	wiki.template	模板_ME（流体）输入_输出总线的传输间隔.html	
维基:template	模板_MHV	wiki.template	模板_MHV.html	
维基:template	模板_MaterialDetails	wiki.template	模板_MaterialDetails.html	
维基:template	模板_Math	wiki.template	模板_Math.html	
维基:template	模板_MathVar	wiki.template	模板_MathVar.html	
维基:template	模板_Mbox	wiki.template	模板_Mbox.html	
维基:template	模板_Mbox_doc	wiki.template	模板_Mbox_doc.html	
维基:template	模板_Mermaid	wiki.template	模板_Mermaid.html	
维基:template	模板_Mhr	wiki.template	模板_Mhr.html	
维基:template	模板_Mhr_doc	wiki.template	模板_Mhr_doc.html	
维基:template	模板_MinecraftStyledText	wiki.template	模板_MinecraftStyledText.html	
维基:template	模板_Mod列表	wiki.template	模板_Mod列表.html	
维基:template	模板_NACnav	wiki.template	模板_NACnav.html	
维基:template	模板_NAC颜色接线表	wiki.template	模板_NAC颜色接线表.html	
维基:template	模板_NEWC	wiki.template	模板_NEWC.html	
维基:template	模板_Navbar	wiki.template	模板_Navbar.html	
维基:template	模板_Navbar_GTNH	wiki.template	模板_Navbar_GTNH.html	
维基:template	模板_Navbox	wiki.template	模板_Navbox.html	
维基:template	模板_Navbox_123T	wiki.template	模板_Navbox_123T.html	
维基:template	模板_Navbox_AE2	wiki.template	模板_Navbox_AE2.html	
维基:template	模板_Navbox_AE2_Tutorials	wiki.template	模板_Navbox_AE2_Tutorials.html	
维基:template	模板_Navbox_AE2_升级卡	wiki.template	模板_Navbox_AE2_升级卡.html	
维基:template	模板_Navbox_AE2_能源	wiki.template	模板_Navbox_AE2_能源.html	
维基:template	模板_Navbox_All_Tools	wiki.template	模板_Navbox_All_Tools.html	
维基:template	模板_Navbox_Automation	wiki.template	模板_Navbox_Automation.html	
维基:template	模板_Navbox_Avaritia	wiki.template	模板_Navbox_Avaritia.html	
维基:template	模板_Navbox_Covers	wiki.template	模板_Navbox_Covers.html	
维基:template	模板_Navbox_Draconic_Evolution	wiki.template	模板_Navbox_Draconic_Evolution.html	
维基:template	模板_Navbox_Ender_IO	wiki.template	模板_Navbox_Ender_IO.html	
维基:template	模板_Navbox_GT++	wiki.template	模板_Navbox_GT++.html	
维基:template	模板_Navbox_GTNH	wiki.template	模板_Navbox_GTNH.html	
维基:template	模板_Navbox_GTNL	wiki.template	模板_Navbox_GTNL.html	
维基:template	模板_Navbox_Hatches	wiki.template	模板_Navbox_Hatches.html	
维基:template	模板_Navbox_Material	wiki.template	模板_Navbox_Material.html	
维基:template	模板_Navbox_Mods	wiki.template	模板_Navbox_Mods.html	
维基:template	模板_Navbox_Obtainable_Objects	wiki.template	模板_Navbox_Obtainable_Objects.html	
维基:template	模板_Navbox_PH	wiki.template	模板_Navbox_PH.html	
维基:template	模板_Navbox_Production_Lines	wiki.template	模板_Navbox_Production_Lines.html	
维基:template	模板_Navbox_RemoteIO	wiki.template	模板_Navbox_RemoteIO.html	
维基:template	模板_Navbox_TST_machine	wiki.template	模板_Navbox_TST_machine.html	
维基:template	模板_Navbox_Tool	wiki.template	模板_Navbox_Tool.html	
维基:template	模板_Navbox_Utilities	wiki.template	模板_Navbox_Utilities.html	
维基:template	模板_Navbox_Witchery	wiki.template	模板_Navbox_Witchery.html	
维基:template	模板_Navbox_Worldgen	wiki.template	模板_Navbox_Worldgen.html	
维基:template	模板_Navbox_doc	wiki.template	模板_Navbox_doc.html	
维基:template	模板_Navbox_energygenerators	wiki.template	模板_Navbox_energygenerators.html	
维基:template	模板_Navbox_firstgame	wiki.template	模板_Navbox_firstgame.html	
维基:template	模板_Navbox_multiblock	wiki.template	模板_Navbox_multiblock.html	
维基:template	模板_Navbox_multiblock_Generators	wiki.template	模板_Navbox_multiblock_Generators.html	
维基:template	模板_Navbox_singleblock	wiki.template	模板_Navbox_singleblock.html	
维基:template	模板_Navbox_singleblock_Generators	wiki.template	模板_Navbox_singleblock_Generators.html	
维基:template	模板_Navbox_template	wiki.template	模板_Navbox_template.html	
维基:template	模板_Navbox_单方块机器	wiki.template	模板_Navbox_单方块机器.html	
维基:template	模板_Navbox_历史版本	wiki.template	模板_Navbox_历史版本.html	
维基:template	模板_Navbox_工艺流程与自动化	wiki.template	模板_Navbox_工艺流程与自动化.html	
维基:template	模板_Navbox_材料	wiki.template	模板_Navbox_材料.html	
维基:template	模板_Noarticletext	wiki.template	模板_Noarticletext.html	
维基:template	模板_Nowrap	wiki.template	模板_Nowrap.html	
维基:template	模板_Nowrap_doc	wiki.template	模板_Nowrap_doc.html	
维基:template	模板_OC教程	wiki.template	模板_OC教程.html	
维基:template	模板_OPTI	wiki.template	模板_OPTI.html	
维基:template	模板_Originalimg	wiki.template	模板_Originalimg.html	
维基:template	模板_Originalimg_doc	wiki.template	模板_Originalimg_doc.html	
维基:template	模板_P	wiki.template	模板_P.html	
维基:template	模板_PCBnav	wiki.template	模板_PCBnav.html	
维基:template	模板_PH通用模板	wiki.template	模板_PH通用模板.html	
维基:template	模板_PR教程	wiki.template	模板_PR教程.html	
维基:template	模板_Pcolor	wiki.template	模板_Pcolor.html	
维基:template	模板_PipeInfo	wiki.template	模板_PipeInfo.html	
维基:template	模板_Pop	wiki.template	模板_Pop.html	
维基:template	模板_Pop_doc	wiki.template	模板_Pop_doc.html	
维基:template	模板_PopupNotice	wiki.template	模板_PopupNotice.html	
维基:template	模板_PopupNotice_doc	wiki.template	模板_PopupNotice_doc.html	
维基:template	模板_PopupNotice_source	wiki.template	模板_PopupNotice_source.html	
维基:template	模板_Quote	wiki.template	模板_Quote.html	
维基:template	模板_Quote_doc	wiki.template	模板_Quote_doc.html	
维基:template	模板_Recipe	wiki.template	模板_Recipe.html	
维基:template	模板_RecipeCalculator	wiki.template	模板_RecipeCalculator.html	
维基:template	模板_RecipeCalculatorEditor	wiki.template	模板_RecipeCalculatorEditor.html	
维基:template	模板_RecipeCalculator_下界合金	wiki.template	模板_RecipeCalculator_下界合金.html	
维基:template	模板_RecipeCalculator_中子	wiki.template	模板_RecipeCalculator_中子.html	
维基:template	模板_RecipeCalculator_中子对比	wiki.template	模板_RecipeCalculator_中子对比.html	
维基:template	模板_RecipeCalculator_乙醇汽油	wiki.template	模板_RecipeCalculator_乙醇汽油.html	
维基:template	模板_RecipeCalculator_凯芙拉	wiki.template	模板_RecipeCalculator_凯芙拉.html	
维基:template	模板_RecipeCalculator_半流质重燃油	wiki.template	模板_RecipeCalculator_半流质重燃油.html	
维基:template	模板_RecipeCalculator_可再生高十六烷值柴油	wiki.template	模板_RecipeCalculator_可再生高十六烷值柴油.html	
维基:template	模板_RecipeCalculator_大众生物学_木材干馏	wiki.template	模板_RecipeCalculator_大众生物学_木材干馏.html	
维基:template	模板_RecipeCalculator_天体钨等离子体	wiki.template	模板_RecipeCalculator_天体钨等离子体.html	
维基:template	模板_RecipeCalculator_富集硅岩	wiki.template	模板_RecipeCalculator_富集硅岩.html	
维基:template	模板_RecipeCalculator_拉多X聚合物	wiki.template	模板_RecipeCalculator_拉多X聚合物.html	
维基:template	模板_RecipeCalculator_掺铈镥铝石榴石循环	wiki.template	模板_RecipeCalculator_掺铈镥铝石榴石循环.html	
维基:template	模板_RecipeCalculator_柴油	wiki.template	模板_RecipeCalculator_柴油.html	
维基:template	模板_RecipeCalculator_氟锑酸	wiki.template	模板_RecipeCalculator_氟锑酸.html	
维基:template	模板_RecipeCalculator_氧	wiki.template	模板_RecipeCalculator_氧.html	
维基:template	模板_RecipeCalculator_海晶酸	wiki.template	模板_RecipeCalculator_海晶酸.html	
维基:template	模板_RecipeCalculator_湿件线	wiki.template	模板_RecipeCalculator_湿件线.html	
维基:template	模板_RecipeCalculator_环氧树脂	wiki.template	模板_RecipeCalculator_环氧树脂.html	
维基:template	模板_RecipeCalculator_生物线	wiki.template	模板_RecipeCalculator_生物线.html	
维基:template	模板_RecipeCalculator_电路板总览计算	wiki.template	模板_RecipeCalculator_电路板总览计算.html	
维基:template	模板_RecipeCalculator_石油全裂化	wiki.template	模板_RecipeCalculator_石油全裂化.html	
维基:template	模板_RecipeCalculator_硅岩	wiki.template	模板_RecipeCalculator_硅岩.html	
维基:template	模板_RecipeCalculator_硅岩处理	wiki.template	模板_RecipeCalculator_硅岩处理.html	
维基:template	模板_RecipeCalculator_硅岩燃料	wiki.template	模板_RecipeCalculator_硅岩燃料.html	
维基:template	模板_RecipeCalculator_硅岩燃料（不裂化）	wiki.template	模板_RecipeCalculator_硅岩燃料（不裂化）.html	
维基:template	模板_RecipeCalculator_硅橡胶	wiki.template	模板_RecipeCalculator_硅橡胶.html	
维基:template	模板_RecipeCalculator_硝基苯	wiki.template	模板_RecipeCalculator_硝基苯.html	
维基:template	模板_RecipeCalculator_稀土处理_二氧化铈分支	wiki.template	模板_RecipeCalculator_稀土处理_二氧化铈分支.html	
维基:template	模板_RecipeCalculator_稀土处理_氟碳镧铈主线	wiki.template	模板_RecipeCalculator_稀土处理_氟碳镧铈主线.html	
维基:template	模板_RecipeCalculator_稀土处理_独居石主线	wiki.template	模板_RecipeCalculator_稀土处理_独居石主线.html	
维基:template	模板_RecipeCalculator_稀土处理_简单钐精粉	wiki.template	模板_RecipeCalculator_稀土处理_简单钐精粉.html	
维基:template	模板_RecipeCalculator_稀土处理_钐稀土精粉分支	wiki.template	模板_RecipeCalculator_稀土处理_钐稀土精粉分支.html	
维基:template	模板_RecipeCalculator_稀土处理_钐精粉主线	wiki.template	模板_RecipeCalculator_稀土处理_钐精粉主线.html	
维基:template	模板_RecipeCalculator_稀土处理_钕稀土精粉分支	wiki.template	模板_RecipeCalculator_稀土处理_钕稀土精粉分支.html	
维基:template	模板_RecipeCalculator_稀土处理_铕钐钆	wiki.template	模板_RecipeCalculator_稀土处理_铕钐钆.html	
维基:template	模板_RecipeCalculator_稀土处理_铪锆分支	wiki.template	模板_RecipeCalculator_稀土处理_铪锆分支.html	
维基:template	模板_RecipeCalculator_绿色高十六烷值柴油	wiki.template	模板_RecipeCalculator_绿色高十六烷值柴油.html	
维基:template	模板_RecipeCalculator_聚苯并咪唑	wiki.template	模板_RecipeCalculator_聚苯并咪唑.html	
维基:template	模板_RecipeCalculator_苯	wiki.template	模板_RecipeCalculator_苯.html	
维基:template	模板_RecipeCalculator_超维度等离子催化剂	wiki.template	模板_RecipeCalculator_超维度等离子催化剂.html	
维基:template	模板_RecipeCalculator_超能硅岩	wiki.template	模板_RecipeCalculator_超能硅岩.html	
维基:template	模板_RecipeCalculator_轻燃油	wiki.template	模板_RecipeCalculator_轻燃油.html	
维基:template	模板_RecipeCalculator_量子反常	wiki.template	模板_RecipeCalculator_量子反常.html	
维基:template	模板_RecipeCalculator_金红石	wiki.template	模板_RecipeCalculator_金红石.html	
维基:template	模板_RecipeCalculator_钌	wiki.template	模板_RecipeCalculator_钌.html	
维基:template	模板_RecipeCalculator_钨	wiki.template	模板_RecipeCalculator_钨.html	
维基:template	模板_RecipeCalculator_钫	wiki.template	模板_RecipeCalculator_钫.html	
维基:template	模板_RecipeCalculator_钯	wiki.template	模板_RecipeCalculator_钯.html	
维基:template	模板_RecipeCalculator_铂	wiki.template	模板_RecipeCalculator_铂.html	
维基:template	模板_RecipeCalculator_铂处理	wiki.template	模板_RecipeCalculator_铂处理.html	
维基:template	模板_RecipeCalculator_铂渣	wiki.template	模板_RecipeCalculator_铂渣.html	
维基:template	模板_RecipeCalculator_铑	wiki.template	模板_RecipeCalculator_铑.html	
维基:template	模板_RecipeCalculator_铟富集溶液	wiki.template	模板_RecipeCalculator_铟富集溶液.html	
维基:template	模板_RecipeCalculator_铟富集溶液（CropsNH）	wiki.template	模板_RecipeCalculator_铟富集溶液（CropsNH）.html	
维基:template	模板_RecipeCalculator_铱	wiki.template	模板_RecipeCalculator_铱.html	
维基:template	模板_RecipeCalculator_锇	wiki.template	模板_RecipeCalculator_锇.html	
维基:template	模板_RecipeCalculator_锌钍合金线	wiki.template	模板_RecipeCalculator_锌钍合金线.html	
维基:template	模板_RecipeCalculator_高十六烷值柴油	wiki.template	模板_RecipeCalculator_高十六烷值柴油.html	
维基:template	模板_RecipeCalculator_高级电路板	wiki.template	模板_RecipeCalculator_高级电路板.html	
维基:template	模板_RecipeCalculator_高辛烷值汽油	wiki.template	模板_RecipeCalculator_高辛烷值汽油.html	
维基:template	模板_Reflist	wiki.template	模板_Reflist.html	
维基:template	模板_Reflist_doc	wiki.template	模板_Reflist_doc.html	
维基:template	模板_RemoteIO	wiki.template	模板_RemoteIO.html	
维基:template	模板_RichTab	wiki.template	模板_RichTab.html	
维基:template	模板_RichTab_doc	wiki.template	模板_RichTab_doc.html	
维基:template	模板_Row	wiki.template	模板_Row.html	
维基:template	模板_Row-h	wiki.template	模板_Row-h.html	
维基:template	模板_S2CB	wiki.template	模板_S2CB.html	
维基:template	模板_SEnav	wiki.template	模板_SEnav.html	
维基:template	模板_Showcase	wiki.template	模板_Showcase.html	
维基:template	模板_Stone_steam_age	wiki.template	模板_Stone_steam_age.html	
维基:template	模板_Switcher	wiki.template	模板_Switcher.html	
维基:template	模板_Switcher_entrance	wiki.template	模板_Switcher_entrance.html	
维基:template	模板_Switcher_field	wiki.template	模板_Switcher_field.html	
维基:template	模板_Switcher_tab	wiki.template	模板_Switcher_tab.html	
维基:template	模板_T	wiki.template	模板_T.html	
维基:template	模板_TST多方块结构	wiki.template	模板_TST多方块结构.html	
维基:template	模板_Tabber	wiki.template	模板_Tabber.html	
维基:template	模板_Tablee	wiki.template	模板_Tablee.html	
维基:template	模板_Tables	wiki.template	模板_Tables.html	
维基:template	模板_Tables_doc	wiki.template	模板_Tables_doc.html	
维基:template	模板_Thumb	wiki.template	模板_Thumb.html	
维基:template	模板_Tier	wiki.template	模板_Tier.html	
维基:template	模板_TimelineItem	wiki.template	模板_TimelineItem.html	
维基:template	模板_Tip	wiki.template	模板_Tip.html	
维基:template	模板_Tip_doc	wiki.template	模板_Tip_doc.html	
维基:template	模板_Tl	wiki.template	模板_Tl.html	
维基:template	模板_Todolist	wiki.template	模板_Todolist.html	
维基:template	模板_Todolist_doc	wiki.template	模板_Todolist_doc.html	
维基:template	模板_TooltipStyle	wiki.template	模板_TooltipStyle.html	
维基:template	模板_Tooltips	wiki.template	模板_Tooltips.html	
维基:template	模板_TopPages	wiki.template	模板_TopPages.html	
维基:template	模板_USERNAME	wiki.template	模板_USERNAME.html	
维基:template	模板_User	wiki.template	模板_User.html	
维基:template	模板_UserVote	wiki.template	模板_UserVote.html	
维基:template	模板_Version	wiki.template	模板_Version.html	
维基:template	模板_Waterlinenav	wiki.template	模板_Waterlinenav.html	
维基:template	模板_丁苯橡胶与硅橡胶对比	wiki.template	模板_丁苯橡胶与硅橡胶对比.html	
维基:template	模板_上传结构文件	wiki.template	模板_上传结构文件.html	
维基:template	模板_下载链接	wiki.template	模板_下载链接.html	
维基:template	模板_主条目	wiki.template	模板_主条目.html	
维基:template	模板_今日吐槽	wiki.template	模板_今日吐槽.html	
维基:template	模板_从Wiki文本讨论页转换为结构化讨论页面	wiki.template	模板_从Wiki文本讨论页转换为结构化讨论页面.html	
维基:template	模板_仓室	wiki.template	模板_仓室.html	
维基:template	模板_代码展示	wiki.template	模板_代码展示.html	
维基:template	模板_优质模板	wiki.template	模板_优质模板.html	
维基:template	模板_你知道吗	wiki.template	模板_你知道吗.html	
维基:template	模板_保护	wiki.template	模板_保护.html	
维基:template	模板_保护_doc	wiki.template	模板_保护_doc.html	
维基:template	模板_元素单元格	wiki.template	模板_元素单元格.html	
维基:template	模板_元素周期表	wiki.template	模板_元素周期表.html	
维基:template	模板_元素周期表-简化	wiki.template	模板_元素周期表-简化.html	
维基:template	模板_其他链接	wiki.template	模板_其他链接.html	
维基:template	模板_分栏	wiki.template	模板_分栏.html	
维基:template	模板_分栏_doc	wiki.template	模板_分栏_doc.html	
维基:template	模板_前置内容	wiki.template	模板_前置内容.html	
维基:template	模板_功率IC表格	wiki.template	模板_功率IC表格.html	
维基:template	模板_加入我们	wiki.template	模板_加入我们.html	
维基:template	模板_匠魂材料_数据_表格	wiki.template	模板_匠魂材料_数据_表格.html	
维基:template	模板_单方块机器	wiki.template	模板_单方块机器.html	
维基:template	模板_单方块机器_doc	wiki.template	模板_单方块机器_doc.html	
维基:template	模板_单方块机器列表	wiki.template	模板_单方块机器列表.html	
维基:template	模板_单方块机器列表_doc	wiki.template	模板_单方块机器列表_doc.html	
维基:template	模板_历史版本	wiki.template	模板_历史版本.html	
维基:template	模板_发电线路雷达图	wiki.template	模板_发电线路雷达图.html	
维基:template	模板_可添加MOD表格行	wiki.template	模板_可添加MOD表格行.html	
维基:template	模板_可添加MOD表格行_头	wiki.template	模板_可添加MOD表格行_头.html	
维基:template	模板_可获得对象	wiki.template	模板_可获得对象.html	
维基:template	模板_图片框架	wiki.template	模板_图片框架.html	
维基:template	模板_地点信息	wiki.template	模板_地点信息.html	
维基:template	模板_地点信息_doc	wiki.template	模板_地点信息_doc.html	
维基:template	模板_基础概念	wiki.template	模板_基础概念.html	
维基:template	模板_基础语法	wiki.template	模板_基础语法.html	
维基:template	模板_处理器	wiki.template	模板_处理器.html	
维基:template	模板_外部来源	wiki.template	模板_外部来源.html	
维基:template	模板_多方块结构	wiki.template	模板_多方块结构.html	
维基:template	模板_多方块结构_preload	wiki.template	模板_多方块结构_preload.html	
维基:template	模板_大型变更	wiki.template	模板_大型变更.html	
维基:template	模板_实用作物一览	wiki.template	模板_实用作物一览.html	
维基:template	模板_实用工具	wiki.template	模板_实用工具.html	
维基:template	模板_实用工具卡	wiki.template	模板_实用工具卡.html	
维基:template	模板_实用工具标注	wiki.template	模板_实用工具标注.html	
维基:template	模板_导线与线缆	wiki.template	模板_导线与线缆.html	
维基:template	模板_工具	wiki.template	模板_工具.html	
维基:template	模板_工具卡片	wiki.template	模板_工具卡片.html	
维基:template	模板_工具详情	wiki.template	模板_工具详情.html	
维基:template	模板_工艺_页眉	wiki.template	模板_工艺_页眉.html	
维基:template	模板_工艺_页脚	wiki.template	模板_工艺_页脚.html	
维基:template	模板_工艺流程	wiki.template	模板_工艺流程.html	
维基:template	模板_已弃用	wiki.template	模板_已弃用.html	
维基:template	模板_已归档	wiki.template	模板_已归档.html	
维基:template	模板_已转换的LQT页面的存档	wiki.template	模板_已转换的LQT页面的存档.html	
维基:template	模板_已锁定	wiki.template	模板_已锁定.html	
维基:template	模板_废案	wiki.template	模板_废案.html	
维基:template	模板_建站进度	wiki.template	模板_建站进度.html	
维基:template	模板_建站进度条	wiki.template	模板_建站进度条.html	
维基:template	模板_建站进度条_doc	wiki.template	模板_建站进度条_doc.html	
维基:template	模板_开始游戏	wiki.template	模板_开始游戏.html	
维基:template	模板_异步加载页面	wiki.template	模板_异步加载页面.html	
维基:template	模板_弹窗通知	wiki.template	模板_弹窗通知.html	
维基:template	模板_指导步骤	wiki.template	模板_指导步骤.html	
维基:template	模板_指导步骤普适	wiki.template	模板_指导步骤普适.html	
维基:template	模板_提示氧化铪与铪	wiki.template	模板_提示氧化铪与铪.html	
维基:template	模板_搅拌烧制冷却流程	wiki.template	模板_搅拌烧制冷却流程.html	
维基:template	模板_教程	wiki.template	模板_教程.html	
维基:template	模板_教程编写规范	wiki.template	模板_教程编写规范.html	
维基:template	模板_数据库支持	wiki.template	模板_数据库支持.html	
维基:template	模板_新站任务	wiki.template	模板_新站任务.html	
维基:template	模板_时间轴	wiki.template	模板_时间轴.html	
维基:template	模板_星系_行星	wiki.template	模板_星系_行星.html	
维基:template	模板_星门_RF星门能量单元	wiki.template	模板_星门_RF星门能量单元.html	
维基:template	模板_星门_星门外环方块	wiki.template	模板_星门_星门外环方块.html	
维基:template	模板_星门_星门导标方块	wiki.template	模板_星门_星门导标方块.html	
维基:template	模板_星门_星门底座方块	wiki.template	模板_星门_星门底座方块.html	
维基:template	模板_星门_星门控制器	wiki.template	模板_星门_星门控制器.html	
维基:template	模板_晶圆切割一览	wiki.template	模板_晶圆切割一览.html	
维基:template	模板_晶圆蚀刻一览	wiki.template	模板_晶圆蚀刻一览.html	
维基:template	模板_晶圆页头	wiki.template	模板_晶圆页头.html	
维基:template	模板_更新定位	wiki.template	模板_更新定位.html	
维基:template	模板_更新日志前言	wiki.template	模板_更新日志前言.html	
维基:template	模板_最受好评	wiki.template	模板_最受好评.html	
维基:template	模板_最新博客	wiki.template	模板_最新博客.html	
维基:template	模板_最新状况	wiki.template	模板_最新状况.html	
维基:template	模板_最近编辑	wiki.template	模板_最近编辑.html	
维基:template	模板_机械方块与机器外壳_机器外壳	wiki.template	模板_机械方块与机器外壳_机器外壳.html	
维基:template	模板_机械方块与机器外壳_机械方块	wiki.template	模板_机械方块与机器外壳_机械方块.html	
维基:template	模板_材料	wiki.template	模板_材料.html	
维基:template	模板_材料_显示	wiki.template	模板_材料_显示.html	
维基:template	模板_材料属性	wiki.template	模板_材料属性.html	
维基:template	模板_来自已转换的wiki文本讨论页的存档	wiki.template	模板_来自已转换的wiki文本讨论页的存档.html	
维基:template	模板_查看更多	wiki.template	模板_查看更多.html	
维基:template	模板_标准最大输电距离	wiki.template	模板_标准最大输电距离.html	
维基:template	模板_格式化数值	wiki.template	模板_格式化数值.html	
维基:template	模板_正在施工	wiki.template	模板_正在施工.html	
维基:template	模板_正在施工_doc	wiki.template	模板_正在施工_doc.html	
维基:template	模板_汉化进度条	wiki.template	模板_汉化进度条.html	
维基:template	模板_消歧义	wiki.template	模板_消歧义.html	
维基:template	模板_消歧义_doc	wiki.template	模板_消歧义_doc.html	
维基:template	模板_消歧义页	wiki.template	模板_消歧义页.html	
维基:template	模板_消歧义页_doc	wiki.template	模板_消歧义页_doc.html	
维基:template	模板_渲染器	wiki.template	模板_渲染器.html	
维基:template	模板_源室粒子一览	wiki.template	模板_源室粒子一览.html	
维基:template	模板_热容转换线圈等级	wiki.template	模板_热容转换线圈等级.html	
维基:template	模板_燃气转子数据表	wiki.template	模板_燃气转子数据表.html	
维基:template	模板_电压等级	wiki.template	模板_电压等级.html	
维基:template	模板_电压等级转换	wiki.template	模板_电压等级转换.html	
维基:template	模板_电压缩写转换	wiki.template	模板_电压缩写转换.html	
维基:template	模板_电子元件表格	wiki.template	模板_电子元件表格.html	
维基:template	模板_电路板页头	wiki.template	模板_电路板页头.html	
维基:template	模板_相关内容	wiki.template	模板_相关内容.html	
维基:template	模板_石油化工与大众生物学对比	wiki.template	模板_石油化工与大众生物学对比.html	
维基:template	模板_石油工业_加氢裂化	wiki.template	模板_石油工业_加氢裂化.html	
维基:template	模板_石油工业_蒸汽裂化	wiki.template	模板_石油工业_蒸汽裂化.html	
维基:template	模板_石油工业与大众生物学对比	wiki.template	模板_石油工业与大众生物学对比.html	
维基:template	模板_磁物质材料清单	wiki.template	模板_磁物质材料清单.html	
维基:template	模板_站点数据	wiki.template	模板_站点数据.html	
维基:template	模板_站点数据_doc	wiki.template	模板_站点数据_doc.html	
维基:template	模板_等离子转子数据表	wiki.template	模板_等离子转子数据表.html	
维基:template	模板_简介	wiki.template	模板_简介.html	
维基:template	模板_简单折叠	wiki.template	模板_简单折叠.html	
维基:template	模板_简并夸克胶子等离子体材料清单	wiki.template	模板_简并夸克胶子等离子体材料清单.html	
维基:template	模板_粒子表格	wiki.template	模板_粒子表格.html	
维基:template	模板_精选页面	wiki.template	模板_精选页面.html	
维基:template	模板_线圈等级表格	wiki.template	模板_线圈等级表格.html	
维基:template	模板_结构工作台	wiki.template	模板_结构工作台.html	
维基:template	模板_维度导航	wiki.template	模板_维度导航.html	
维基:template	模板_编辑动态	wiki.template	模板_编辑动态.html	
维基:template	模板_缩略图	wiki.template	模板_缩略图.html	
维基:template	模板_翻译来源	wiki.template	模板_翻译来源.html	
维基:template	模板_胶囊导航	wiki.template	模板_胶囊导航.html	
维基:template	模板_自动化控制	wiki.template	模板_自动化控制.html	
维基:template	模板_获取电压等级	wiki.template	模板_获取电压等级.html	
维基:template	模板_蒸汽转子数据表	wiki.template	模板_蒸汽转子数据表.html	
维基:template	模板_要素一览	wiki.template	模板_要素一览.html	
维基:template	模板_覆盖板	wiki.template	模板_覆盖板.html	
维基:template	模板_角色信息	wiki.template	模板_角色信息.html	
维基:template	模板_角色信息_doc	wiki.template	模板_角色信息_doc.html	
维基:template	模板_角色信息_preload	wiki.template	模板_角色信息_preload.html	
维基:template	模板_警告提醒	wiki.template	模板_警告提醒.html	
维基:template	模板_论坛动态	wiki.template	模板_论坛动态.html	
维基:template	模板_请求来源	wiki.template	模板_请求来源.html	
维基:template	模板_请求来源_doc	wiki.template	模板_请求来源_doc.html	
维基:template	模板_资料索引	wiki.template	模板_资料索引.html	
维基:template	模板_进度条	wiki.template	模板_进度条.html	
维基:template	模板_进度条_doc	wiki.template	模板_进度条_doc.html	
维基:template	模板_适用投影仪	wiki.template	模板_适用投影仪.html	
维基:template	模板_透镜页头	wiki.template	模板_透镜页头.html	
维基:template	模板_配方搜索	wiki.template	模板_配方搜索.html	
维基:template	模板_配方搜索_doc	wiki.template	模板_配方搜索_doc.html	
维基:template	模板_阶段	wiki.template	模板_阶段.html	
维基:template	模板_阶段_阶段导览	wiki.template	模板_阶段_阶段导览.html	
维基:template	模板_阶段_阶段指导	wiki.template	模板_阶段_阶段指导.html	
维基:template	模板_阶段_阶段指导页脚	wiki.template	模板_阶段_阶段指导页脚.html	
维基:template	模板_阶段导览	wiki.template	模板_阶段导览.html	
维基:template	模板_需要修正	wiki.template	模板_需要修正.html	
维基:template	模板_需要合并	wiki.template	模板_需要合并.html	
维基:template	模板_需要帮助	wiki.template	模板_需要帮助.html	
维基:template	模板_需要帮助_doc	wiki.template	模板_需要帮助_doc.html	
维基:template	模板_需要扩展	wiki.template	模板_需要扩展.html	
维基:template	模板_需要拆分	wiki.template	模板_需要拆分.html	
维基:template	模板_需要拓展	wiki.template	模板_需要拓展.html	
维基:template	模板_需要更新	wiki.template	模板_需要更新.html	
维基:template	模板_需要更新_doc	wiki.template	模板_需要更新_doc.html	
维基:template	模板_需要校对	wiki.template	模板_需要校对.html	
维基:template	模板_需要校对_doc	wiki.template	模板_需要校对_doc.html	
维基:template	模板_需要翻译	wiki.template	模板_需要翻译.html	
维基:template	模板_需要翻译_doc	wiki.template	模板_需要翻译_doc.html	
维基:template	模板_非原版内容	wiki.template	模板_非原版内容.html	
维基:template	模板_非原版内容_123T	wiki.template	模板_非原版内容_123T.html	
维基:template	模板_非原版内容_GTNL	wiki.template	模板_非原版内容_GTNL.html	
维基:template	模板_非原版内容_PH	wiki.template	模板_非原版内容_PH.html	
维基:template	模板_非原版内容_TST	wiki.template	模板_非原版内容_TST.html	
维基:template	模板_页面浏览榜单	wiki.template	模板_页面浏览榜单.html	
维基:template	模板_首页内容	wiki.template	模板_首页内容.html	
维基:template	模板_首页内容_doc	wiki.template	模板_首页内容_doc.html	
维基:template	模板_首页正中	wiki.template	模板_首页正中.html	
维基:template	模板_首页页头	wiki.template	模板_首页页头.html	
维基:template	模板_首页页头_doc	wiki.template	模板_首页页头_doc.html	
维基:template	模板_鸿蒙升级表	wiki.template	模板_鸿蒙升级表.html	
维基:template	模板_黑幕	wiki.template	模板_黑幕.html	
维基:template	模板_黑幕_doc	wiki.template	模板_黑幕_doc.html	
维基:template	模板_龙之研究	wiki.template	模板_龙之研究.html	
